Date,Symbol,Adj Close,Close,High,Low,Open,Volume
2010-01-04,PETR4,15.79229736328125,37.31999969482422,37.31999969482422,36.81999969482422,36.95000076293945,13303600.0
2010-01-05,PETR4,15.656882286071776,37.0,37.43000030517578,36.79999923706055,37.380001068115234,21396400.0
2010-01-06,PETR4,15.868463516235352,37.5,37.5,36.79999923706055,36.79999923706055,18720600.0
2010-01-07,PETR4,15.720359802246094,37.150001525878906,37.45000076293945,37.06999969482422,37.27000045776367,10964600.0
2010-01-08,PETR4,15.63572597503662,36.95000076293945,37.38999938964844,36.86000061035156,37.15999984741211,14624200.0
2010-01-11,PETR4,15.584942817687988,36.83000183105469,37.34000015258789,36.619998931884766,37.209999084472656,15317700.0
2010-01-12,PETR4,15.386063575744627,36.36000061035156,36.68000030517578,36.040000915527344,36.59000015258789,14886200.0
2010-01-13,PETR4,15.360673904418944,36.29999923706055,36.7400016784668,35.84000015258789,36.560001373291016,23228200.0
2010-01-14,PETR4,15.09408187866211,35.66999816894531,36.459999084472656,35.560001373291016,36.27999877929688,20073400.0
2010-01-15,PETR4,15.127938270568848,35.75,36.09999847412109,35.5099983215332,35.56999969482422,21169000.0
2010-01-18,PETR4,15.466466903686523,36.54999923706055,36.66999816894531,35.77000045776367,35.900001525878906,23168400.0
2010-01-19,PETR4,15.394527435302734,36.380001068115234,36.650001525878906,36.2400016784668,36.45000076293945,16895900.0
2010-01-20,PETR4,15.000988960266112,35.45000076293945,36.150001525878906,35.2599983215332,36.09999847412109,18757500.0
2010-01-21,PETR4,14.527050971984863,34.33000183105469,35.70000076293945,34.290000915527344,35.58000183105469,24553000.0
2010-01-22,PETR4,14.704778671264648,34.75,34.79999923706055,34.060001373291016,34.11000061035156,19025100.0
2010-01-26,PETR4,14.345094680786133,33.900001525878906,34.34000015258789,33.650001525878906,34.290000915527344,20281200.0
2010-01-27,PETR4,14.433955192565918,34.11000061035156,34.290000915527344,33.5099983215332,33.900001525878906,19908600.0
2010-01-28,PETR4,14.645532608032228,34.61000061035156,34.689998626708984,33.869998931884766,34.599998474121094,13819200.0
2010-01-29,PETR4,14.459344863891602,34.16999816894531,35.04999923706055,33.93000030517578,34.779998779296875,16106700.0
2010-02-01,PETR4,14.514358520507812,34.29999923706055,34.4900016784668,33.900001525878906,34.290000915527344,15869300.0
2010-02-02,PETR4,14.429723739624023,34.099998474121094,34.66999816894531,34.060001373291016,34.5099983215332,15289600.0
2010-02-03,PETR4,14.40433406829834,34.040000915527344,34.18000030517578,33.72999954223633,34.04999923706055,16091200.0
2010-02-04,PETR4,13.668034553527832,32.29999923706055,33.939998626708984,32.119998931884766,33.84000015258789,24280300.0
2010-02-05,PETR4,13.337973594665527,31.520000457763672,32.27000045776367,30.71999931335449,31.799999237060547,29033800.0
2010-02-08,PETR4,13.431066513061523,31.739999771118164,32.2599983215332,31.420000076293945,31.799999237060547,18684700.0
2010-02-09,PETR4,13.64264965057373,32.2400016784668,32.68000030517578,32.099998474121094,32.20000076293945,18104200.0
2010-02-10,PETR4,13.811912536621094,32.63999938964844,32.72999954223633,31.770000457763672,32.33000183105469,21909900.0
2010-02-11,PETR4,14.11658763885498,33.36000061035156,33.470001220703125,32.72999954223633,32.88999938964844,24110900.0
2010-02-12,PETR4,14.302776336669922,33.79999923706055,34.02000045776367,32.95000076293945,33.0,19127100.0
2010-02-17,PETR4,14.49320125579834,34.25,34.5,34.029998779296875,34.38999938964844,16622400.0
2010-02-18,PETR4,14.679390907287598,34.689998626708984,34.689998626708984,33.81999969482422,34.2400016784668,17017800.0
2010-02-19,PETR4,14.535513877868652,34.349998474121094,34.650001525878906,34.15999984741211,34.41999816894531,11889400.0
2010-02-22,PETR4,14.662463188171388,34.650001525878906,34.88999938964844,34.40999984741211,34.5,19817500.0
2010-02-23,PETR4,14.467809677124023,34.189998626708984,34.650001525878906,34.0,34.40999984741211,16937500.0
2010-02-24,PETR4,14.362015724182127,33.939998626708984,34.349998474121094,33.63999938964844,34.290000915527344,13563100.0
2010-02-25,PETR4,14.548208236694336,34.380001068115234,34.5,33.2599983215332,33.47999954223633,18650100.0
2010-02-26,PETR4,14.645532608032228,34.61000061035156,34.75,34.209999084472656,34.59000015258789,17804300.0
2010-03-01,PETR4,14.7809476852417,34.93000030517578,35.04999923706055,34.41999816894531,34.81999969482422,16959300.0
2010-03-02,PETR4,14.861351013183594,35.119998931884766,35.52000045776367,35.119998931884766,35.25,17108100.0
2010-03-03,PETR4,14.874040603637695,35.150001525878906,35.81999969482422,35.04999923706055,35.279998779296875,19957600.0
2010-03-04,PETR4,14.895197868347168,35.20000076293945,35.4900016784668,34.810001373291016,35.38999938964844,14068900.0
2010-03-05,PETR4,15.153329849243164,35.810001373291016,35.91999816894531,35.400001525878906,35.689998626708984,28235000.0
2010-03-08,PETR4,15.106778144836426,35.70000076293945,35.9900016784668,35.40999984741211,35.939998626708984,15902100.0
2010-03-09,PETR4,15.445308685302734,36.5,36.84999847412109,35.459999084472656,35.5,68696600.0
2010-03-10,PETR4,15.656882286071776,37.0,37.15999984741211,36.650001525878906,36.880001068115234,32196400.0
2010-03-11,PETR4,15.678041458129885,37.04999923706055,37.470001220703125,36.810001373291016,36.93000030517578,19449600.0
2010-03-12,PETR4,15.682275772094728,37.060001373291016,37.40999984741211,37.060001373291016,37.20000076293945,13940300.0
2010-03-15,PETR4,15.55955696105957,36.77000045776367,37.22999954223633,36.470001220703125,36.7599983215332,19839600.0
2010-03-16,PETR4,15.745747566223145,37.209999084472656,37.209999084472656,36.70000076293945,36.93000030517578,12807500.0
2010-03-17,PETR4,15.720359802246094,37.150001525878906,37.47999954223633,36.93000030517578,37.43000030517578,10298100.0
2010-03-18,PETR4,15.665348052978516,37.02000045776367,37.400001525878906,36.7599983215332,37.13999938964844,12061700.0
2010-03-19,PETR4,15.331053733825684,36.22999954223633,37.09000015258789,36.15999984741211,37.0,24306500.0
2010-03-22,PETR4,15.335286140441896,36.2400016784668,36.36000061035156,35.5,35.61000061035156,13489200.0
2010-03-23,PETR4,15.157559394836426,35.81999969482422,36.41999816894531,35.709999084472656,36.380001068115234,17207000.0
2010-03-24,PETR4,15.271810531616213,36.09000015258789,36.56999969482422,35.599998474121094,35.79999923706055,18683500.0
2010-03-25,PETR4,14.895197868347168,35.20000076293945,36.43000030517578,35.20000076293945,36.33000183105469,17698800.0
2010-03-26,PETR4,14.598987579345703,34.5,35.54999923706055,34.29999923706055,35.40999984741211,28820300.0
2010-03-29,PETR4,14.768254280090332,34.900001525878906,35.20000076293945,34.119998931884766,34.7400016784668,19312800.0
2010-03-30,PETR4,14.72593593597412,34.79999923706055,35.29999923706055,34.7599983215332,35.09000015258789,12365900.0
2010-03-31,PETR4,14.97559928894043,35.38999938964844,35.38999938964844,34.5099983215332,34.599998474121094,16551700.0
2010-04-01,PETR4,15.127938270568848,35.75,35.900001525878906,35.54999923706055,35.65999984741211,13721900.0
2010-04-05,PETR4,15.237958908081056,36.0099983215332,36.25,35.81999969482422,35.95000076293945,12120300.0
2010-04-06,PETR4,15.267574310302734,36.08000183105469,36.40999984741211,35.83000183105469,35.91999816894531,13410200.0
2010-04-07,PETR4,15.149091720581056,35.79999923706055,36.2400016784668,35.59000015258789,35.939998626708984,15079400.0
2010-04-08,PETR4,15.153329849243164,35.810001373291016,35.900001525878906,35.459999084472656,35.58000183105469,13552100.0
2010-04-09,PETR4,14.907894134521484,35.22999954223633,36.09000015258789,35.22999954223633,35.79999923706055,17017800.0
2010-04-12,PETR4,14.552435874938965,34.38999938964844,35.43000030517578,34.279998779296875,35.25,29883800.0
2010-04-13,PETR4,14.467809677124023,34.189998626708984,34.59000015258789,33.900001525878906,34.470001220703125,19661600.0
2010-04-14,PETR4,14.49320125579834,34.25,34.4900016784668,34.04999923706055,34.29999923706055,17377900.0
2010-04-15,PETR4,14.218145370483398,33.599998474121094,34.45000076293945,33.540000915527344,34.279998779296875,43408800.0
2010-04-16,PETR4,13.943090438842772,32.95000076293945,33.58000183105469,32.720001220703125,33.5,48889400.0
2010-04-19,PETR4,14.196986198425291,33.54999923706055,33.54999923706055,32.5099983215332,32.599998474121094,23996300.0
2010-04-20,PETR4,14.514358520507812,34.29999923706055,34.29999923706055,33.79999923706055,33.79999923706055,22158800.0
2010-04-22,PETR4,14.328168869018556,33.86000061035156,34.040000915527344,33.40999984741211,33.900001525878906,19873300.0
2010-04-23,PETR4,14.444231033325195,34.0,34.0,33.540000915527344,33.56999969482422,12312800.0
2010-04-26,PETR4,14.151094436645508,33.310001373291016,34.18000030517578,33.310001373291016,34.099998474121094,13810200.0
2010-04-27,PETR4,13.637054443359377,32.099998474121094,33.099998474121094,32.099998474121094,33.06999969482422,23019700.0
2010-04-28,PETR4,13.760248184204102,32.38999938964844,33.0,31.89999961853028,32.31999969482422,17380900.0
2010-04-29,PETR4,14.027897834777832,33.02000045776367,33.099998474121094,32.52000045776367,32.84000015258789,11932800.0
2010-04-30,PETR4,13.93443489074707,32.79999923706055,33.20000076293945,32.560001373291016,32.810001373291016,15687800.0
2010-05-03,PETR4,13.38215446472168,31.5,32.630001068115234,31.459999084472656,32.54999923706055,28849400.0
2010-05-04,PETR4,12.93183422088623,30.440000534057617,31.270000457763672,29.90999984741211,31.200000762939453,39268400.0
2010-05-05,PETR4,12.834120750427246,30.209999084472656,30.809999465942383,29.76000022888184,30.0,29471100.0
2010-05-06,PETR4,12.664190292358398,29.809999465942383,30.780000686645508,28.299999237060547,30.09000015258789,32015500.0
2010-05-07,PETR4,12.638701438903809,29.75,30.309999465942383,29.13999938964844,29.989999771118164,24546000.0
2010-05-10,PETR4,12.808632850646973,30.14999961853028,31.100000381469727,30.14999961853028,31.0,20988100.0
2010-05-11,PETR4,12.583471298217772,29.6200008392334,30.280000686645508,29.600000381469727,29.81999969482422,17334600.0
2010-05-12,PETR4,12.70242691040039,29.89999961853028,30.0,29.670000076293945,29.950000762939453,15380800.0
2010-05-13,PETR4,12.744908332824709,30.0,30.40999984741211,29.950000762939453,30.200000762939453,16122900.0
2010-05-14,PETR4,12.783143043518066,30.09000015258789,30.100000381469727,29.309999465942383,29.790000915527344,24270200.0
2010-05-17,PETR4,12.681180953979492,29.850000381469727,30.38999938964844,29.559999465942383,30.200000762939453,26530800.0
2010-05-18,PETR4,12.413540840148926,29.21999931335449,30.13999938964844,29.170000076293945,30.1200008392334,17679200.0
2010-05-19,PETR4,12.12890338897705,28.549999237060547,29.46999931335449,28.549999237060547,28.90999984741211,25227200.0
2010-05-20,PETR4,11.653096199035645,27.43000030517578,28.100000381469727,27.43000030517578,28.0,25639300.0
2010-05-21,PETR4,11.71682071685791,27.57999992370605,28.049999237060547,27.1299991607666,27.479999542236328,28529000.0
2010-05-24,PETR4,11.605680465698242,27.14999961853028,27.780000686645508,27.100000381469727,27.39999961853028,14996100.0
2010-05-25,PETR4,11.349198341369627,26.549999237060547,26.71999931335449,26.0,26.299999237060547,24219500.0
2010-05-26,PETR4,11.562932968139648,27.049999237060547,27.420000076293945,26.6299991607666,27.020000457763672,20468900.0
2010-05-27,PETR4,11.887803077697754,27.809999465942383,27.920000076293945,27.39999961853028,27.5,18332900.0
2010-05-28,PETR4,11.887803077697754,27.809999465942383,27.809999465942383,27.809999465942383,27.809999465942383,0.0
2010-05-31,PETR4,12.65296745300293,29.600000381469727,29.600000381469727,28.209999084472656,28.209999084472656,14270600.0
2010-06-01,PETR4,12.24687671661377,28.64999961853028,29.690000534057617,28.479999542236328,29.0,25987900.0
2010-06-02,PETR4,12.43924045562744,29.100000381469727,29.350000381469727,28.63999938964844,28.63999938964844,13859300.0
2010-06-04,PETR4,12.5033540725708,29.25,29.68000030517578,28.75,28.8700008392334,15178000.0
2010-06-07,PETR4,12.618769645690918,29.520000457763672,30.07999992370605,29.32999992370605,29.450000762939453,16452000.0
2010-06-08,PETR4,12.678614616394045,29.65999984741211,30.030000686645508,29.440000534057617,29.76000022888184,16120800.0
2010-06-09,PETR4,12.631593704223633,29.549999237060547,30.3799991607666,29.549999237060547,29.89999961853028,20135000.0
2010-06-10,PETR4,12.781207084655762,29.89999961853028,30.25,29.76000022888184,30.0,17889600.0
2010-06-11,PETR4,12.661519050598145,29.6200008392334,29.81999969482422,29.420000076293945,29.690000534057617,11613900.0
2010-06-14,PETR4,12.417861938476562,29.049999237060547,29.940000534057617,29.020000457763672,29.89999961853028,15282500.0
2010-06-15,PETR4,12.39648723602295,29.0,29.239999771118164,28.729999542236328,29.100000381469727,12607800.0
2010-06-16,PETR4,12.674339294433594,29.64999961853028,29.799999237060547,28.799999237060547,28.850000381469727,24436900.0
2010-06-17,PETR4,12.618769645690918,29.520000457763672,29.850000381469727,29.31999969482422,29.700000762939453,15576800.0
2010-06-18,PETR4,12.605948448181152,29.489999771118164,29.65999984741211,29.25,29.59000015258789,12366200.0
2010-06-21,PETR4,12.567474365234377,29.39999961853028,29.96999931335449,29.3799991607666,29.709999084472656,23758300.0
2010-06-22,PETR4,12.443510055541992,29.11000061035156,29.6200008392334,29.01000022888184,29.38999938964844,19578200.0
2010-06-23,PETR4,12.182757377624512,28.5,29.32999992370605,28.36000061035156,29.200000762939453,24118000.0
2010-06-24,PETR4,11.751015663146973,27.489999771118164,28.450000762939453,27.489999771118164,28.450000762939453,21828900.0
2010-06-25,PETR4,11.930554389953612,27.90999984741211,28.049999237060547,27.309999465942383,27.350000381469727,10738000.0
2010-06-28,PETR4,11.721094131469728,27.420000076293945,28.059999465942383,27.34000015258789,27.920000076293945,7278900.0
2010-06-29,PETR4,11.468892097473145,26.82999992370605,27.100000381469727,26.709999084472656,27.0,16290900.0
2010-06-30,PETR4,11.481715202331545,26.86000061035156,27.5,26.81999969482422,26.959999084472656,18010900.0
2010-07-01,PETR4,11.306452751159668,26.450000762939453,27.209999084472656,26.309999465942383,27.11000061035156,18632300.0
2010-07-02,PETR4,11.44324016571045,26.770000457763672,26.989999771118164,26.520000457763672,26.71999931335449,10088300.0
2010-07-05,PETR4,11.344923973083496,26.540000915527344,27.049999237060547,26.540000915527344,26.780000686645508,6883900.0
2010-07-06,PETR4,11.562932968139648,27.049999237060547,27.299999237060547,26.76000022888184,27.0,15896300.0
2010-07-07,PETR4,11.712544441223145,27.39999961853028,27.520000457763672,26.780000686645508,27.200000762939453,16555400.0
2010-07-08,PETR4,11.7894868850708,27.57999992370605,27.63999938964844,27.209999084472656,27.479999542236328,10498100.0
2010-07-12,PETR4,11.639872550964355,27.229999542236328,27.739999771118164,27.18000030517578,27.6200008392334,9365000.0
2010-07-13,PETR4,11.669797897338867,27.299999237060547,27.489999771118164,27.06999969482422,27.39999961853028,12667200.0
2010-07-14,PETR4,11.669797897338867,27.299999237060547,27.39999961853028,26.93000030517578,27.049999237060547,11099800.0
2010-07-15,PETR4,11.588582992553713,27.11000061035156,27.299999237060547,26.8700008392334,27.299999237060547,7914000.0
2010-07-16,PETR4,11.473164558410645,26.84000015258789,27.09000015258789,26.709999084472656,27.040000915527344,9806100.0
2010-07-19,PETR4,11.520183563232422,26.950000762939453,27.059999465942383,26.68000030517578,26.850000381469727,12468700.0
2010-07-20,PETR4,11.819413185119627,27.64999961853028,27.81999969482422,26.709999084472656,26.770000457763672,16035400.0
2010-07-21,PETR4,11.755290031433104,27.5,28.049999237060547,27.38999938964844,27.82999992370605,11651800.0
2010-07-22,PETR4,11.96047306060791,27.979999542236328,28.280000686645508,27.68000030517578,27.84000015258789,13382700.0
2010-07-23,PETR4,11.879257202148438,27.790000915527344,28.049999237060547,27.59000015258789,27.989999771118164,12762200.0
2010-07-26,PETR4,11.926277160644531,27.89999961853028,28.040000915527344,27.700000762939453,27.790000915527344,7666200.0
2010-07-27,PETR4,11.96047306060791,27.979999542236328,28.15999984741211,27.86000061035156,28.0,10359400.0
2010-07-28,PETR4,11.883532524108888,27.799999237060547,28.049999237060547,27.729999542236328,27.950000762939453,11317300.0
2010-07-29,PETR4,11.85788345336914,27.739999771118164,27.950000762939453,27.6299991607666,27.84000015258789,10324200.0
2010-07-30,PETR4,11.90490436553955,27.850000381469727,27.93000030517578,27.450000762939453,27.65999984741211,12928700.0
2010-08-02,PETR4,12.23177433013916,28.440000534057617,28.559999465942383,27.950000762939453,27.96999931335449,17740200.0
2010-08-03,PETR4,12.507031440734863,29.07999992370605,29.530000686645508,28.200000762939453,28.39999961853028,24018500.0
2010-08-04,PETR4,12.618850708007812,29.34000015258789,29.540000915527344,29.059999465942383,29.36000061035156,20894700.0
2010-08-05,PETR4,12.657564163208008,29.43000030517578,29.479999542236328,29.100000381469727,29.270000457763672,11125200.0
2010-08-06,PETR4,12.51133155822754,29.09000015258789,29.450000762939453,28.940000534057617,29.200000762939453,11196700.0
2010-08-09,PETR4,12.39950942993164,28.82999992370605,29.350000381469727,28.799999237060547,29.350000381469727,10274900.0
2010-08-10,PETR4,12.218866348266602,28.40999984741211,28.6200008392334,28.18000030517578,28.6200008392334,16439600.0
2010-08-11,PETR4,11.827485084533691,27.5,28.15999984741211,27.5,28.040000915527344,16895900.0
2010-08-12,PETR4,11.840392112731934,27.530000686645508,27.86000061035156,27.200000762939453,27.3799991607666,13560300.0
2010-08-13,PETR4,11.89630126953125,27.65999984741211,27.81999969482422,27.5,27.64999961853028,12344200.0
2010-08-16,PETR4,11.874796867370604,27.61000061035156,27.799999237060547,27.59000015258789,27.61000061035156,15292800.0
2010-08-17,PETR4,12.17155933380127,28.299999237060547,28.549999237060547,27.76000022888184,27.76000022888184,15546700.0
2010-08-18,PETR4,11.90490436553955,27.68000030517578,28.350000381469727,27.61000061035156,28.290000915527344,20458600.0
2010-08-19,PETR4,11.517823219299316,26.780000686645508,27.38999938964844,26.709999084472656,26.90999984741211,26365800.0
2010-08-20,PETR4,11.517823219299316,26.780000686645508,27.07999992370605,26.559999465942383,26.75,17204600.0
2010-08-23,PETR4,11.466214179992676,26.65999984741211,27.190000534057617,26.65999984741211,26.920000076293945,10445000.0
2010-08-24,PETR4,11.242566108703612,26.13999938964844,26.850000381469727,26.13999938964844,26.5,15741900.0
2010-08-25,PETR4,11.216757774353027,26.07999992370605,26.290000915527344,25.5,26.06999969482422,21490600.0
2010-08-26,PETR4,11.053326606750488,25.700000762939453,26.700000762939453,25.700000762939453,26.700000762939453,22021900.0
2010-08-27,PETR4,11.423202514648438,26.559999465942383,26.59000015258789,25.6200008392334,25.950000762939453,14878800.0
2010-08-30,PETR4,10.94580078125,25.450000762939453,26.43000030517578,25.450000762939453,26.350000381469727,22067300.0
2010-08-31,PETR4,11.208159446716309,26.059999465942383,26.059999465942383,25.520000457763672,25.520000457763672,15881100.0
2010-09-01,PETR4,11.625346183776855,27.030000686645508,27.190000534057617,26.14999961853028,26.299999237060547,19359200.0
2010-09-02,PETR4,11.87049388885498,27.600000381469727,28.14999961853028,26.739999771118164,26.88999938964844,26761400.0
2010-09-03,PETR4,12.386605262756348,28.799999237060547,28.920000076293945,28.049999237060547,28.299999237060547,46190200.0
2010-09-06,PETR4,12.51133155822754,29.09000015258789,29.290000915527344,28.6299991607666,29.18000030517578,19635800.0
2010-09-08,PETR4,11.9694185256958,27.82999992370605,28.479999542236328,27.790000915527344,28.309999465942383,32338400.0
2010-09-09,PETR4,11.788779258728027,27.40999984741211,28.13999938964844,27.190000534057617,28.06999969482422,20191800.0
2010-09-10,PETR4,11.836089134216309,27.520000457763672,27.940000534057617,27.40999984741211,27.5,16665300.0
2010-09-13,PETR4,12.17155933380127,28.299999237060547,28.31999969482422,27.549999237060547,27.75,24171200.0
2010-09-14,PETR4,11.547927856445312,26.850000381469727,28.56999969482422,26.850000381469727,28.190000534057617,39196800.0
2010-09-15,PETR4,11.375892639160156,26.450000762939453,26.600000381469727,25.75,26.0,40928700.0
2010-09-16,PETR4,11.337185859680176,26.36000061035156,26.68000030517578,26.049999237060547,26.11000061035156,20305300.0
2010-09-17,PETR4,11.371593475341797,26.440000534057617,26.540000915527344,26.100000381469727,26.1299991607666,18012500.0
2010-09-20,PETR4,11.655451774597168,27.100000381469727,27.43000030517578,26.200000762939453,26.420000076293945,26848600.0
2010-09-21,PETR4,11.332883834838867,26.350000381469727,27.25,26.350000381469727,27.1200008392334,28615300.0
2010-09-22,PETR4,11.173751831054688,25.979999542236328,26.43000030517578,25.81999969482422,26.09000015258789,43614700.0
2010-09-23,PETR4,11.526424407958984,26.799999237060547,27.459999084472656,25.920000076293945,25.920000076293945,55285600.0
2010-09-24,PETR4,11.31137752532959,26.299999237060547,27.09000015258789,26.299999237060547,27.049999237060547,85873800.0
2010-09-27,PETR4,11.397393226623535,26.5,26.690000534057617,26.049999237060547,26.34000015258789,57987900.0
2010-09-28,PETR4,11.483415603637695,26.700000762939453,26.88999938964844,26.450000762939453,26.76000022888184,34634300.0
2010-09-29,PETR4,11.827485084533691,27.5,27.5,26.540000915527344,26.600000381469727,77343700.0
2010-09-30,PETR4,11.737168312072754,27.290000915527344,27.950000762939453,27.21999931335449,27.64999961853028,35377400.0
2010-10-01,PETR4,11.827485084533691,27.5,27.700000762939453,27.309999465942383,27.57999992370605,22431100.0
2010-10-04,PETR4,11.775877952575684,27.3799991607666,27.850000381469727,27.350000381469727,27.479999542236328,25001100.0
2010-10-05,PETR4,11.603841781616213,26.979999542236328,27.600000381469727,26.76000022888184,27.59000015258789,42377800.0
2010-10-06,PETR4,11.12213897705078,25.86000061035156,26.88999938964844,25.59000015258789,26.799999237060547,67569200.0
2010-10-07,PETR4,10.8812894821167,25.299999237060547,26.049999237060547,24.63999938964844,26.049999237060547,59209700.0
2010-10-08,PETR4,11.182353019714355,26.0,26.0,24.8799991607666,25.209999084472656,32670900.0
2010-10-11,PETR4,11.117837905883787,25.850000381469727,26.209999084472656,25.780000686645508,26.100000381469727,14338300.0
2010-10-13,PETR4,11.057622909545898,25.709999084472656,26.09000015258789,25.57999992370605,26.020000457763672,30156000.0
2010-10-14,PETR4,11.371593475341797,26.440000534057617,26.440000534057617,25.440000534057617,25.65999984741211,40386400.0
2010-10-15,PETR4,11.307077407836914,26.290000915527344,26.63999938964844,26.18000030517578,26.530000686645508,26691200.0
2010-10-18,PETR4,11.354388236999512,26.39999961853028,26.5,25.96999931335449,26.14999961853028,28001900.0
2010-10-19,PETR4,10.872685432434082,25.280000686645508,26.1200008392334,25.280000686645508,25.940000534057617,31746200.0
2010-10-20,PETR4,10.74795913696289,24.989999771118164,25.6299991607666,24.989999771118164,25.46999931335449,30872600.0
2010-10-21,PETR4,10.390984535217283,24.15999984741211,25.229999542236328,24.100000381469727,25.049999237060547,44679400.0
2010-10-22,PETR4,10.41249179840088,24.209999084472656,24.709999084472656,23.89999961853028,24.459999084472656,28738200.0
2010-10-25,PETR4,10.567323684692385,24.56999969482422,24.790000915527344,24.350000381469727,24.450000762939453,21647100.0
2010-10-26,PETR4,11.117837905883787,25.850000381469727,26.25,24.450000762939453,24.520000457763672,46812400.0
2010-10-27,PETR4,11.264066696166992,26.190000534057617,27.049999237060547,25.239999771118164,25.700000762939453,56750100.0
2010-10-28,PETR4,11.294177055358888,26.26000022888184,26.84000015258789,25.8700008392334,26.489999771118164,36697700.0
2010-10-29,PETR4,11.117837905883787,25.850000381469727,26.59000015258789,25.850000381469727,26.59000015258789,31585700.0
2010-11-01,PETR4,11.393095016479492,26.489999771118164,26.670000076293945,25.93000030517578,26.049999237060547,22132600.0
2010-11-03,PETR4,11.674141883850098,27.0,27.11000061035156,26.5,26.700000762939453,36288300.0
2010-11-04,PETR4,11.890329360961914,27.5,27.63999938964844,27.209999084472656,27.350000381469727,32455000.0
2010-11-05,PETR4,11.782233238220217,27.25,27.64999961853028,27.25,27.420000076293945,16761300.0
2010-11-08,PETR4,11.90329647064209,27.530000686645508,27.57999992370605,27.100000381469727,27.11000061035156,25051600.0
2010-11-09,PETR4,11.726027488708496,27.1200008392334,27.770000457763672,27.1200008392334,27.6200008392334,20757700.0
2010-11-10,PETR4,11.730348587036133,27.1299991607666,27.25,26.8700008392334,27.11000061035156,21229300.0
2010-11-11,PETR4,11.553072929382324,26.71999931335449,27.11000061035156,26.64999961853028,27.06999969482422,27355900.0
2010-11-12,PETR4,11.176908493041992,25.850000381469727,26.38999938964844,25.81999969482422,26.239999771118164,41525500.0
2010-11-16,PETR4,10.982337951660156,25.39999961853028,25.90999984741211,25.1299991607666,25.850000381469727,32183100.0
2010-11-17,PETR4,11.003958702087402,25.450000762939453,25.690000534057617,25.280000686645508,25.489999771118164,16842600.0
2010-11-18,PETR4,11.198528289794922,25.89999961853028,26.09000015258789,25.709999084472656,25.850000381469727,24640000.0
2010-11-19,PETR4,11.112052917480469,25.700000762939453,25.75,25.420000076293945,25.700000762939453,16481500.0
2010-11-22,PETR4,10.835330963134766,25.059999465942383,25.670000076293945,24.950000762939453,25.63999938964844,19249900.0
2010-11-23,PETR4,10.65805721282959,24.64999961853028,24.93000030517578,24.520000457763672,24.690000534057617,27569300.0
2010-11-24,PETR4,10.913156509399414,25.239999771118164,25.3700008392334,24.75,24.89999961853028,23972500.0
2010-11-25,PETR4,10.744535446166992,24.850000381469727,25.350000381469727,24.850000381469727,25.350000381469727,8896300.0
2010-11-26,PETR4,10.63644027709961,24.600000381469727,24.82999992370605,24.43000030517578,24.65999984741211,17078100.0
2010-11-29,PETR4,10.679677963256836,24.700000762939453,24.940000534057617,24.459999084472656,24.549999237060547,18657100.0
2010-11-30,PETR4,10.63211154937744,24.59000015258789,25.100000381469727,24.51000022888184,24.690000534057617,28357900.0
2010-12-01,PETR4,10.92180633544922,25.26000022888184,25.34000015258789,24.96999931335449,25.030000686645508,22328400.0
2010-12-02,PETR4,10.982337951660156,25.39999961853028,25.690000534057617,25.299999237060547,25.450000762939453,19060800.0
2010-12-03,PETR4,11.112052917480469,25.700000762939453,25.700000762939453,25.229999542236328,25.450000762939453,15838500.0
2010-12-06,PETR4,11.181232452392578,25.86000061035156,26.040000915527344,25.709999084472656,25.76000022888184,17859600.0
2010-12-07,PETR4,10.960721969604492,25.350000381469727,26.290000915527344,25.350000381469727,26.200000762939453,27050000.0
2010-12-08,PETR4,10.809388160705566,25.0,25.5,25.0,25.3799991607666,21494200.0
2010-12-09,PETR4,10.982337951660156,25.39999961853028,25.5,25.09000015258789,25.170000076293945,21341600.0
2010-12-10,PETR4,11.112052917480469,25.700000762939453,25.739999771118164,25.450000762939453,25.600000381469727,14107600.0
2010-12-13,PETR4,11.202850341796877,25.90999984741211,26.09000015258789,25.8799991607666,25.88999938964844,16896400.0
2010-12-14,PETR4,11.16826057434082,25.82999992370605,26.040000915527344,25.71999931335449,25.82999992370605,15664600.0
2010-12-15,PETR4,10.969368934631348,25.3700008392334,25.709999084472656,25.3700008392334,25.59000015258789,23538200.0
2010-12-16,PETR4,10.960721969604492,25.350000381469727,25.64999961853028,25.26000022888184,25.5,15651800.0
2010-12-17,PETR4,11.215821266174316,25.940000534057617,25.940000534057617,25.040000915527344,25.229999542236328,17747100.0
2010-12-20,PETR4,11.055845260620115,25.56999969482422,26.059999465942383,25.56999969482422,25.940000534057617,31823100.0
2010-12-21,PETR4,11.142318725585938,25.770000457763672,25.93000030517578,25.709999084472656,25.84000015258789,16018600.0
2010-12-22,PETR4,11.207680702209473,25.71999931335449,25.71999931335449,25.46999931335449,25.559999465942383,11576500.0
2010-12-23,PETR4,11.220757484436035,25.75,25.8700008392334,25.559999465942383,25.63999938964844,12437000.0
2010-12-27,PETR4,11.351482391357422,26.049999237060547,26.09000015258789,25.520000457763672,25.559999465942383,12045200.0
2010-12-28,PETR4,11.61729335784912,26.65999984741211,26.709999084472656,26.209999084472656,26.299999237060547,21577300.0
2010-12-29,PETR4,11.752379417419434,26.96999931335449,27.170000076293945,26.780000686645508,26.780000686645508,20295300.0
2010-12-30,PETR4,11.891819953918455,27.290000915527344,27.440000534057617,27.09000015258789,27.290000915527344,29619400.0
2011-01-03,PETR4,11.765453338623049,27.0,27.57999992370605,26.90999984741211,27.5,22738500.0
2011-01-04,PETR4,11.72187614440918,26.89999961853028,27.059999465942383,26.39999961853028,27.01000022888184,30936600.0
2011-01-05,PETR4,11.861319541931152,27.21999931335449,27.350000381469727,26.57999992370605,26.68000030517578,24306800.0
2011-01-06,PETR4,11.813385009765623,27.11000061035156,27.459999084472656,27.01000022888184,27.200000762939453,24328800.0
2011-01-07,PETR4,11.647796630859377,26.729999542236328,27.18000030517578,26.729999542236328,27.020000457763672,17453800.0
2011-01-10,PETR4,11.756736755371094,26.979999542236328,27.020000457763672,26.57999992370605,26.64999961853028,14366200.0
2011-01-11,PETR4,11.830815315246582,27.14999961853028,27.39999961853028,27.06999969482422,27.100000381469727,23190100.0
2011-01-12,PETR4,12.157633781433104,27.89999961853028,27.979999542236328,27.31999969482422,27.3799991607666,39193500.0
2011-01-13,PETR4,11.900537490844728,27.309999465942383,28.1200008392334,27.309999465942383,28.0,31826100.0
2011-01-14,PETR4,12.005117416381836,27.549999237060547,27.709999084472656,27.25,27.270000457763672,20220300.0
2011-01-17,PETR4,11.961541175842283,27.450000762939453,27.770000457763672,27.36000061035156,27.420000076293945,19288800.0
2011-01-18,PETR4,12.079195976257324,27.71999931335449,27.76000022888184,27.39999961853028,27.64999961853028,22139400.0
2011-01-19,PETR4,11.89617919921875,27.299999237060547,27.950000762939453,27.25,27.799999237060547,22631600.0
2011-01-20,PETR4,11.883106231689451,27.270000457763672,27.520000457763672,26.959999084472656,27.14999961853028,21486200.0
2011-01-21,PETR4,11.787239074707031,27.049999237060547,27.51000022888184,27.049999237060547,27.40999984741211,18127100.0
2011-01-24,PETR4,11.765453338623049,27.0,27.25,26.809999465942383,27.07999992370605,10765700.0
2011-01-26,PETR4,11.691375732421877,26.82999992370605,27.32999992370605,26.709999084472656,27.09000015258789,21396900.0
2011-01-27,PETR4,11.708803176879885,26.8700008392334,27.14999961853028,26.709999084472656,26.950000762939453,18552100.0
2011-01-28,PETR4,11.621651649475098,26.670000076293945,27.07999992370605,26.25,27.049999237060547,28037200.0
2011-01-31,PETR4,11.804670333862305,27.09000015258789,27.25,26.65999984741211,26.86000061035156,33947200.0
2011-02-01,PETR4,12.04433536529541,27.63999938964844,27.71999931335449,27.11000061035156,27.299999237060547,28782500.0
2011-02-02,PETR4,12.114059448242188,27.799999237060547,27.979999542236328,27.5,27.600000381469727,33156700.0
2011-02-03,PETR4,12.214282989501951,28.030000686645508,28.1200008392334,27.700000762939453,27.76000022888184,27639400.0
2011-02-04,PETR4,12.03562355041504,27.6200008392334,28.21999931335449,27.559999465942383,28.040000915527344,27702000.0
2011-02-07,PETR4,11.861319541931152,27.21999931335449,27.8700008392334,27.11000061035156,27.799999237060547,23873700.0
2011-02-08,PETR4,11.713159561157228,26.8799991607666,27.31999969482422,26.84000015258789,27.0,21047.0
2011-02-09,PETR4,11.713159561157228,26.8799991607666,26.8799991607666,26.8799991607666,26.8799991607666,0.0
2011-02-10,PETR4,11.713159561157228,26.8799991607666,26.8799991607666,26.8799991607666,26.8799991607666,0.0
2011-02-11,PETR4,11.503997802734377,26.39999961853028,26.700000762939453,26.299999237060547,26.450000762939453,19504200.0
2011-02-14,PETR4,11.656512260437012,26.75,26.90999984741211,26.239999771118164,26.40999984741211,18258200.0
2011-02-15,PETR4,11.752379417419434,26.96999931335449,27.31999969482422,26.6299991607666,26.670000076293945,27939600.0
2011-02-16,PETR4,11.900537490844728,27.309999465942383,27.450000762939453,27.06999969482422,27.200000762939453,24193500.0
2011-02-17,PETR4,11.874390602111816,27.25,27.440000534057617,27.040000915527344,27.39999961853028,19143600.0
2011-02-18,PETR4,11.926680564880373,27.3700008392334,27.440000534057617,27.11000061035156,27.15999984741211,16769000.0
2011-02-21,PETR4,11.939753532409668,27.39999961853028,27.64999961853028,27.25,27.46999931335449,22204200.0
2011-02-22,PETR4,12.100984573364258,27.770000457763672,27.950000762939453,27.450000762939453,27.459999084472656,36610900.0
2011-02-23,PETR4,12.51059913635254,28.709999084472656,28.89999961853028,27.799999237060547,27.90999984741211,62622100.0
2011-02-24,PETR4,12.51059913635254,28.709999084472656,28.709999084472656,28.709999084472656,28.709999084472656,0.0
2011-02-25,PETR4,12.462661743164062,28.600000381469727,28.75,28.14999961853028,28.40999984741211,27201000.0
2011-02-28,PETR4,12.453947067260742,28.57999992370605,28.68000030517578,28.15999984741211,28.440000534057617,28891100.0
2011-03-01,PETR4,12.3275785446167,28.290000915527344,28.790000915527344,28.190000534057617,28.5,26547900.0
2011-03-02,PETR4,12.593391418457031,28.89999961853028,28.959999084472656,28.170000076293945,28.299999237060547,25808400.0
2011-03-03,PETR4,12.619534492492676,28.959999084472656,28.96999931335449,28.600000381469727,28.920000076293945,17305300.0
2011-03-04,PETR4,12.67182731628418,29.07999992370605,29.170000076293945,28.71999931335449,29.0,21019800.0
2011-03-09,PETR4,12.67182731628418,29.07999992370605,29.07999992370605,29.07999992370605,29.07999992370605,0.0
2011-03-10,PETR4,12.253500938415527,28.1200008392334,28.43000030517578,27.8799991607666,28.39999961853028,22751200.0
2011-03-11,PETR4,12.275288581848145,28.170000076293945,28.39999961853028,27.670000076293945,27.950000762939453,20803900.0
2011-03-14,PETR4,12.323222160339355,28.280000686645508,28.420000076293945,27.8700008392334,28.0,13554000.0
2011-03-15,PETR4,12.21864128112793,28.040000915527344,28.170000076293945,27.450000762939453,27.450000762939453,22515300.0
2011-03-16,PETR4,12.105342864990234,27.780000686645508,28.40999984741211,27.61000061035156,28.15999984741211,33678600.0
2011-03-17,PETR4,12.23606777191162,28.07999992370605,28.200000762939453,27.8799991607666,28.13999938964844,16511000.0
2011-03-18,PETR4,12.157633781433104,27.89999961853028,28.21999931335449,27.81999969482422,28.200000762939453,21601100.0
2011-03-21,PETR4,12.257858276367188,28.1299991607666,28.350000381469727,27.979999542236328,28.15999984741211,28912600.0
2011-03-22,PETR4,12.333892822265623,28.1299991607666,28.350000381469727,27.979999542236328,28.15999984741211,28580800.0
2011-03-23,PETR4,12.333892822265623,28.1299991607666,28.1299991607666,28.1299991607666,28.1299991607666,0.0
2011-03-24,PETR4,12.465435981750488,28.43000030517578,28.780000686645508,28.350000381469727,28.65999984741211,12375400.0
2011-03-25,PETR4,12.465435981750488,28.43000030517578,28.780000686645508,28.350000381469727,28.65999984741211,12248000.0
2011-03-28,PETR4,12.4303560256958,28.350000381469727,28.799999237060547,28.350000381469727,28.559999465942383,11432600.0
2011-03-29,PETR4,12.4303560256958,28.350000381469727,28.350000381469727,28.350000381469727,28.350000381469727,0.0
2011-03-30,PETR4,12.4303560256958,28.350000381469727,28.600000381469727,28.26000022888184,28.39999961853028,12036900.0
2011-03-31,PETR4,12.439125061035156,28.3700008392334,28.549999237060547,28.299999237060547,28.520000457763672,13888700.0
2011-04-01,PETR4,12.439125061035156,28.3700008392334,28.3700008392334,28.3700008392334,28.3700008392334,0.0
2011-04-04,PETR4,12.544355392456056,28.61000061035156,28.850000381469727,28.559999465942383,28.799999237060547,13522000.0
2011-04-05,PETR4,12.544355392456056,28.61000061035156,28.850000381469727,28.559999465942383,28.799999237060547,13522000.0
2011-04-06,PETR4,12.439125061035156,28.3700008392334,28.56999969482422,28.239999771118164,28.549999237060547,19729600.0
2011-04-07,PETR4,12.276896476745604,28.0,28.25,27.71999931335449,28.1299991607666,21872100.0
2011-04-08,PETR4,12.281280517578123,28.01000022888184,28.13999938964844,27.780000686645508,28.049999237060547,17515900.0
2011-04-11,PETR4,12.053282737731934,27.489999771118164,27.989999771118164,27.420000076293945,27.989999771118164,19399600.0
2011-04-12,PETR4,11.684974670410156,26.64999961853028,27.39999961853028,26.559999465942383,27.31999969482422,33535300.0
2011-04-13,PETR4,11.465746879577637,26.14999961853028,26.799999237060547,26.049999237060547,26.799999237060547,29953600.0
2011-04-14,PETR4,11.391201972961426,25.979999542236328,26.43000030517578,25.93000030517578,26.100000381469727,27489800.0
2011-04-15,PETR4,11.632357597351074,26.530000686645508,26.559999465942383,26.049999237060547,26.07999992370605,27267800.0
2011-04-18,PETR4,11.632357597351074,26.530000686645508,26.530000686645508,26.530000686645508,26.530000686645508,0.0
2011-04-19,PETR4,11.281591415405272,25.729999542236328,26.020000457763672,25.56999969482422,25.75,19327200.0
2011-04-20,PETR4,11.527128219604492,26.290000915527344,26.290000915527344,25.89999961853028,26.209999084472656,23575800.0
2011-04-25,PETR4,11.478897094726562,26.18000030517578,26.43000030517578,26.020000457763672,26.309999465942383,12867700.0
2011-04-26,PETR4,11.487667083740234,26.200000762939453,26.32999992370605,25.950000762939453,26.200000762939453,12082300.0
2011-04-27,PETR4,11.28597640991211,25.739999771118164,26.21999931335449,25.690000534057617,26.21999931335449,16820800.0
2011-04-28,PETR4,11.158822059631348,25.450000762939453,25.65999984741211,25.26000022888184,25.64999961853028,23904100.0
2011-04-29,PETR4,11.280661582946776,25.600000381469727,25.670000076293945,25.270000457763672,25.34000015258789,15923100.0
2011-05-02,PETR4,11.337944984436035,25.729999542236328,25.88999938964844,25.5,25.709999084472656,20830800.0
2011-05-03,PETR4,11.214566230773926,25.450000762939453,25.780000686645508,25.43000030517578,25.700000762939453,17841800.0
2011-05-04,PETR4,11.157278060913086,25.31999969482422,25.6299991607666,25.200000762939453,25.59000015258789,25541400.0
2011-05-05,PETR4,10.782727241516112,24.46999931335449,25.34000015258789,24.239999771118164,25.190000534057617,30998100.0
2011-05-06,PETR4,10.6681547164917,24.209999084472656,24.88999938964844,24.13999938964844,24.799999237060547,22917500.0
2011-05-09,PETR4,10.684460639953612,24.246999740600582,24.334999084472656,23.85199928283692,23.89200019836425,18694500.0
2011-05-10,PETR4,10.840010643005373,24.600000381469727,24.690000534057617,24.200000762939453,24.239999771118164,18303600.0
2011-05-11,PETR4,10.840010643005373,24.600000381469727,24.600000381469727,24.600000381469727,24.600000381469727,0.0
2011-05-12,PETR4,10.934959411621094,24.600000381469727,24.600000381469727,24.600000381469727,24.600000381469727,0.0
2011-05-13,PETR4,10.934959411621094,24.600000381469727,24.600000381469727,24.600000381469727,24.600000381469727,0.0
2011-05-16,PETR4,10.934959411621094,24.600000381469727,24.600000381469727,24.600000381469727,24.600000381469727,0.0
2011-05-17,PETR4,10.934959411621094,24.600000381469727,24.600000381469727,24.600000381469727,24.600000381469727,0.0
2011-05-18,PETR4,10.934959411621094,24.600000381469727,24.600000381469727,24.600000381469727,24.600000381469727,0.0
2011-05-19,PETR4,10.508230209350586,23.63999938964844,24.38999938964844,23.63999938964844,24.25,17706900.0
2011-05-20,PETR4,10.663805961608888,23.989999771118164,24.14999961853028,23.479999542236328,23.65999984741211,13950700.0
2011-05-23,PETR4,10.49044704437256,23.600000381469727,23.700000762939453,23.40999984741211,23.5,14783700.0
2011-05-24,PETR4,10.60157585144043,23.850000381469727,24.07999992370605,23.739999771118164,23.86000061035156,12793100.0
2011-05-25,PETR4,10.623801231384276,23.89999961853028,24.209999084472656,23.64999961853028,23.82999992370605,12385700.0
2011-05-26,PETR4,10.757153511047363,24.200000762939453,24.200000762939453,23.76000022888184,24.0,16766100.0
2011-05-27,PETR4,10.797158241271973,24.290000915527344,24.440000534057617,24.13999938964844,24.31999969482422,13755500.0
2011-05-30,PETR4,10.703811645507812,24.07999992370605,24.31999969482422,24.049999237060547,24.31999969482422,3555700.0
2011-05-31,PETR4,10.708256721496582,24.09000015258789,24.350000381469727,23.8799991607666,24.299999237060547,16156600.0
2011-06-01,PETR4,10.668251037597656,24.0,24.13999938964844,23.82999992370605,24.0,17885600.0
2011-06-02,PETR4,10.64602756500244,23.950000762939453,24.06999969482422,23.729999542236328,24.06999969482422,15748300.0
2011-06-03,PETR4,10.570460319519045,23.780000686645508,24.15999984741211,23.670000076293945,23.780000686645508,15337000.0
2011-06-06,PETR4,10.31264305114746,23.200000762939453,23.93000030517578,23.14999961853028,23.8700008392334,22018200.0
2011-06-07,PETR4,10.22374153137207,23.0,23.3700008392334,22.940000534057617,23.36000061035156,23231900.0
2011-06-08,PETR4,10.31264305114746,23.200000762939453,23.450000762939453,22.850000381469727,22.950000762939453,21767100.0
2011-06-09,PETR4,10.534900665283203,23.700000762939453,23.940000534057617,23.09000015258789,23.239999771118164,24521000.0
2011-06-10,PETR4,10.543789863586426,23.71999931335449,23.84000015258789,23.540000915527344,23.780000686645508,17587600.0
2011-06-13,PETR4,10.370430946350098,23.32999992370605,23.81999969482422,23.26000022888184,23.770000457763672,12131900.0
2011-06-14,PETR4,10.49044704437256,23.600000381469727,23.690000534057617,23.420000076293945,23.420000076293945,13525500.0
2011-06-15,PETR4,10.357093811035156,23.299999237060547,23.549999237060547,23.14999961853028,23.290000915527344,20599900.0
2011-06-16,PETR4,10.352652549743652,23.290000915527344,23.75,23.09000015258789,23.290000915527344,20161600.0
2011-06-17,PETR4,10.330421447753906,23.239999771118164,23.479999542236328,23.190000534057617,23.46999931335449,14191400.0
2011-06-20,PETR4,10.268192291259766,23.100000381469727,23.440000534057617,23.059999465942383,23.200000762939453,18966600.0
2011-06-21,PETR4,10.330421447753906,23.239999771118164,23.299999237060547,23.040000915527344,23.200000762939453,13510200.0
2011-06-22,PETR4,10.339313507080078,23.26000022888184,23.670000076293945,23.170000076293945,23.200000762939453,18615300.0
2011-06-24,PETR4,10.165953636169434,22.8700008392334,23.209999084472656,22.850000381469727,23.170000076293945,15977500.0
2011-06-27,PETR4,10.259302139282228,23.07999992370605,23.190000534057617,22.8700008392334,23.0,14955300.0
2011-06-28,PETR4,10.423768997192385,23.450000762939453,23.450000762939453,23.100000381469727,23.170000076293945,15753300.0
2011-06-29,PETR4,10.392655372619627,23.3799991607666,23.540000915527344,23.200000762939453,23.5,14142800.0
2011-06-30,PETR4,10.543789863586426,23.71999931335449,23.71999931335449,23.5,23.59000015258789,16079200.0
2011-07-01,PETR4,10.557124137878418,23.75,23.88999938964844,23.46999931335449,23.64999961853028,18199100.0
2011-07-04,PETR4,10.579350471496582,23.799999237060547,23.850000381469727,23.709999084472656,23.71999931335449,5652500.0
2011-07-05,PETR4,10.47266674041748,23.559999465942383,23.979999542236328,23.51000022888184,23.799999237060547,12717200.0
2011-07-06,PETR4,10.45044231414795,23.51000022888184,23.64999961853028,23.290000915527344,23.450000762939453,13117100.0
2011-07-07,PETR4,10.503783226013184,23.6299991607666,23.790000915527344,23.549999237060547,23.700000762939453,15371600.0
2011-07-08,PETR4,10.419325828552246,23.440000534057617,23.6299991607666,23.39999961853028,23.5,13559700.0
2011-07-11,PETR4,10.29041862487793,23.14999961853028,23.31999969482422,23.059999465942383,23.200000762939453,16582400.0
2011-07-12,PETR4,10.27708339691162,23.1200008392334,23.299999237060547,22.93000030517578,23.020000457763672,11835400.0
2011-07-13,PETR4,10.397098541259766,23.38999938964844,23.440000534057617,23.1299991607666,23.290000915527344,15336700.0
2011-07-14,PETR4,10.201515197753906,22.950000762939453,23.36000061035156,22.86000061035156,23.270000457763672,17235500.0
2011-07-15,PETR4,10.219294548034668,22.989999771118164,23.11000061035156,22.86000061035156,23.0,15777400.0
2011-07-18,PETR4,10.117058753967283,22.76000022888184,23.0,22.530000686645508,22.809999465942383,16322400.0
2011-07-19,PETR4,10.06816291809082,22.64999961853028,22.96999931335449,22.559999465942383,22.8700008392334,17100500.0
2011-07-20,PETR4,9.948142051696776,22.3799991607666,22.809999465942383,22.3799991607666,22.75,18924100.0
2011-07-21,PETR4,10.22374153137207,23.0,23.11000061035156,22.43000030517578,22.479999542236328,19067100.0
2011-07-22,PETR4,10.210407257080078,22.96999931335449,23.270000457763672,22.850000381469727,23.020000457763672,13483500.0
2011-07-25,PETR4,10.712701797485352,24.100000381469727,24.209999084472656,23.88999938964844,23.88999938964844,23400.0
2011-07-26,PETR4,10.517118453979492,23.65999984741211,23.920000076293945,23.479999542236328,23.59000015258789,25370300.0
2011-07-27,PETR4,10.486001014709473,23.59000015258789,23.780000686645508,23.40999984741211,23.59000015258789,22203700.0
2011-07-28,PETR4,10.445999145507812,23.5,23.739999771118164,23.440000534057617,23.690000534057617,17246400.0
2011-07-29,PETR4,10.445999145507812,23.5,23.5,23.5,23.5,0.0
2011-08-01,PETR4,10.445999145507812,23.5,23.5,23.5,23.5,0.0
2011-08-02,PETR4,10.445999145507812,23.5,23.5,23.5,23.5,0.0
2011-08-03,PETR4,10.538966178894045,23.5,23.5,23.5,23.5,0.0
2011-08-04,PETR4,10.538966178894045,23.5,23.5,23.5,23.5,0.0
2011-08-05,PETR4,10.538966178894045,23.5,23.5,23.5,23.5,0.0
2011-08-08,PETR4,10.538966178894045,23.5,23.5,23.5,23.5,0.0
2011-08-09,PETR4,10.538966178894045,23.5,23.5,23.5,23.5,0.0
2011-08-10,PETR4,10.538966178894045,23.5,23.5,23.5,23.5,0.0
2011-08-11,PETR4,10.538966178894045,23.5,23.5,23.5,23.5,0.0
2011-08-12,PETR4,10.538966178894045,23.5,23.5,23.5,23.5,0.0
2011-08-15,PETR4,10.538966178894045,23.5,23.5,23.5,23.5,0.0
2011-08-16,PETR4,10.538966178894045,23.5,23.5,23.5,23.5,0.0
2011-08-17,PETR4,9.359496116638184,20.8700008392334,20.959999084472656,20.540000915527344,20.799999237060547,18831300.0
2011-08-18,PETR4,9.103870391845703,20.299999237060547,20.3700008392334,19.770000457763672,20.350000381469727,25674000.0
2011-08-19,PETR4,8.83478832244873,19.700000762939453,20.350000381469727,19.700000762939453,19.93000030517578,23649000.0
2011-08-22,PETR4,8.812366485595703,19.64999961853028,20.270000457763672,19.63999938964844,20.100000381469727,17195200.0
2011-08-23,PETR4,9.041086196899414,20.15999984741211,20.299999237060547,19.51000022888184,19.799999237060547,21910500.0
2011-08-24,PETR4,9.072477340698242,20.229999542236328,20.350000381469727,19.989999771118164,20.1200008392334,18429000.0
2011-08-25,PETR4,8.906545639038086,19.86000061035156,20.290000915527344,19.780000686645508,20.14999961853028,19370500.0
2011-08-26,PETR4,8.924482345581055,19.89999961853028,20.06999969482422,19.57999992370605,19.709999084472656,17681100.0
2011-08-29,PETR4,9.189078330993652,20.489999771118164,20.6299991607666,20.170000076293945,20.18000030517578,16367300.0
2011-08-30,PETR4,9.215987205505373,20.549999237060547,20.729999542236328,20.299999237060547,20.3799991607666,16994500.0
2011-08-31,PETR4,9.328103065490724,20.799999237060547,20.8700008392334,20.43000030517578,20.76000022888184,26421000.0
2011-09-01,PETR4,9.435735702514648,21.040000915527344,21.13999938964844,20.850000381469727,21.1200008392334,21673300.0
2011-09-02,PETR4,9.135261535644531,20.3700008392334,20.76000022888184,20.030000686645508,20.65999984741211,24292000.0
2011-09-05,PETR4,8.982786178588867,20.030000686645508,20.100000381469727,19.850000381469727,19.89999961853028,9490100.0
2011-09-06,PETR4,9.180109977722168,20.46999931335449,20.540000915527344,19.68000030517578,19.729999542236328,21669700.0
2011-09-08,PETR4,9.265317916870115,20.65999984741211,20.8799991607666,20.56999969482422,20.75,16132000.0
2011-09-09,PETR4,9.036601066589355,20.14999961853028,20.600000381469727,20.06999969482422,20.5,19703400.0
2011-09-12,PETR4,9.121809005737305,20.34000015258789,20.34000015258789,19.71999931335449,19.799999237060547,16675800.0
2011-09-13,PETR4,9.112839698791504,20.31999969482422,20.450000762939453,20.14999961853028,20.39999961853028,14984400.0
2011-09-14,PETR4,9.202533721923828,20.520000457763672,20.81999969482422,20.18000030517578,20.350000381469727,19667800.0
2011-09-15,PETR4,9.215987205505373,20.549999237060547,20.780000686645508,20.46999931335449,20.700000762939453,12969800.0
2011-09-16,PETR4,9.260836601257324,20.64999961853028,20.670000076293945,20.39999961853028,20.549999237060547,13098300.0
2011-09-19,PETR4,9.328103065490724,20.799999237060547,20.81999969482422,20.31999969482422,20.32999992370605,20027100.0
2011-09-20,PETR4,9.238409996032717,20.600000381469727,21.07999992370605,20.57999992370605,20.780000686645508,14889000.0
2011-09-21,PETR4,9.238409996032717,20.600000381469727,21.059999465942383,20.549999237060547,20.75,19357600.0
2011-09-22,PETR4,8.745099067687988,19.5,20.170000076293945,19.299999237060547,20.020000457763672,31416900.0
2011-09-23,PETR4,8.592617988586426,19.15999984741211,19.729999542236328,19.1200008392334,19.51000022888184,17860700.0
2011-09-26,PETR4,8.87066650390625,19.780000686645508,19.780000686645508,18.96999931335449,19.350000381469727,17539800.0
2011-09-27,PETR4,8.767518997192383,19.549999237060547,20.100000381469727,19.520000457763672,20.09000015258789,15427000.0
2011-09-28,PETR4,8.677827835083008,19.350000381469727,19.700000762939453,19.32999992370605,19.57999992370605,15557500.0
2011-09-29,PETR4,8.700251579284668,19.39999961853028,19.57999992370605,19.229999542236328,19.479999542236328,15220700.0
2011-09-30,PETR4,8.56571102142334,19.100000381469727,19.3799991607666,18.93000030517578,19.18000030517578,20418900.0
2011-10-03,PETR4,8.256269454956055,18.40999984741211,19.06999969482422,18.40999984741211,18.959999084472656,28605200.0
2011-10-04,PETR4,8.319052696228027,18.549999237060547,18.549999237060547,17.899999618530273,18.25,29503700.0
2011-10-05,PETR4,8.166574478149414,18.209999084472656,18.75,18.049999237060547,18.39999961853028,20425100.0
2011-10-06,PETR4,8.453593254089355,18.850000381469727,19.09000015258789,18.350000381469727,18.489999771118164,27305500.0
2011-10-07,PETR4,8.206939697265625,18.299999237060547,19.06999969482422,18.209999084472656,19.06999969482422,21500100.0
2011-10-10,PETR4,8.480500221252441,18.90999984741211,18.979999542236328,18.350000381469727,18.5,17685700.0
2011-10-11,PETR4,8.592617988586426,19.15999984741211,19.209999084472656,18.549999237060547,18.700000762939453,29714600.0
2011-10-13,PETR4,8.69576644897461,19.38999938964844,19.540000915527344,18.979999542236328,19.39999961853028,27038100.0
2011-10-14,PETR4,8.807884216308594,19.63999938964844,19.700000762939453,19.309999465942383,19.549999237060547,20916800.0
2011-10-17,PETR4,8.655404090881348,19.299999237060547,19.700000762939453,18.979999542236328,19.450000762939453,22841200.0
2011-10-18,PETR4,8.655404090881348,19.299999237060547,19.700000762939453,18.979999542236328,19.450000762939453,22841200.0
2011-10-19,PETR4,8.624011039733887,19.229999542236328,19.489999771118164,19.06999969482422,19.440000534057617,16380200.0
2011-10-20,PETR4,8.440140724182129,18.81999969482422,19.18000030517578,18.6200008392334,19.18000030517578,17329400.0
2011-10-21,PETR4,8.641949653625488,19.270000457763672,19.3799991607666,18.93000030517578,18.959999084472656,18787300.0
2011-10-24,PETR4,8.641949653625488,19.270000457763672,19.270000457763672,19.270000457763672,19.270000457763672,0.0
2011-10-25,PETR4,8.641949653625488,19.270000457763672,19.270000457763672,19.270000457763672,19.270000457763672,0.0
2011-10-26,PETR4,8.641949653625488,19.270000457763672,19.270000457763672,19.270000457763672,19.270000457763672,0.0
2011-10-27,PETR4,8.641949653625488,19.270000457763672,19.270000457763672,19.270000457763672,19.270000457763672,0.0
2011-10-28,PETR4,9.390888214111328,20.940000534057617,21.239999771118164,20.549999237060547,20.670000076293945,39069500.0
2011-10-31,PETR4,9.67790699005127,21.57999992370605,21.57999992370605,20.780000686645508,20.850000381469727,30090200.0
2011-11-01,PETR4,9.476097106933594,21.1299991607666,21.25,20.39999961853028,20.39999961853028,27873500.0
2011-11-03,PETR4,9.830389022827148,21.920000076293945,21.96999931335449,21.31999969482422,21.559999465942383,24130000.0
2011-11-04,PETR4,9.91110897064209,22.100000381469727,22.18000030517578,21.709999084472656,21.729999542236328,19144700.0
2011-11-07,PETR4,10.171219825744627,22.68000030517578,22.780000686645508,21.96999931335449,22.049999237060547,25470000.0
2011-11-08,PETR4,10.050134658813477,22.40999984741211,22.940000534057617,22.31999969482422,22.799999237060547,22010000.0
2011-11-09,PETR4,9.624091148376465,21.459999084472656,22.190000534057617,21.440000534057617,22.01000022888184,27702000.0
2011-11-10,PETR4,9.624091148376465,21.459999084472656,21.459999084472656,21.459999084472656,21.459999084472656,0.0
2011-11-11,PETR4,9.848322868347168,21.959999084472656,22.14999961853028,21.790000915527344,21.88999938964844,16460800.0
2011-11-14,PETR4,9.92073917388916,21.920000076293945,22.049999237060547,21.6299991607666,21.86000061035156,12704300.0
2011-11-16,PETR4,10.00673007965088,22.11000061035156,22.21999931335449,21.71999931335449,21.959999084472656,20722500.0
2011-11-17,PETR4,9.739705085754396,21.520000457763672,22.1200008392334,21.489999771118164,21.959999084472656,22441400.0
2011-11-18,PETR4,9.843796730041504,21.75,21.8700008392334,21.46999931335449,21.700000762939453,20047400.0
2011-11-21,PETR4,9.866429328918455,21.799999237060547,21.850000381469727,21.309999465942383,21.40999984741211,33001100.0
2011-11-22,PETR4,9.81211757659912,21.68000030517578,21.979999542236328,21.6200008392334,21.739999771118164,19880400.0
2011-11-23,PETR4,9.762333869934082,21.56999969482422,21.68000030517578,21.440000534057617,21.489999771118164,16786000.0
2011-11-24,PETR4,9.807591438293455,21.670000076293945,21.799999237060547,21.530000686645508,21.739999771118164,10213300.0
2011-11-25,PETR4,9.50888442993164,21.01000022888184,21.64999961853028,21.01000022888184,21.479999542236328,18320800.0
2011-11-28,PETR4,9.730652809143066,21.5,21.68000030517578,21.36000061035156,21.51000022888184,14923300.0
2011-11-29,PETR4,9.689919471740724,21.40999984741211,21.88999938964844,21.31999969482422,21.520000457763672,18412100.0
2011-11-30,PETR4,9.979576110839844,22.049999237060547,22.21999931335449,21.68000030517578,21.799999237060547,29239500.0
2011-12-01,PETR4,10.192293167114258,22.520000457763672,22.530000686645508,22.1299991607666,22.32999992370605,22314900.0
2011-12-02,PETR4,10.196819305419922,22.530000686645508,22.729999542236328,22.350000381469727,22.6200008392334,17524400.0
2011-12-05,PETR4,10.395957946777344,22.96999931335449,23.1200008392334,22.63999938964844,22.739999771118164,19102500.0
2011-12-06,PETR4,10.554362297058104,23.31999969482422,23.36000061035156,22.81999969482422,22.81999969482422,17084200.0
2011-12-07,PETR4,10.540785789489746,23.290000915527344,23.46999931335449,23.01000022888184,23.34000015258789,18584500.0
2011-12-08,PETR4,10.192293167114258,22.520000457763672,23.450000762939453,22.3700008392334,23.350000381469727,25386200.0
2011-12-09,PETR4,10.418586730957031,23.020000457763672,23.14999961853028,22.600000381469727,22.709999084472656,17627000.0
2011-12-12,PETR4,10.418586730957031,23.020000457763672,23.020000457763672,23.020000457763672,23.020000457763672,0.0
2011-12-13,PETR4,10.147032737731934,22.420000076293945,22.799999237060547,22.3700008392334,22.59000015258789,22968900.0
2011-12-14,PETR4,9.875479698181152,21.81999969482422,22.450000762939453,21.81999969482422,22.350000381469727,32567700.0
2011-12-15,PETR4,9.735177993774414,21.51000022888184,22.299999237060547,21.46999931335449,22.049999237060547,24826000.0
2011-12-16,PETR4,9.640134811401367,21.299999237060547,21.709999084472656,21.299999237060547,21.600000381469727,21221600.0
2011-12-19,PETR4,9.558667182922363,21.1200008392334,21.6200008392334,21.1200008392334,21.3700008392334,18945100.0
2011-12-20,PETR4,10.002204895019531,22.100000381469727,22.100000381469727,21.309999465942383,21.39999961853028,24437600.0
2011-12-21,PETR4,9.92073917388916,21.920000076293945,21.989999771118164,21.520000457763672,21.89999961853028,18567300.0
2011-12-22,PETR4,10.02483367919922,22.14999961853028,22.299999237060547,21.920000076293945,22.07999992370605,14040300.0
2011-12-23,PETR4,10.056516647338867,22.21999931335449,22.38999938964844,22.170000076293945,22.270000457763672,9297500.0
2011-12-26,PETR4,10.03388500213623,22.170000076293945,22.34000015258789,22.170000076293945,22.299999237060547,2820600.0
2011-12-27,PETR4,10.04746437072754,22.200000762939453,22.31999969482422,22.13999938964844,22.170000076293945,9287300.0
2011-12-28,PETR4,9.698968887329102,21.43000030517578,22.239999771118164,21.420000076293945,22.239999771118164,15843300.0
2011-12-29,PETR4,9.726126670837402,21.489999771118164,21.59000015258789,21.0,21.59000015258789,21683800.0
2012-01-02,PETR4,9.834746360778809,21.729999542236328,22.1200008392334,21.26000022888184,21.51000022888184,20391300.0
2012-01-03,PETR4,10.225943565368652,22.40999984741211,22.40999984741211,21.809999465942383,21.82999992370605,22940500.0
2012-01-04,PETR4,10.2989501953125,22.56999969482422,22.57999992370605,21.979999542236328,22.18000030517578,18736900.0
2012-01-05,PETR4,10.180310249328612,22.309999465942383,22.61000061035156,22.14999961853028,22.38999938964844,19489000.0
2012-01-06,PETR4,10.189438819885254,22.32999992370605,22.57999992370605,22.25,22.46999931335449,13941000.0
2012-01-09,PETR4,10.32633113861084,22.6299991607666,22.6299991607666,22.280000686645508,22.440000534057617,14665100.0
2012-01-10,PETR4,10.44953727722168,22.89999961853028,23.020000457763672,22.790000915527344,22.940000534057617,21084100.0
2012-01-11,PETR4,10.45409870147705,22.90999984741211,23.0,22.64999961853028,22.88999938964844,19836100.0
2012-01-12,PETR4,10.531673431396484,23.07999992370605,23.270000457763672,22.780000686645508,22.989999771118164,28334400.0
2012-01-13,PETR4,10.517980575561523,23.049999237060547,23.100000381469727,22.850000381469727,22.950000762939453,27090600.0
2012-01-16,PETR4,10.791768074035645,23.64999961853028,23.700000762939453,23.020000457763672,23.049999237060547,29976400.0
2012-01-17,PETR4,10.791768074035645,23.64999961853028,23.64999961853028,23.64999961853028,23.64999961853028,0.0
2012-01-18,PETR4,11.12031364440918,24.3700008392334,24.459999084472656,23.81999969482422,23.81999969482422,25733500.0
2012-01-19,PETR4,11.047306060791016,24.209999084472656,24.540000915527344,24.209999084472656,24.39999961853028,22835300.0
2012-01-20,PETR4,11.051868438720703,24.21999931335449,24.21999931335449,23.8799991607666,24.100000381469727,16643000.0
2012-01-23,PETR4,11.467110633850098,25.1299991607666,25.489999771118164,24.040000915527344,24.09000015258789,36560200.0
2012-01-24,PETR4,11.590312957763672,25.39999961853028,25.780000686645508,24.950000762939453,25.049999237060547,37248200.0
2012-01-26,PETR4,11.371286392211914,24.920000076293945,25.88999938964844,24.920000076293945,25.729999542236328,30571700.0
2012-01-27,PETR4,11.25720500946045,24.670000076293945,25.14999961853028,24.6200008392334,25.07999992370605,17637100.0
2012-01-30,PETR4,11.211577415466309,24.56999969482422,24.6299991607666,24.350000381469727,24.43000030517578,16811800.0
2012-01-31,PETR4,11.211577415466309,24.56999969482422,24.940000534057617,24.32999992370605,24.75,28139600.0
2012-02-01,PETR4,11.38497543334961,24.950000762939453,25.170000076293945,24.6299991607666,24.700000762939453,24357500.0
2012-02-02,PETR4,11.193323135375977,24.530000686645508,25.21999931335449,24.450000762939453,24.8799991607666,26639600.0
2012-02-03,PETR4,11.229828834533691,24.61000061035156,24.93000030517578,24.3700008392334,24.46999931335449,20308300.0
2012-02-06,PETR4,11.34390926361084,24.86000061035156,24.86000061035156,24.39999961853028,24.489999771118164,14430800.0
2012-02-07,PETR4,11.6815767288208,25.600000381469727,25.63999938964844,24.71999931335449,24.71999931335449,29503300.0
2012-02-08,PETR4,11.604001998901367,25.43000030517578,25.8799991607666,25.299999237060547,25.64999961853028,24815600.0
2012-02-09,PETR4,11.635944366455078,25.5,25.739999771118164,25.170000076293945,25.479999542236328,23662100.0
2012-02-10,PETR4,10.7233247756958,23.5,24.549999237060547,23.5,24.239999771118164,88044000.0
2012-02-13,PETR4,10.7233247756958,23.5,23.5,23.5,23.5,0.0
2012-02-14,PETR4,10.590989112854004,23.209999084472656,24.36000061035156,23.100000381469727,24.36000061035156,41985300.0
2012-02-15,PETR4,10.540799140930176,23.100000381469727,23.59000015258789,22.709999084472656,23.489999771118164,40081300.0
2012-02-16,PETR4,10.896719932556152,23.8799991607666,23.93000030517578,22.82999992370605,22.950000762939453,36725000.0
2012-02-17,PETR4,10.974291801452637,24.049999237060547,24.14999961853028,23.64999961853028,24.100000381469727,24239300.0
2012-02-23,PETR4,10.9149751663208,23.920000076293945,24.09000015258789,23.670000076293945,23.68000030517578,20973800.0
2012-02-24,PETR4,11.170506477355955,24.479999542236328,24.59000015258789,24.11000061035156,24.14999961853028,23627900.0
2012-02-27,PETR4,11.11118984222412,24.350000381469727,24.920000076293945,24.290000915527344,24.64999961853028,30229700.0
2012-02-28,PETR4,11.102062225341797,24.32999992370605,24.690000534057617,24.32999992370605,24.51000022888184,23401800.0
2012-02-29,PETR4,11.09293270111084,24.309999465942383,24.63999938964844,24.239999771118164,24.5,23521600.0
2012-03-01,PETR4,11.35303020477295,24.8799991607666,24.8799991607666,24.459999084472656,24.51000022888184,18627700.0
2012-03-02,PETR4,11.544681549072266,25.299999237060547,25.299999237060547,24.86000061035156,24.940000534057617,20122000.0
2012-03-05,PETR4,11.220702171325684,24.59000015258789,25.239999771118164,24.450000762939453,25.14999961853028,22770000.0
2012-03-06,PETR4,10.837400436401367,23.75,24.1299991607666,23.59000015258789,24.100000381469727,25256500.0
2012-03-07,PETR4,10.942352294921877,23.979999542236328,24.14999961853028,23.76000022888184,24.049999237060547,16294900.0
2012-03-08,PETR4,10.992547035217283,24.09000015258789,24.450000762939453,23.90999984741211,24.420000076293945,13840600.0
2012-03-09,PETR4,10.819148063659668,23.709999084472656,24.25,23.709999084472656,24.100000381469727,14887900.0
2012-03-12,PETR4,10.691377639770508,23.43000030517578,23.76000022888184,23.36000061035156,23.549999237060547,13888100.0
2012-03-13,PETR4,11.14769172668457,24.43000030517578,24.43000030517578,23.479999542236328,23.64999961853028,27072800.0
2012-03-14,PETR4,11.330218315124512,24.82999992370605,25.07999992370605,24.280000686645508,24.39999961853028,34767400.0
2012-03-15,PETR4,11.051868438720703,24.21999931335449,24.989999771118164,24.170000076293945,24.68000030517578,26540100.0
2012-03-16,PETR4,11.11118984222412,24.350000381469727,24.450000762939453,23.6200008392334,24.25,38690500.0
2012-03-19,PETR4,11.11118984222412,24.350000381469727,24.350000381469727,24.350000381469727,24.350000381469727,0.0
2012-03-20,PETR4,11.131552696228027,24.270000457763672,24.309999465942383,23.96999931335449,24.01000022888184,17585500.0
2012-03-21,PETR4,11.058167457580566,24.11000061035156,24.39999961853028,24.06999969482422,24.209999084472656,12415400.0
2012-03-22,PETR4,11.058167457580566,24.11000061035156,24.39999961853028,24.06999969482422,24.209999084472656,12415400.0
2012-03-23,PETR4,10.87012004852295,23.700000762939453,24.100000381469727,23.670000076293945,23.93000030517578,16054200.0
2012-03-26,PETR4,11.104033470153809,24.209999084472656,24.280000686645508,23.86000061035156,23.940000534057617,14783400.0
2012-03-27,PETR4,10.915983200073242,23.799999237060547,24.290000915527344,23.799999237060547,24.209999084472656,20580800.0
2012-03-28,PETR4,10.727935791015623,23.38999938964844,23.799999237060547,23.209999084472656,23.790000915527344,19702600.0
2012-03-29,PETR4,10.695830345153809,23.31999969482422,23.39999961853028,22.93000030517578,23.209999084472656,23508000.0
2012-03-30,PETR4,10.709587097167969,23.350000381469727,23.540000915527344,23.11000061035156,23.5,17685300.0
2012-04-02,PETR4,10.654550552368164,23.229999542236328,23.600000381469727,23.020000457763672,23.280000686645508,17972500.0
2012-04-03,PETR4,10.342666625976562,22.549999237060547,23.299999237060547,22.520000457763672,23.21999931335449,20776300.0
2012-04-04,PETR4,9.980328559875488,21.76000022888184,22.36000061035156,21.76000022888184,22.26000022888184,23945600.0
2012-04-05,PETR4,10.090405464172363,22.0,22.18000030517578,21.65999984741211,21.81999969482422,20141600.0
2012-04-09,PETR4,9.902355194091797,21.59000015258789,21.8700008392334,21.51000022888184,21.76000022888184,14373800.0
2012-04-10,PETR4,9.718894958496094,21.190000534057617,21.709999084472656,21.01000022888184,21.5,19490700.0
2012-04-11,PETR4,9.792278289794922,21.350000381469727,21.59000015258789,21.270000457763672,21.450000762939453,24648400.0
2012-04-12,PETR4,10.09499168395996,22.01000022888184,22.07999992370605,21.3799991607666,21.51000022888184,19275600.0
2012-04-13,PETR4,9.93904972076416,21.670000076293945,22.049999237060547,21.549999237060547,21.8799991607666,19471700.0
2012-04-16,PETR4,9.8656644821167,21.51000022888184,21.93000030517578,21.350000381469727,21.82999992370605,16176700.0
2012-04-17,PETR4,9.8977689743042,21.57999992370605,21.780000686645508,21.3799991607666,21.780000686645508,16335600.0
2012-04-18,PETR4,9.980328559875488,21.76000022888184,21.86000061035156,21.270000457763672,21.549999237060547,23211800.0
2012-04-19,PETR4,9.83814525604248,21.450000762939453,21.89999961853028,21.450000762939453,21.6299991607666,11639800.0
2012-04-20,PETR4,9.842731475830078,21.459999084472656,21.790000915527344,21.459999084472656,21.6200008392334,8618900.0
2012-04-23,PETR4,9.760174751281738,21.280000686645508,21.299999237060547,21.049999237060547,21.209999084472656,15441000.0
2012-04-24,PETR4,9.741828918457031,21.239999771118164,21.38999938964844,21.11000061035156,21.32999992370605,13605300.0
2012-04-25,PETR4,9.691375732421877,21.1299991607666,21.489999771118164,20.809999465942383,21.3799991607666,26492000.0
2012-04-26,PETR4,9.741828918457031,21.239999771118164,21.32999992370605,20.82999992370605,20.89999961853028,22473600.0
2012-04-27,PETR4,9.599645614624023,20.93000030517578,21.350000381469727,20.8700008392334,21.350000381469727,14715700.0
2012-04-30,PETR4,9.76476001739502,21.290000915527344,21.290000915527344,20.8799991607666,20.96999931335449,16055600.0
2012-05-02,PETR4,9.76476001739502,21.290000915527344,21.290000915527344,20.8799991607666,20.96999931335449,16055600.0
2012-05-03,PETR4,9.815214157104492,21.39999961853028,22.25,21.32999992370605,21.989999771118164,22513100.0
2012-05-04,PETR4,9.393248558044434,20.479999542236328,21.3700008392334,20.200000762939453,21.26000022888184,38730900.0
2012-05-07,PETR4,9.439114570617676,20.57999992370605,20.71999931335449,20.100000381469727,20.450000762939453,23267200.0
2012-05-08,PETR4,9.29234504699707,20.26000022888184,20.489999771118164,20.01000022888184,20.39999961853028,23394000.0
2012-05-09,PETR4,9.24648094177246,20.15999984741211,20.25,19.780000686645508,20.049999237060547,24590100.0
2012-05-10,PETR4,9.13640308380127,19.920000076293945,20.5,19.920000076293945,20.299999237060547,19204300.0
2012-05-11,PETR4,8.957528114318848,19.530000686645508,20.049999237060547,19.530000686645508,19.709999084472656,22518900.0
2012-05-14,PETR4,8.758265495300293,18.89999961853028,19.25,18.89999961853028,19.07999992370605,26088300.0
2012-05-15,PETR4,8.568270683288574,18.489999771118164,19.270000457763672,18.489999771118164,19.0,31489100.0
2012-05-16,PETR4,8.938993453979492,19.290000915527344,19.600000381469727,18.950000762939453,19.270000457763672,53547000.0
2012-05-17,PETR4,8.540467262268066,18.43000030517578,19.440000534057617,18.43000030517578,19.440000534057617,32448400.0
2012-05-18,PETR4,8.837043762207031,19.06999969482422,19.209999084472656,18.43000030517578,18.600000381469727,30827600.0
2012-05-21,PETR4,8.837043762207031,19.06999969482422,19.06999969482422,19.06999969482422,19.06999969482422,0.0
2012-05-22,PETR4,9.133620262145996,19.709999084472656,20.5,19.700000762939453,20.31999969482422,25626200.0
2012-05-23,PETR4,8.911189079284668,19.229999542236328,19.790000915527344,18.89999961853028,19.65999984741211,26282100.0
2012-05-24,PETR4,8.66558837890625,18.700000762939453,19.559999465942383,18.559999465942383,19.34000015258789,24654800.0
2012-05-25,PETR4,8.63778018951416,18.63999938964844,19.100000381469727,18.530000686645508,18.71999931335449,18736600.0
2012-05-28,PETR4,8.707292556762695,18.790000915527344,19.14999961853028,18.780000686645508,18.950000762939453,8969900.0
2012-05-29,PETR4,8.735095977783203,18.850000381469727,19.21999931335449,18.700000762939453,18.90999984741211,23202700.0
2012-05-30,PETR4,8.503397941589355,18.350000381469727,18.68000030517578,18.31999969482422,18.559999465942383,23451100.0
2012-05-31,PETR4,8.864847183227539,19.1299991607666,19.1299991607666,18.07999992370605,18.479999542236328,30378300.0
2012-06-01,PETR4,8.711926460266113,18.799999237060547,19.020000457763672,18.38999938964844,18.530000686645508,30593200.0
2012-06-04,PETR4,8.85558032989502,19.11000061035156,19.26000022888184,18.68000030517578,18.84000015258789,23318400.0
2012-06-05,PETR4,8.711926460266113,18.799999237060547,19.31999969482422,18.739999771118164,19.209999084472656,20669600.0
2012-06-06,PETR4,8.846311569213867,19.09000015258789,19.31999969482422,18.959999084472656,19.049999237060547,28549100.0
2012-06-08,PETR4,8.74899673461914,18.8799991607666,19.200000762939453,18.65999984741211,19.049999237060547,22183800.0
2012-06-11,PETR4,8.521932601928711,18.38999938964844,19.190000534057617,18.38999938964844,19.11000061035156,23041400.0
2012-06-12,PETR4,8.619248390197754,18.600000381469727,18.670000076293945,18.31999969482422,18.450000762939453,24582800.0
2012-06-13,PETR4,8.758265495300293,18.89999961853028,18.920000076293945,18.39999961853028,18.530000686645508,27915700.0
2012-06-14,PETR4,8.419983863830566,18.170000076293945,18.780000686645508,18.14999961853028,18.549999237060547,40851900.0
2012-06-15,PETR4,8.596076011657715,18.549999237060547,18.549999237060547,17.829999923706055,18.270000457763672,29177900.0
2012-06-18,PETR4,8.596076011657715,18.549999237060547,18.549999237060547,18.549999237060547,18.549999237060547,0.0
2012-06-19,PETR4,9.105817794799805,19.64999961853028,19.989999771118164,18.950000762939453,19.0,49228700.0
2012-06-20,PETR4,9.221667289733888,19.89999961853028,20.14999961853028,19.64999961853028,19.729999542236328,31166100.0
2012-06-21,PETR4,8.929723739624023,19.270000457763672,20.06999969482422,19.270000457763672,20.01000022888184,27366300.0
2012-06-22,PETR4,9.059475898742676,19.549999237060547,19.65999984741211,19.059999465942383,19.39999961853028,20613400.0
2012-06-25,PETR4,8.248526573181152,17.799999237060547,18.88999938964844,17.799999237060547,18.700000762939453,48876000.0
2012-06-26,PETR4,8.341204643249512,18.0,18.25,17.760000228881836,18.040000915527344,36988300.0
2012-06-27,PETR4,8.174379348754883,17.639999389648438,18.209999084472656,17.6200008392334,18.0,21017200.0
2012-06-28,PETR4,8.20218563079834,17.700000762939453,18.0,17.420000076293945,17.600000381469727,21382900.0
2012-06-29,PETR4,8.457056045532227,18.25,18.32999992370605,17.969999313354492,18.239999771118164,23170100.0
2012-07-02,PETR4,8.508030891418457,18.36000061035156,18.489999771118164,17.969999313354492,18.100000381469727,19563100.0
2012-07-03,PETR4,8.799972534179688,18.989999771118164,19.1299991607666,18.39999961853028,18.520000457763672,29500800.0
2012-07-04,PETR4,8.7814359664917,18.950000762939453,19.21999931335449,18.790000915527344,18.88999938964844,12131600.0
2012-07-05,PETR4,9.082648277282717,19.600000381469727,19.790000915527344,19.049999237060547,19.100000381469727,36200100.0
2012-07-06,PETR4,8.897286415100098,19.200000762939453,19.5,19.100000381469727,19.350000381469727,21172600.0
2012-07-10,PETR4,8.521932601928711,18.38999938964844,19.18000030517578,18.350000381469727,19.100000381469727,30813600.0
2012-07-11,PETR4,8.591443061828613,18.540000915527344,18.799999237060547,18.209999084472656,18.51000022888184,21738400.0
2012-07-12,PETR4,8.609976768493652,18.57999992370605,18.729999542236328,18.040000915527344,18.299999237060547,25942400.0
2012-07-13,PETR4,9.059475898742676,19.549999237060547,19.63999938964844,19.32999992370605,19.549999237060547,51591200.0
2012-07-16,PETR4,9.059475898742676,19.549999237060547,19.549999237060547,19.549999237060547,19.549999237060547,0.0
2012-07-17,PETR4,8.92045783996582,19.25,19.59000015258789,19.1200008392334,19.43000030517578,16602300.0
2012-07-18,PETR4,8.957529067993164,19.32999992370605,19.32999992370605,18.979999542236328,19.14999961853028,17088900.0
2012-07-19,PETR4,9.091915130615234,19.6200008392334,19.770000457763672,19.32999992370605,19.32999992370605,20781700.0
2012-07-20,PETR4,8.888017654418945,19.18000030517578,19.559999465942383,19.11000061035156,19.3799991607666,19025100.0
2012-07-23,PETR4,8.7860689163208,18.959999084472656,19.040000915527344,18.40999984741211,18.8700008392334,21365500.0
2012-07-24,PETR4,8.707292556762695,18.790000915527344,19.200000762939453,18.6299991607666,19.049999237060547,19547500.0
2012-07-25,PETR4,8.804608345031738,19.0,19.209999084472656,18.75,19.0,17749100.0
2012-07-26,PETR4,8.925089836120605,19.26000022888184,19.40999984741211,19.0,19.26000022888184,20628300.0
2012-07-27,PETR4,9.346783638000488,20.170000076293945,20.18000030517578,19.309999465942383,19.450000762939453,37700800.0
2012-07-30,PETR4,9.411660194396973,20.309999465942383,20.309999465942383,19.809999465942383,20.059999465942383,22857600.0
2012-07-31,PETR4,9.03630542755127,19.5,20.309999465942383,19.43000030517578,20.309999465942383,38115700.0
2012-08-01,PETR4,9.18459415435791,19.81999969482422,19.920000076293945,19.100000381469727,19.5,27655700.0
2012-08-02,PETR4,9.082648277282717,19.600000381469727,20.040000915527344,19.40999984741211,19.549999237060547,25195600.0
2012-08-03,PETR4,9.24020290374756,19.940000534057617,20.270000457763672,19.86000061035156,19.979999542236328,30632200.0
2012-08-06,PETR4,9.230935096740724,19.920000076293945,20.26000022888184,18.82999992370605,19.020000457763672,55497300.0
2012-08-07,PETR4,9.383856773376465,20.25,20.63999938964844,20.06999969482422,20.14999961853028,35894000.0
2012-08-08,PETR4,9.814818382263184,21.18000030517578,21.200000762939453,20.25,20.38999938964844,41018800.0
2012-08-09,PETR4,9.731409072875977,21.0,21.1299991607666,20.700000762939453,20.90999984741211,23850500.0
2012-08-10,PETR4,9.731409072875977,21.0,21.1299991607666,20.700000762939453,20.90999984741211,23850500.0
2012-08-13,PETR4,9.74530792236328,21.030000686645508,21.290000915527344,20.90999984741211,21.020000457763672,19562400.0
2012-08-14,PETR4,9.65726375579834,20.84000015258789,21.190000534057617,20.809999465942383,21.14999961853028,20059200.0
2012-08-15,PETR4,9.754575729370115,21.049999237060547,21.11000061035156,20.739999771118164,20.780000686645508,27591300.0
2012-08-16,PETR4,9.944571495056152,21.459999084472656,21.530000686645508,21.13999938964844,21.299999237060547,21812100.0
2012-08-17,PETR4,9.986276626586914,21.549999237060547,21.600000381469727,21.31999969482422,21.56999969482422,17505500.0
2012-08-20,PETR4,9.986276626586914,21.549999237060547,21.549999237060547,21.549999237060547,21.549999237060547,0.0
2012-08-21,PETR4,9.842622756958008,21.239999771118164,21.8799991607666,21.15999984741211,21.86000061035156,30201500.0
2012-08-22,PETR4,9.958474159240724,21.489999771118164,21.540000915527344,21.030000686645508,21.1200008392334,21066100.0
2012-08-23,PETR4,9.828721046447754,21.209999084472656,21.51000022888184,21.13999938964844,21.39999961853028,17024700.0
2012-08-24,PETR4,9.83798885345459,21.229999542236328,21.489999771118164,21.049999237060547,21.100000381469727,23253600.0
2012-08-27,PETR4,9.902862548828123,21.3700008392334,21.38999938964844,21.030000686645508,21.270000457763672,14650800.0
2012-08-28,PETR4,9.926034927368164,21.420000076293945,21.489999771118164,21.26000022888184,21.26000022888184,12603500.0
2012-08-29,PETR4,9.828721046447754,21.209999084472656,21.520000457763672,21.100000381469727,21.489999771118164,19172200.0
2012-08-30,PETR4,9.749942779541016,21.040000915527344,21.26000022888184,20.89999961853028,21.09000015258789,15313800.0
2012-08-31,PETR4,9.620190620422363,20.76000022888184,21.209999084472656,20.700000762939453,21.14999961853028,24108200.0
2012-09-03,PETR4,9.564582824707031,20.63999938964844,21.209999084472656,20.5,20.770000457763672,10039200.0
2012-09-04,PETR4,9.46726894378662,20.43000030517578,20.739999771118164,20.3799991607666,20.6299991607666,14057800.0
2012-09-05,PETR4,9.541412353515623,20.59000015258789,21.209999084472656,20.309999465942383,20.549999237060547,13349500.0
2012-09-06,PETR4,9.731409072875977,21.0,21.13999938964844,20.600000381469727,20.670000076293945,18648700.0
2012-09-10,PETR4,9.83798885345459,21.229999542236328,21.540000915527344,21.13999938964844,21.440000534057617,22808700.0
2012-09-11,PETR4,10.060420989990234,21.709999084472656,21.76000022888184,21.25,21.270000457763672,19003800.0
2012-09-12,PETR4,10.19017219543457,21.989999771118164,22.06999969482422,21.68000030517578,21.809999465942383,27378300.0
2012-09-13,PETR4,10.61186695098877,22.89999961853028,23.059999465942383,21.809999465942383,21.940000534057617,40030600.0
2012-09-14,PETR4,10.79722785949707,23.299999237060547,23.84000015258789,23.049999237060547,23.06999969482422,46359700.0
2012-09-17,PETR4,10.783326148986816,23.270000457763672,23.690000534057617,22.86000061035156,23.170000076293945,30364400.0
2012-09-18,PETR4,10.750886917114258,23.200000762939453,23.440000534057617,23.049999237060547,23.34000015258789,16636100.0
2012-09-19,PETR4,10.50528335571289,22.670000076293945,23.34000015258789,22.64999961853028,23.14999961853028,29299800.0
2012-09-20,PETR4,10.662842750549316,23.01000022888184,23.200000762939453,22.420000076293945,22.540000915527344,21080000.0
2012-09-21,PETR4,10.519187927246094,22.700000762939453,23.25,22.700000762939453,23.14999961853028,18749000.0
2012-09-24,PETR4,10.63967227935791,22.959999084472656,23.020000457763672,22.549999237060547,22.65999984741211,18096300.0
2012-09-25,PETR4,10.50528335571289,22.670000076293945,23.100000381469727,22.600000381469727,22.959999084472656,25164100.0
2012-09-26,PETR4,10.55162525177002,22.770000457763672,22.81999969482422,22.459999084472656,22.520000457763672,18642400.0
2012-09-27,PETR4,10.523820877075195,22.709999084472656,22.989999771118164,22.690000534057617,22.89999961853028,18188700.0
2012-09-28,PETR4,10.366265296936035,22.3700008392334,22.64999961853028,22.200000762939453,22.549999237060547,18677900.0
2012-10-01,PETR4,10.431140899658203,22.51000022888184,22.84000015258789,22.309999465942383,22.32999992370605,15561200.0
2012-10-02,PETR4,10.519187927246094,22.700000762939453,22.799999237060547,22.34000015258789,22.670000076293945,15631500.0
2012-10-03,PETR4,10.352362632751465,22.34000015258789,22.8799991607666,22.280000686645508,22.76000022888184,22533600.0
2012-10-04,PETR4,10.380167961120604,22.39999961853028,22.56999969482422,22.020000457763672,22.36000061035156,22324900.0
2012-10-05,PETR4,10.31065559387207,22.25,22.68000030517578,22.200000762939453,22.68000030517578,14597000.0
2012-10-08,PETR4,10.366265296936035,22.3700008392334,22.489999771118164,22.100000381469727,22.100000381469727,13292600.0
2012-10-09,PETR4,10.296756744384766,22.21999931335449,22.600000381469727,22.190000534057617,22.450000762939453,16947700.0
2012-10-10,PETR4,10.25041675567627,22.1200008392334,22.39999961853028,22.059999465942383,22.270000457763672,16063900.0
2012-10-11,PETR4,10.426506042480469,22.5,22.600000381469727,22.200000762939453,22.270000457763672,21974800.0
2012-10-15,PETR4,10.56552791595459,22.799999237060547,22.850000381469727,22.43000030517578,22.549999237060547,23171500.0
2012-10-16,PETR4,10.56552791595459,22.799999237060547,23.100000381469727,22.540000915527344,22.940000534057617,21716400.0
2012-10-17,PETR4,10.496017456054688,22.64999961853028,22.8799991607666,22.549999237060547,22.739999771118164,27176000.0
2012-10-18,PETR4,10.426506042480469,22.5,22.64999961853028,22.299999237060547,22.549999237060547,30325000.0
2012-10-19,PETR4,10.31065559387207,22.25,22.600000381469727,22.21999931335449,22.530000686645508,19987600.0
2012-10-22,PETR4,10.31065559387207,22.25,22.549999237060547,22.01000022888184,22.32999992370605,19212700.0
2012-10-23,PETR4,10.041884422302246,21.670000076293945,21.96999931335449,21.5,21.940000534057617,25921300.0
2012-10-24,PETR4,9.981642723083496,21.540000915527344,21.809999465942383,21.39999961853028,21.729999542236328,10921300.0
2012-10-25,PETR4,10.078954696655272,21.75,22.030000686645508,21.63999938964844,21.709999084472656,11681200.0
2012-10-26,PETR4,10.31065559387207,22.25,22.40999984741211,21.61000061035156,21.690000534057617,25747300.0
2012-10-29,PETR4,9.893594741821287,21.350000381469727,21.600000381469727,21.170000076293945,21.5,20295900.0
2012-10-30,PETR4,9.977007865905762,21.530000686645508,21.68000030517578,21.39999961853028,21.39999961853028,8471800.0
2012-10-31,PETR4,9.638724327087402,20.799999237060547,21.71999931335449,20.799999237060547,21.6299991607666,29805900.0
2012-11-01,PETR4,9.661898612976074,20.850000381469727,21.059999465942383,20.68000030517578,20.920000076293945,22638800.0
2012-11-05,PETR4,9.842622756958008,21.239999771118164,21.450000762939453,20.43000030517578,20.6299991607666,22746700.0
2012-11-06,PETR4,10.046517372131348,21.68000030517578,21.799999237060547,21.270000457763672,21.440000534057617,21288700.0
2012-11-07,PETR4,9.814818382263184,21.18000030517578,21.71999931335449,21.040000915527344,21.6200008392334,23550600.0
2012-11-08,PETR4,9.550681114196776,20.61000061035156,21.350000381469727,20.5,21.200000762939453,22965500.0
2012-11-09,PETR4,9.629460334777832,20.780000686645508,21.11000061035156,20.520000457763672,20.549999237060547,20890300.0
2012-11-12,PETR4,9.47190284729004,20.440000534057617,20.959999084472656,20.309999465942383,20.82999992370605,16831600.0
2012-11-13,PETR4,9.485804557800291,20.46999931335449,20.670000076293945,20.170000076293945,20.440000534057617,25641500.0
2012-11-14,PETR4,9.175328254699709,19.799999237060547,20.540000915527344,19.65999984741211,20.290000915527344,28281900.0
2012-11-16,PETR4,8.818510055541992,19.030000686645508,19.799999237060547,18.84000015258789,19.670000076293945,33874400.0
2012-11-19,PETR4,8.864847183227539,19.1299991607666,19.6200008392334,19.1299991607666,19.440000534057617,22437000.0
2012-11-21,PETR4,8.628515243530273,18.6200008392334,19.559999465942383,18.6200008392334,19.46999931335449,32393400.0
2012-11-22,PETR4,8.642416000366211,18.64999961853028,18.950000762939453,18.450000762939453,18.809999465942383,16757000.0
2012-11-23,PETR4,8.883383750915527,19.170000076293945,19.200000762939453,18.5,18.64999961853028,19514100.0
2012-11-26,PETR4,8.721196174621582,18.81999969482422,19.1299991607666,18.700000762939453,19.1299991607666,18004000.0
2012-11-27,PETR4,8.57754135131836,18.51000022888184,19.290000915527344,18.36000061035156,18.920000076293945,31833300.0
2012-11-28,PETR4,8.642416000366211,18.64999961853028,18.89999961853028,18.350000381469727,18.440000534057617,25941300.0
2012-11-29,PETR4,8.874117851257324,19.14999961853028,19.14999961853028,18.739999771118164,19.0,26702100.0
2012-11-30,PETR4,8.647049903869629,18.65999984741211,19.280000686645508,18.51000022888184,19.09000015258789,37179700.0
2012-12-03,PETR4,8.804608345031738,19.0,19.040000915527344,18.709999084472656,18.8799991607666,21174100.0
2012-12-04,PETR4,8.721196174621582,18.81999969482422,19.13999938964844,18.71999931335449,19.040000915527344,24541800.0
2012-12-05,PETR4,8.776803016662598,18.940000534057617,19.01000022888184,18.739999771118164,19.0,16822600.0
2012-12-06,PETR4,8.66558837890625,18.700000762939453,18.979999542236328,18.700000762939453,18.920000076293945,21476900.0
2012-12-07,PETR4,8.841678619384766,19.07999992370605,19.239999771118164,18.65999984741211,18.770000457763672,17573000.0
2012-12-10,PETR4,9.068744659423828,19.56999969482422,19.700000762939453,18.940000534057617,19.040000915527344,23131600.0
2012-12-11,PETR4,9.263373374938965,19.989999771118164,19.989999771118164,19.61000061035156,19.670000076293945,27429800.0
2012-12-12,PETR4,9.198495864868164,19.850000381469727,20.049999237060547,19.68000030517578,19.93000030517578,34706800.0
2012-12-13,PETR4,9.068744659423828,19.56999969482422,19.82999992370605,19.450000762939453,19.729999542236328,32701400.0
2012-12-14,PETR4,9.36532211303711,20.209999084472656,20.280000686645508,19.530000686645508,19.59000015258789,44756300.0
2012-12-17,PETR4,9.230935096740724,19.920000076293945,20.13999938964844,19.799999237060547,20.07999992370605,28421900.0
2012-12-18,PETR4,9.346783638000488,20.170000076293945,20.26000022888184,19.850000381469727,19.86000061035156,24685000.0
2012-12-19,PETR4,9.698968887329102,20.93000030517578,20.989999771118164,20.39999961853028,20.39999961853028,48430400.0
2012-12-20,PETR4,9.754575729370115,21.049999237060547,21.170000076293945,20.6299991607666,20.8700008392334,25639600.0
2012-12-21,PETR4,9.587753295898438,20.690000534057617,20.739999771118164,20.38999938964844,20.65999984741211,29390200.0
2012-12-26,PETR4,9.295809745788574,20.059999465942383,20.68000030517578,20.0,20.540000915527344,24075000.0
2012-12-27,PETR4,8.994600296020508,19.40999984741211,20.170000076293945,19.350000381469727,20.059999465942383,29298500.0
2012-12-28,PETR4,9.045574188232422,19.520000457763672,19.6299991607666,19.299999237060547,19.5,28368600.0
2013-01-02,PETR4,9.124353408813477,19.690000534057617,20.209999084472656,19.690000534057617,19.989999771118164,30182600.0
2013-01-03,PETR4,9.453365325927734,20.39999961853028,20.39999961853028,19.700000762939453,19.809999465942383,30552600.0
2013-01-04,PETR4,9.46726894378662,20.43000030517578,20.6200008392334,20.170000076293945,20.32999992370605,36141000.0
2013-01-07,PETR4,9.30507755279541,20.07999992370605,20.670000076293945,19.950000762939453,20.479999542236328,28069600.0
2013-01-08,PETR4,9.03630542755127,19.5,20.229999542236328,19.459999084472656,20.11000061035156,29091300.0
2013-01-09,PETR4,9.119718551635742,19.68000030517578,19.8700008392334,19.459999084472656,19.63999938964844,24361100.0
2013-01-10,PETR4,9.189228057861328,19.82999992370605,20.049999237060547,19.540000915527344,19.770000457763672,17526200.0
2013-01-11,PETR4,9.212397575378418,19.8799991607666,20.040000915527344,19.700000762939453,19.850000381469727,18223600.0
2013-01-14,PETR4,9.138253211975098,19.71999931335449,20.239999771118164,19.690000534057617,20.01000022888184,28302400.0
2013-01-15,PETR4,9.18459415435791,19.81999969482422,20.239999771118164,19.690000534057617,20.01000022888184,29633900.0
2013-01-16,PETR4,9.19386100769043,19.84000015258789,19.88999938964844,19.600000381469727,19.88999938964844,16787800.0
2013-01-17,PETR4,9.133620262145996,19.709999084472656,19.93000030517578,19.600000381469727,19.86000061035156,19719600.0
2013-01-18,PETR4,9.073379516601562,19.57999992370605,19.88999938964844,19.540000915527344,19.799999237060547,18913900.0
2013-01-21,PETR4,8.985333442687988,19.38999938964844,19.600000381469727,19.270000457763672,19.56999969482422,18086200.0
2013-01-22,PETR4,9.073379516601562,19.57999992370605,19.61000061035156,19.229999542236328,19.420000076293945,23535100.0
2013-01-23,PETR4,9.059475898742676,19.549999237060547,19.6299991607666,19.229999542236328,19.420000076293945,17200800.0
2013-01-24,PETR4,9.087281227111816,19.61000061035156,19.75,19.3700008392334,19.3700008392334,19612600.0
2013-01-28,PETR4,8.976065635681152,19.3700008392334,19.809999465942383,19.270000457763672,19.729999542236328,20122600.0
2013-01-29,PETR4,8.85558032989502,19.11000061035156,19.3700008392334,18.84000015258789,19.350000381469727,27097900.0
2013-01-30,PETR4,8.433887481689453,18.200000762939453,18.989999771118164,18.170000076293945,18.989999771118164,66985800.0
2013-01-31,PETR4,8.378279685974121,18.07999992370605,18.32999992370605,17.899999618530273,18.26000022888184,33246400.0
2013-02-01,PETR4,8.554370880126953,18.459999084472656,18.64999961853028,18.1200008392334,18.13999938964844,28860400.0
2013-02-04,PETR4,8.341204643249512,18.0,18.350000381469727,17.889999389648438,18.15999984741211,32294300.0
2013-02-05,PETR4,8.378279685974121,18.07999992370605,18.290000915527344,17.260000228881836,17.280000686645508,77332900.0
2013-02-06,PETR4,8.15584659576416,17.600000381469727,18.0,17.530000686645508,17.93000030517578,30886100.0
2013-02-07,PETR4,8.10950756072998,17.5,17.979999542236328,17.31999969482422,17.75,37066400.0
2013-02-08,PETR4,8.220723152160645,17.739999771118164,17.780000686645508,17.3799991607666,17.549999237060547,31068100.0
2013-02-13,PETR4,8.248526573181152,17.799999237060547,18.0,17.729999542236328,17.950000762939453,22328200.0
2013-02-14,PETR4,8.188283920288086,17.670000076293945,17.899999618530273,17.579999923706055,17.790000915527344,25902900.0
2013-02-15,PETR4,8.169747352600098,17.6299991607666,17.790000915527344,17.530000686645508,17.610000610351562,25001600.0
2013-02-18,PETR4,8.294864654541016,17.899999618530273,17.950000762939453,17.520000457763672,17.639999389648438,20291600.0
2013-02-19,PETR4,8.387545585632324,18.100000381469727,18.18000030517578,17.889999389648438,17.90999984741211,28822000.0
2013-02-20,PETR4,8.165115356445312,17.6200008392334,18.100000381469727,17.549999237060547,18.100000381469727,25939500.0
2013-02-21,PETR4,8.026092529296875,17.31999969482422,17.56999969482422,17.200000762939453,17.469999313354492,30382300.0
2013-02-22,PETR4,7.947316646575928,17.149999618530273,17.510000228881836,17.010000228881836,17.510000228881836,30901800.0
2013-02-25,PETR4,7.854636192321777,16.950000762939453,17.100000381469727,16.850000381469727,17.049999237060547,30504000.0
2013-02-26,PETR4,7.757322311401367,16.739999771118164,16.860000610351562,16.530000686645508,16.780000686645508,33405100.0
2013-02-27,PETR4,7.789758682250977,16.809999465942383,16.979999542236328,16.639999389648438,16.790000915527344,28607500.0
2013-02-28,PETR4,7.697079658508301,16.610000610351562,16.850000381469727,16.549999237060547,16.760000228881836,27829200.0
2013-03-01,PETR4,7.831464767456055,16.899999618530273,17.020000457763672,16.399999618530273,16.5,31519900.0
2013-03-04,PETR4,7.646106243133545,16.5,17.100000381469727,16.479999542236328,16.81999969482422,35543300.0
2013-03-05,PETR4,7.673908233642578,16.559999465942383,16.760000228881836,16.469999313354492,16.6299991607666,31669900.0
2013-03-06,PETR4,8.364376068115234,18.049999237060547,18.270000457763672,17.219999313354492,17.600000381469727,73898000.0
2013-03-07,PETR4,8.7814359664917,18.950000762939453,19.57999992370605,18.309999465942383,18.309999465942383,62419400.0
2013-03-08,PETR4,8.512664794921875,18.3700008392334,19.31999969482422,18.15999984741211,18.790000915527344,30589700.0
2013-03-11,PETR4,8.772167205810547,18.93000030517578,18.96999931335449,17.920000076293945,18.290000915527344,25088800.0
2013-03-12,PETR4,8.684122085571289,18.739999771118164,19.13999938964844,18.6299991607666,18.850000381469727,26135700.0
2013-03-13,PETR4,8.68875789642334,18.75,19.200000762939453,18.729999542236328,18.809999465942383,31665300.0
2013-03-14,PETR4,8.938993453979492,19.290000915527344,19.3799991607666,18.600000381469727,18.979999542236328,27172500.0
2013-03-15,PETR4,8.846311569213867,19.09000015258789,19.549999237060547,19.01000022888184,19.39999961853028,43819400.0
2013-03-18,PETR4,8.897286415100098,19.200000762939453,19.350000381469727,18.84000015258789,18.89999961853028,40451100.0
2013-03-19,PETR4,8.850946426391602,19.100000381469727,19.350000381469727,18.82999992370605,18.89999961853028,33822900.0
2013-03-20,PETR4,8.735095977783203,18.850000381469727,19.15999984741211,18.68000030517578,19.049999237060547,27636600.0
2013-03-21,PETR4,8.586807250976562,18.530000686645508,18.86000061035156,18.489999771118164,18.71999931335449,21978600.0
2013-03-22,PETR4,8.633148193359375,18.6299991607666,18.709999084472656,18.459999084472656,18.549999237060547,16137700.0
2013-03-25,PETR4,8.614612579345703,18.59000015258789,18.81999969482422,18.420000076293945,18.729999542236328,24340200.0
2013-03-26,PETR4,8.614612579345703,18.59000015258789,18.8799991607666,18.479999542236328,18.729999542236328,15781800.0
2013-03-27,PETR4,8.535834312438965,18.420000076293945,18.61000061035156,18.350000381469727,18.600000381469727,13305100.0
2013-03-28,PETR4,8.535834312438965,18.420000076293945,18.420000076293945,18.420000076293945,18.420000076293945,0.0
2013-04-01,PETR4,8.355110168457031,18.030000686645508,18.3799991607666,18.020000457763672,18.270000457763672,15544900.0
2013-04-02,PETR4,8.20218563079834,17.700000762939453,18.3799991607666,17.670000076293945,18.270000457763672,20565900.0
2013-04-03,PETR4,8.341204643249512,18.0,18.020000457763672,17.68000030517578,17.68000030517578,15685100.0
2013-04-04,PETR4,8.206819534301758,17.709999084472656,18.209999084472656,17.700000762939453,17.950000762939453,19446600.0
2013-04-05,PETR4,8.248526573181152,17.799999237060547,17.90999984741211,17.549999237060547,17.579999923706055,17060000.0
2013-04-08,PETR4,8.049263000488281,17.3700008392334,17.90999984741211,17.34000015258789,17.860000610351562,21977500.0
2013-04-09,PETR4,8.41071605682373,18.14999961853028,18.25,17.479999542236328,17.479999542236328,30757500.0
2013-04-10,PETR4,8.535834312438965,18.420000076293945,18.64999961853028,18.170000076293945,18.209999084472656,31780200.0
2013-04-11,PETR4,8.336573600769043,17.989999771118164,18.530000686645508,17.8700008392334,18.46999931335449,22207700.0
2013-04-12,PETR4,8.322668075561523,17.959999084472656,18.07999992370605,17.530000686645508,17.940000534057617,27398100.0
2013-04-15,PETR4,7.984386920928955,17.229999542236328,17.829999923706055,17.1200008392334,17.700000762939453,35788600.0
2013-04-16,PETR4,8.20218563079834,17.700000762939453,17.75,17.43000030517578,17.469999313354492,23747400.0
2013-04-17,PETR4,7.956583976745605,17.170000076293945,17.600000381469727,16.979999542236328,17.440000534057617,39388400.0
2013-04-18,PETR4,8.257794380187988,17.81999969482422,17.940000534057617,17.1200008392334,17.31999969482422,28503000.0
2013-04-19,PETR4,8.521932601928711,18.38999938964844,18.479999542236328,17.950000762939453,18.14999961853028,38352400.0
2013-04-22,PETR4,8.707292556762695,18.790000915527344,18.790000915527344,18.170000076293945,18.3700008392334,24193100.0
2013-04-23,PETR4,8.860215187072754,19.1200008392334,19.520000457763672,18.65999984741211,18.709999084472656,34735500.0
2013-04-24,PETR4,9.008502960205078,19.440000534057617,19.65999984741211,19.01000022888184,19.059999465942383,33313000.0
2013-04-25,PETR4,8.883383750915527,19.170000076293945,19.690000534057617,19.13999938964844,19.46999931335449,35164600.0
2013-04-26,PETR4,8.883383750915527,19.170000076293945,19.170000076293945,19.170000076293945,19.170000076293945,0.0
2013-04-29,PETR4,9.462634086608888,20.420000076293945,20.57999992370605,19.940000534057617,20.0,70739800.0
2013-04-30,PETR4,9.489165306091309,20.09000015258789,20.100000381469727,19.440000534057617,19.64999961853028,45900400.0
2013-05-02,PETR4,9.564740180969238,20.25,20.6299991607666,19.850000381469727,19.850000381469727,33746700.0
2013-05-03,PETR4,9.43248462677002,19.96999931335449,20.65999984741211,19.88999938964844,20.489999771118164,43006300.0
2013-05-06,PETR4,9.602523803710938,20.32999992370605,20.3700008392334,19.81999969482422,20.01000022888184,31141800.0
2013-05-07,PETR4,9.739501953125,20.6200008392334,20.739999771118164,20.280000686645508,20.39999961853028,26392200.0
2013-05-08,PETR4,9.58363151550293,20.290000915527344,20.81999969482422,20.21999931335449,20.75,24409000.0
2013-05-09,PETR4,9.588354110717772,20.299999237060547,20.520000457763672,20.09000015258789,20.25,22864300.0
2013-05-10,PETR4,9.427763938903809,19.959999084472656,20.38999938964844,19.709999084472656,20.15999984741211,22031200.0
2013-05-13,PETR4,9.205763816833496,19.489999771118164,19.850000381469727,19.3799991607666,19.809999465942383,21577600.0
2013-05-14,PETR4,9.234106063842772,19.549999237060547,19.68000030517578,19.25,19.530000686645508,30643700.0
2013-05-15,PETR4,9.24355411529541,19.56999969482422,19.63999938964844,19.32999992370605,19.5,21869300.0
2013-05-16,PETR4,9.328573226928713,19.75,20.07999992370605,19.459999084472656,19.520000457763672,25067200.0
2013-05-17,PETR4,9.394700050354004,19.88999938964844,20.049999237060547,19.790000915527344,19.90999984741211,19040100.0
2013-05-20,PETR4,9.541122436523438,20.200000762939453,20.25,19.559999465942383,19.90999984741211,30571700.0
2013-05-21,PETR4,9.564740180969238,20.25,20.3799991607666,19.979999542236328,20.190000534057617,23442000.0
2013-05-22,PETR4,9.408869743347168,19.920000076293945,20.39999961853028,19.68000030517578,20.270000457763672,35008900.0
2013-05-23,PETR4,9.38053035736084,19.86000061035156,19.86000061035156,19.479999542236328,19.549999237060547,33324000.0
2013-05-24,PETR4,9.489165306091309,20.09000015258789,20.15999984741211,19.790000915527344,19.88999938964844,37019600.0
2013-05-27,PETR4,9.413591384887695,19.93000030517578,20.14999961853028,19.920000076293945,20.01000022888184,5829800.0
2013-05-28,PETR4,9.46555233001709,20.040000915527344,20.34000015258789,20.01000022888184,20.15999984741211,27705200.0
2013-05-29,PETR4,9.375804901123049,19.850000381469727,20.06999969482422,19.799999237060547,19.920000076293945,24961000.0
2013-05-31,PETR4,9.474994659423828,20.059999465942383,20.36000061035156,19.799999237060547,19.8700008392334,35298900.0
2013-06-03,PETR4,9.58363151550293,20.290000915527344,20.440000534057617,19.940000534057617,20.11000061035156,30659400.0
2013-06-04,PETR4,9.479719161987305,20.06999969482422,20.46999931335449,19.959999084472656,20.459999084472656,24447600.0
2013-06-05,PETR4,9.17270278930664,19.420000076293945,20.1299991607666,19.31999969482422,20.0,32247700.0
2013-06-06,PETR4,9.191595077514648,19.459999084472656,19.549999237060547,19.07999992370605,19.459999084472656,27173200.0
2013-06-07,PETR4,8.898749351501465,18.84000015258789,19.270000457763672,18.71999931335449,18.950000762939453,38700300.0
2013-06-10,PETR4,8.917641639709473,18.8799991607666,19.1200008392334,18.82999992370605,18.84000015258789,20083800.0
2013-06-11,PETR4,8.752325057983398,18.530000686645508,18.790000915527344,18.229999542236328,18.64999961853028,32153800.0
2013-06-12,PETR4,8.558670043945312,18.1200008392334,18.799999237060547,18.059999465942383,18.670000076293945,37220900.0
2013-06-13,PETR4,8.879858016967773,18.799999237060547,19.020000457763672,17.940000534057617,18.100000381469727,31233400.0
2013-06-14,PETR4,8.667308807373047,18.350000381469727,18.86000061035156,18.0,18.64999961853028,38201000.0
2013-06-17,PETR4,8.544500350952148,18.09000015258789,18.530000686645508,17.959999084472656,18.450000762939453,24946300.0
2013-06-18,PETR4,8.421693801879883,17.829999923706055,18.07999992370605,17.6200008392334,17.950000762939453,31790400.0
2013-06-19,PETR4,8.124123573303223,17.200000762939453,17.950000762939453,17.149999618530273,17.889999389648438,39085200.0
2013-06-20,PETR4,7.977700710296631,16.889999389648438,17.270000457763672,16.5,16.899999618530273,63934700.0
2013-06-21,PETR4,7.750980854034424,16.40999984741211,16.93000030517578,16.399999618530273,16.93000030517578,42577100.0
2013-06-24,PETR4,7.514815807342529,15.90999984741211,16.25,15.56999969482422,15.970000267028809,40535500.0
2013-06-25,PETR4,7.60455846786499,16.100000381469727,16.389999389648438,15.869999885559082,16.100000381469727,32074100.0
2013-06-26,PETR4,7.628174781799316,16.149999618530273,16.440000534057617,16.079999923706055,16.139999389648438,29858400.0
2013-06-27,PETR4,7.736809730529785,16.3799991607666,16.600000381469727,16.170000076293945,16.219999313354492,26451400.0
2013-06-28,PETR4,7.6376214027404785,16.170000076293945,16.350000381469727,15.9399995803833,16.350000381469727,33968700.0
2013-07-01,PETR4,7.614006519317627,16.1200008392334,16.350000381469727,15.9399995803833,16.350000381469727,22732600.0
2013-07-02,PETR4,7.269201278686523,15.390000343322754,16.25,15.109999656677246,16.049999237060547,55953200.0
2013-07-03,PETR4,7.510091304779053,15.899999618530272,15.979999542236328,15.149999618530272,15.239999771118164,50191800.0
2013-07-04,PETR4,7.538431644439697,15.960000038146973,16.170000076293945,15.880000114440918,16.100000381469727,23818500.0
2013-07-05,PETR4,7.155840873718262,15.149999618530272,15.81999969482422,14.9399995803833,15.8100004196167,49067400.0
2013-07-08,PETR4,7.084991455078125,15.0,15.350000381469728,14.970000267028809,15.199999809265137,22430900.0
2013-07-10,PETR4,7.203074455261231,15.25,15.4399995803833,15.0600004196167,15.18000030517578,20890800.0
2013-07-11,PETR4,7.443964958190918,15.760000228881836,15.829999923706056,15.25,15.520000457763672,34049700.0
2013-07-12,PETR4,7.288094520568848,15.43000030517578,15.920000076293944,15.270000457763672,15.65999984741211,23796600.0
2013-07-15,PETR4,7.321157932281494,15.5,15.6899995803833,15.350000381469728,15.449999809265137,20392700.0
2013-07-16,PETR4,7.439241886138916,15.75,15.800000190734863,15.470000267028809,15.640000343322754,21047000.0
2013-07-17,PETR4,7.585665225982666,16.059999465942383,16.200000762939453,15.869999885559082,15.90999984741211,29311200.0
2013-07-18,PETR4,7.60455846786499,16.100000381469727,16.290000915527344,15.90999984741211,16.0,23440300.0
2013-07-19,PETR4,7.547877788543701,15.979999542236328,16.100000381469727,15.850000381469728,16.06999969482422,18711400.0
2013-07-22,PETR4,7.699024200439453,16.299999237060547,16.489999771118164,15.899999618530272,15.970000267028809,25517000.0
2013-07-23,PETR4,7.750980854034424,16.40999984741211,16.65999984741211,16.3799991607666,16.40999984741211,25271000.0
2013-07-24,PETR4,7.741535663604736,16.389999389648438,16.549999237060547,16.149999618530273,16.3700008392334,24012400.0
2013-07-25,PETR4,7.954083442687988,16.84000015258789,16.8799991607666,16.209999084472656,16.239999771118164,37212500.0
2013-07-26,PETR4,7.954083442687988,16.84000015258789,16.84000015258789,16.84000015258789,16.84000015258789,0.0
2013-07-29,PETR4,7.87851095199585,16.68000030517578,17.059999465942383,16.6299991607666,16.989999771118164,17729600.0
2013-07-30,PETR4,7.774596691131592,16.459999084472656,16.81999969482422,16.360000610351562,16.780000686645508,22635200.0
2013-07-31,PETR4,7.694301128387451,16.290000915527344,16.5,16.170000076293945,16.329999923706055,23703200.0
2013-08-01,PETR4,8.001317024230957,16.940000534057617,17.040000915527344,16.600000381469727,16.700000762939453,31759700.0
2013-08-02,PETR4,7.939914703369141,16.809999465942383,17.040000915527344,16.690000534057617,16.8700008392334,17726400.0
2013-08-05,PETR4,7.864339828491211,16.649999618530273,16.8700008392334,16.540000915527344,16.770000457763672,15018300.0
2013-08-06,PETR4,7.689578056335449,16.280000686645508,16.700000762939453,16.100000381469727,16.68000030517578,25592100.0
2013-08-07,PETR4,7.675407886505127,16.25,16.459999084472656,16.100000381469727,16.270000457763672,17681900.0
2013-08-08,PETR4,7.864339828491211,16.649999618530273,16.850000381469727,16.200000762939453,16.350000381469727,25830400.0
2013-08-09,PETR4,8.067442893981934,17.079999923706055,17.1200008392334,16.520000457763672,16.739999771118164,31884100.0
2013-08-12,PETR4,7.840724468231201,16.600000381469727,17.65999984741211,16.469999313354492,17.299999237060547,54624200.0
2013-08-13,PETR4,7.7320876121521,16.3700008392334,16.65999984741211,16.170000076293945,16.649999618530273,34946200.0
2013-08-14,PETR4,8.006040573120117,16.950000762939453,17.0,16.290000915527344,16.360000610351562,53853000.0
2013-08-15,PETR4,8.421693801879883,17.829999923706055,17.959999084472656,16.670000076293945,16.700000762939453,81143700.0
2013-08-16,PETR4,8.398077011108398,17.780000686645508,18.059999465942383,17.420000076293945,17.760000228881836,37711200.0
2013-08-19,PETR4,8.421693801879883,17.829999923706055,18.030000686645508,17.360000610351562,17.450000762939453,49861800.0
2013-08-20,PETR4,8.091060638427734,17.1299991607666,17.850000381469727,17.110000610351562,17.709999084472656,30368900.0
2013-08-21,PETR4,8.190251350402832,17.34000015258789,17.780000686645508,17.040000915527344,17.06999969482422,43315900.0
2013-08-22,PETR4,8.624794006347656,18.26000022888184,18.3700008392334,17.6299991607666,17.799999237060547,52679300.0
2013-08-23,PETR4,8.761773109436035,18.549999237060547,18.59000015258789,18.1200008392334,18.1200008392334,32500500.0
2013-08-26,PETR4,8.591733932495117,18.190000534057617,18.690000534057617,18.170000076293945,18.5,17906800.0
2013-08-27,PETR4,8.242207527160645,17.450000762939453,18.049999237060547,17.450000762939453,17.950000762939453,29023800.0
2013-08-28,PETR4,8.105230331420898,17.15999984741211,17.75,17.09000015258789,17.510000228881836,30051100.0
2013-08-29,PETR4,7.982422828674316,16.899999618530273,17.479999542236328,16.850000381469727,17.31999969482422,24162000.0
2013-08-30,PETR4,8.024933815002441,16.989999771118164,17.479999542236328,16.520000457763672,17.31999969482422,38933500.0
2013-09-02,PETR4,7.982422828674316,16.899999618530273,17.229999542236328,16.860000610351562,17.149999618530273,19051300.0
2013-09-03,PETR4,7.925744533538818,16.780000686645508,17.1299991607666,16.68000030517578,16.889999389648438,31474500.0
2013-09-04,PETR4,7.958807468414307,16.850000381469727,16.940000534057617,16.559999465942383,16.6299991607666,36993600.0
2013-09-05,PETR4,8.284717559814453,17.540000915527344,17.809999465942383,16.84000015258789,16.860000610351562,47992900.0
2013-09-06,PETR4,8.388629913330078,17.760000228881836,18.0,17.459999084472656,17.799999237060547,30863700.0
2013-09-09,PETR4,8.58228588104248,18.170000076293945,18.21999931335449,17.770000457763672,17.770000457763672,29932300.0
2013-09-10,PETR4,8.662583351135254,18.34000015258789,18.540000915527344,18.170000076293945,18.25,29063300.0
2013-09-11,PETR4,8.620072364807129,18.25,18.540000915527344,18.06999969482422,18.290000915527344,27324600.0
2013-09-12,PETR4,8.431138038635254,17.850000381469727,18.39999961853028,17.75,18.170000076293945,47880700.0
2013-09-13,PETR4,8.563392639160156,18.1299991607666,18.270000457763672,17.799999237060547,17.850000381469727,18359900.0
2013-09-16,PETR4,8.714540481567383,18.450000762939453,18.71999931335449,18.170000076293945,18.43000030517578,33961100.0
2013-09-17,PETR4,8.752325057983398,18.530000686645508,18.600000381469727,18.299999237060547,18.59000015258789,18948400.0
2013-09-18,PETR4,8.927087783813477,18.89999961853028,19.0,18.15999984741211,18.40999984741211,30957700.0
2013-09-19,PETR4,9.049896240234377,19.15999984741211,19.309999465942383,18.76000022888184,18.959999084472656,24470200.0
2013-09-20,PETR4,8.945982933044434,18.940000534057617,19.18000030517578,18.780000686645508,19.09000015258789,18955300.0
2013-09-23,PETR4,9.045174598693848,19.14999961853028,19.21999931335449,18.780000686645508,19.09000015258789,13990200.0
2013-09-24,PETR4,8.865686416625977,18.770000457763672,19.21999931335449,18.75,19.09000015258789,18969200.0
2013-09-25,PETR4,8.879858016967773,18.799999237060547,18.920000076293945,18.6200008392334,18.729999542236328,17152400.0
2013-09-26,PETR4,8.780667304992676,18.59000015258789,18.81999969482422,18.520000457763672,18.81999969482422,18168900.0
2013-09-27,PETR4,8.72870922088623,18.479999542236328,18.81999969482422,18.440000534057617,18.56999969482422,19065700.0
2013-09-30,PETR4,8.67203140258789,18.36000061035156,19.040000915527344,18.34000015258789,18.56999969482422,32326800.0
2013-10-01,PETR4,8.813729286193848,18.65999984741211,18.690000534057617,18.3700008392334,18.530000686645508,15455100.0
2013-10-02,PETR4,8.870409965515137,18.780000686645508,18.84000015258789,18.540000915527344,18.57999992370605,10870500.0
2013-10-03,PETR4,8.757050514221191,18.540000915527344,18.82999992370605,18.43000030517578,18.799999237060547,18453900.0
2013-10-04,PETR4,8.818451881408691,18.670000076293945,18.68000030517578,18.06999969482422,18.38999938964844,27996700.0
2013-10-07,PETR4,8.794837951660156,18.6200008392334,18.82999992370605,18.5,18.56999969482422,18500000.0
2013-10-08,PETR4,8.648412704467773,18.309999465942383,18.770000457763672,18.200000762939453,18.65999984741211,23379200.0
2013-10-09,PETR4,8.535051345825195,18.06999969482422,18.459999084472656,17.969999313354492,18.39999961853028,19516400.0
2013-10-10,PETR4,8.57284164428711,18.14999961853028,18.350000381469727,18.010000228881836,18.26000022888184,22821900.0
2013-10-11,PETR4,8.549224853515625,18.100000381469727,18.309999465942383,17.989999771118164,18.14999961853028,18833200.0
2013-10-14,PETR4,8.629520416259766,18.270000457763672,18.31999969482422,17.940000534057617,18.059999465942383,21569300.0
2013-10-15,PETR4,8.700369834899902,18.420000076293945,18.479999542236328,18.18000030517578,18.34000015258789,27224300.0
2013-10-16,PETR4,8.667308807373047,18.350000381469727,18.64999961853028,18.15999984741211,18.46999931335449,35018800.0
2013-10-17,PETR4,8.601180076599121,18.209999084472656,18.530000686645508,18.15999984741211,18.270000457763672,26905100.0
2013-10-18,PETR4,8.473650932312012,17.940000534057617,18.38999938964844,17.829999923706055,18.21999931335449,28111800.0
2013-10-21,PETR4,8.917641639709473,18.8799991607666,18.979999542236328,17.709999084472656,17.989999771118164,51907400.0
2013-10-22,PETR4,8.761773109436035,18.549999237060547,19.059999465942383,18.51000022888184,18.959999084472656,32733500.0
2013-10-23,PETR4,8.65786075592041,18.32999992370605,18.850000381469727,18.209999084472656,18.549999237060547,21433300.0
2013-10-24,PETR4,8.615350723266602,18.239999771118164,18.56999969482422,18.040000915527344,18.36000061035156,22513200.0
2013-10-25,PETR4,8.733431816101074,18.489999771118164,18.729999542236328,18.200000762939453,18.229999542236328,30298000.0
2013-10-28,PETR4,9.394700050354004,19.88999938964844,19.89999961853028,19.01000022888184,19.420000076293945,73626100.0
2013-10-29,PETR4,9.304954528808594,19.700000762939453,19.959999084472656,19.32999992370605,19.709999084472656,33394100.0
2013-10-30,PETR4,9.4230375289917,19.950000762939453,20.11000061035156,19.15999984741211,19.82999992370605,54345800.0
2013-10-31,PETR4,9.58363151550293,20.290000915527344,20.559999465942383,19.850000381469727,19.959999084472656,41785200.0
2013-11-01,PETR4,9.38053035736084,19.86000061035156,20.350000381469727,19.81999969482422,20.1200008392334,43494000.0
2013-11-04,PETR4,9.55056858062744,20.21999931335449,20.280000686645508,19.950000762939453,19.989999771118164,20508100.0
2013-11-05,PETR4,9.564740180969238,20.25,20.40999984741211,20.049999237060547,20.290000915527344,30093900.0
2013-11-06,PETR4,9.640310287475586,20.40999984741211,20.40999984741211,20.07999992370605,20.290000915527344,21824900.0
2013-11-07,PETR4,9.4466552734375,20.0,20.6299991607666,19.90999984741211,20.270000457763672,20998800.0
2013-11-08,PETR4,9.276616096496582,19.63999938964844,20.06999969482422,19.600000381469727,19.950000762939453,28408100.0
2013-11-11,PETR4,9.489165306091309,20.09000015258789,20.1200008392334,19.5,19.65999984741211,22190300.0
2013-11-12,PETR4,9.234106063842772,19.549999237060547,20.25,19.450000762939453,20.059999465942383,24586900.0
2013-11-13,PETR4,9.418315887451172,19.940000534057617,19.989999771118164,19.25,19.549999237060547,31361100.0
2013-11-14,PETR4,9.659208297729492,20.450000762939453,20.5,19.959999084472656,20.0,24679800.0
2013-11-18,PETR4,10.126815795898438,21.440000534057617,21.440000534057617,20.459999084472656,20.5,45214900.0
2013-11-19,PETR4,9.970945358276367,21.11000061035156,21.3700008392334,20.86000061035156,21.299999237060547,42654300.0
2013-11-21,PETR4,9.87175464630127,20.89999961853028,21.1299991607666,20.38999938964844,20.5,35845800.0
2013-11-22,PETR4,9.763118743896484,20.670000076293945,21.200000762939453,20.63999938964844,20.75,23810600.0
2013-11-25,PETR4,9.616695404052734,20.36000061035156,20.950000762939453,20.309999465942383,20.82999992370605,17132300.0
2013-11-26,PETR4,9.01210880279541,19.07999992370605,20.040000915527344,19.07999992370605,19.89999961853028,38515500.0
2013-11-27,PETR4,8.960149765014648,18.96999931335449,19.36000061035156,18.809999465942383,19.209999084472656,29298900.0
2013-11-28,PETR4,8.813729286193848,18.65999984741211,19.21999931335449,18.549999237060547,18.950000762939453,28872500.0
2013-11-29,PETR4,9.031002044677734,19.1200008392334,19.38999938964844,18.770000457763672,18.88999938964844,37804300.0
2013-12-02,PETR4,8.19969654083252,17.360000610351562,18.06999969482422,17.350000381469727,17.860000610351562,78353000.0
2013-12-03,PETR4,8.270546913146973,17.510000228881836,17.8799991607666,17.049999237060547,17.450000762939453,45735400.0
2013-12-04,PETR4,8.246929168701172,17.459999084472656,17.760000228881836,17.3700008392334,17.760000228881836,27512500.0
2013-12-05,PETR4,8.327226638793945,17.6299991607666,17.829999923706055,17.3700008392334,17.760000228881836,25337400.0
2013-12-06,PETR4,8.138294219970703,17.229999542236328,17.780000686645508,17.18000030517578,17.729999542236328,32578300.0
2013-12-09,PETR4,8.242207527160645,17.450000762939453,17.469999313354492,17.1200008392334,17.31999969482422,13696800.0
2013-12-10,PETR4,8.171357154846191,17.299999237060547,17.459999084472656,17.260000228881836,17.360000610351562,14608900.0
2013-12-11,PETR4,7.925744533538818,16.780000686645508,17.34000015258789,16.719999313354492,17.280000686645508,21615100.0
2013-12-12,PETR4,7.963531970977783,16.860000610351562,17.020000457763672,16.690000534057617,16.850000381469727,21980300.0
2013-12-13,PETR4,8.133569717407227,17.219999313354492,17.239999771118164,16.90999984741211,16.989999771118164,28058000.0
2013-12-16,PETR4,8.190251350402832,17.34000015258789,17.5,17.079999923706055,17.25,32498700.0
2013-12-17,PETR4,7.935189247131348,16.799999237060547,17.350000381469727,16.799999237060547,17.209999084472656,29001000.0
2013-12-18,PETR4,7.954083442687988,16.84000015258789,17.170000076293945,16.829999923706055,16.950000762939453,22817200.0
2013-12-19,PETR4,8.14773941040039,17.25,17.290000915527344,16.8700008392334,17.1200008392334,17906300.0
2013-12-20,PETR4,7.987146854400635,16.90999984741211,17.290000915527344,16.799999237060547,17.25,26875500.0
2013-12-23,PETR4,8.057995796203613,17.059999465942383,17.170000076293945,16.8700008392334,17.020000457763672,11520400.0
2013-12-26,PETR4,7.991869926452637,16.920000076293945,17.190000534057617,16.889999389648438,17.149999618530273,15294800.0
2013-12-27,PETR4,7.996595859527588,16.93000030517578,17.020000457763672,16.81999969482422,17.0,15114200.0
2013-12-30,PETR4,8.067442893981934,17.079999923706055,17.25,16.950000762939453,16.950000762939453,10598500.0
2014-01-02,PETR4,7.911574363708496,16.75,17.200000762939453,16.649999618530273,17.149999618530273,17284800.0
2014-01-03,PETR4,7.793491363525391,16.5,16.780000686645508,16.40999984741211,16.739999771118164,17837600.0
2014-01-06,PETR4,7.850172519683838,16.6200008392334,16.639999389648438,16.15999984741211,16.450000762939453,20526500.0
2014-01-07,PETR4,7.632897853851318,16.15999984741211,16.829999923706055,16.1200008392334,16.649999618530273,19052500.0
2014-01-08,PETR4,7.647068023681641,16.190000534057617,16.389999389648438,16.139999389648438,16.270000457763672,15874600.0
2014-01-09,PETR4,7.41562557220459,15.699999809265137,16.290000915527344,15.649999618530272,16.190000534057617,25871700.0
2014-01-10,PETR4,7.543153762817383,15.970000267028809,16.299999237060547,15.65999984741211,15.760000228881836,30221300.0
2014-01-13,PETR4,7.4486870765686035,15.770000457763672,16.110000610351562,15.640000343322754,16.010000228881836,21660900.0
2014-01-14,PETR4,7.41562557220459,15.699999809265137,15.869999885559082,15.619999885559082,15.710000038146973,16339200.0
2014-01-15,PETR4,7.576217174530029,16.040000915527344,16.149999618530273,15.6899995803833,15.789999961853027,25748600.0
2014-01-16,PETR4,7.363668918609619,15.59000015258789,16.190000534057617,15.56999969482422,16.040000915527344,32946000.0
2014-01-17,PETR4,7.325881004333496,15.510000228881836,15.770000457763672,15.449999809265137,15.720000267028809,22865900.0
2014-01-20,PETR4,7.170011520385742,15.18000030517578,15.609999656677246,15.140000343322754,15.449999809265137,17725000.0
2014-01-21,PETR4,7.245584964752197,15.34000015258789,15.34000015258789,15.3100004196167,15.34000015258789,19893400.0
2014-01-22,PETR4,7.481750965118408,15.84000015258789,15.899999618530272,15.270000457763672,15.420000076293944,44870600.0
2014-01-23,PETR4,7.306988716125488,15.470000267028809,15.90999984741211,15.460000038146973,15.670000076293944,24150400.0
2014-01-24,PETR4,7.132225036621094,15.100000381469728,15.4399995803833,14.979999542236328,15.380000114440918,27964100.0
2014-01-27,PETR4,7.1369476318359375,15.109999656677246,15.289999961853027,15.039999961853027,15.210000038146973,20818700.0
2014-01-28,PETR4,7.108609676361084,15.050000190734863,15.4399995803833,15.020000457763672,15.359999656677246,22373700.0
2014-01-29,PETR4,6.990523815155029,14.800000190734863,15.140000343322754,14.699999809265137,15.0600004196167,25561100.0
2014-01-30,PETR4,6.943291664123535,14.699999809265137,15.100000381469728,14.630000114440918,14.880000114440918,25607800.0
2014-01-31,PETR4,6.943291664123535,14.699999809265137,15.06999969482422,14.550000190734863,14.640000343322754,49314200.0
2014-02-03,PETR4,6.54180908203125,13.850000381469728,14.630000114440918,13.800000190734863,14.59000015258789,51667600.0
2014-02-04,PETR4,6.655169486999512,14.09000015258789,14.220000267028809,13.770000457763672,14.039999961853027,36400300.0
2014-02-05,PETR4,6.532362937927246,13.829999923706056,14.279999732971191,13.5600004196167,14.149999618530272,39232600.0
2014-02-06,PETR4,6.711848735809326,14.210000038146973,14.359999656677246,13.880000114440918,13.9399995803833,32126900.0
2014-02-07,PETR4,6.825207710266113,14.449999809265137,14.550000190734863,14.15999984741211,14.270000457763672,34263100.0
2014-02-10,PETR4,6.900779724121094,14.609999656677246,14.699999809265137,14.329999923706056,14.359999656677246,29123100.0
2014-02-11,PETR4,7.066098690032959,14.960000038146973,15.06999969482422,14.640000343322754,14.710000038146973,28992000.0
2014-02-12,PETR4,7.066098690032959,14.960000038146973,15.100000381469728,14.779999732971191,15.079999923706056,23713700.0
2014-02-13,PETR4,6.900779724121094,14.609999656677246,14.829999923706056,14.4399995803833,14.779999732971191,28201900.0
2014-02-14,PETR4,6.886612415313721,14.579999923706056,14.710000038146973,14.470000267028809,14.710000038146973,27084100.0
2014-02-17,PETR4,6.815762519836426,14.43000030517578,14.699999809265137,14.3100004196167,14.649999618530272,13181700.0
2014-02-18,PETR4,6.664615154266357,14.109999656677246,14.579999923706056,14.109999656677246,14.420000076293944,31555400.0
2014-02-19,PETR4,6.707124710083008,14.199999809265137,14.199999809265137,13.880000114440918,14.020000457763672,28362700.0
2014-02-20,PETR4,6.688231945037842,14.15999984741211,14.34000015258789,13.979999542236328,14.0600004196167,24473700.0
2014-02-21,PETR4,6.683509349822998,14.149999618530272,14.31999969482422,14.06999969482422,14.199999809265137,18689200.0
2014-02-24,PETR4,6.848824501037598,14.5,14.56999969482422,14.010000228881836,14.109999656677246,20993900.0
2014-02-25,PETR4,6.697680473327637,14.18000030517578,14.670000076293944,14.109999656677246,14.449999809265137,35828100.0
2014-02-26,PETR4,6.470958232879639,13.699999809265137,14.25,13.68000030517578,14.199999809265137,45181500.0
2014-02-27,PETR4,6.631551265716553,14.039999961853027,14.100000381469728,13.649999618530272,13.81999969482422,23575900.0
2014-02-28,PETR4,6.419003486633301,13.59000015258789,14.149999618530272,13.579999923706056,14.100000381469728,28318200.0
2014-03-05,PETR4,6.2773027420043945,13.289999961853027,13.729999542236328,13.279999732971191,13.699999809265137,15287200.0
2014-03-06,PETR4,6.343430519104004,13.43000030517578,13.720000267028809,13.3100004196167,13.420000076293944,29223600.0
2014-03-07,PETR4,6.291472911834717,13.31999969482422,13.619999885559082,13.210000038146973,13.43000030517578,33482800.0
2014-03-10,PETR4,6.145050525665283,13.010000228881836,13.369999885559082,12.899999618530272,13.270000457763672,39540700.0
2014-03-11,PETR4,6.192284107208252,13.109999656677246,13.170000076293944,12.960000038146973,13.0600004196167,37605100.0
2014-03-12,PETR4,6.291472911834717,13.31999969482422,13.460000038146973,13.079999923706056,13.109999656677246,42963100.0
2014-03-13,PETR4,6.154495716094971,13.029999732971191,13.479999542236328,13.029999732971191,13.390000343322754,22769800.0
2014-03-14,PETR4,6.036412239074707,12.779999732971191,13.119999885559082,12.770000457763672,13.079999923706056,34674800.0
2014-03-17,PETR4,5.937222957611084,12.56999969482422,12.960000038146973,12.550000190734863,12.880000114440918,39457400.0
2014-03-18,PETR4,6.126156330108643,12.970000267028809,13.050000190734863,12.56999969482422,12.640000343322754,45126500.0
2014-03-19,PETR4,6.300918102264404,13.34000015258789,13.529999732971191,12.93000030517578,12.949999809265137,51670900.0
2014-03-20,PETR4,6.607935428619385,13.989999771118164,14.039999961853027,13.15999984741211,13.229999542236328,58253000.0
2014-03-21,PETR4,6.622106552124023,14.020000457763672,14.149999618530272,13.449999809265137,13.449999809265137,49269400.0
2014-03-24,PETR4,6.811038494110107,14.420000076293944,14.43000030517578,13.869999885559082,14.170000076293944,34293400.0
2014-03-25,PETR4,6.839378356933594,14.479999542236328,14.600000381469728,14.130000114440918,14.260000228881836,40256700.0
2014-03-26,PETR4,6.801592350006104,14.399999618530272,14.6899995803833,14.350000381469728,14.550000190734863,29664700.0
2014-03-27,PETR4,7.354221820831299,15.56999969482422,15.579999923706056,14.31999969482422,14.390000343322754,77808100.0
2014-03-28,PETR4,7.396730422973633,15.65999984741211,15.770000457763672,15.199999809265137,15.56999969482422,42344400.0
2014-03-31,PETR4,7.453411102294922,15.779999732971191,15.789999961853027,15.5,15.710000038146973,28288900.0
2014-04-01,PETR4,7.467581272125244,15.8100004196167,15.850000381469728,15.479999542236328,15.720000267028809,36206100.0
2014-04-02,PETR4,7.349498748779297,15.5600004196167,16.600000381469727,15.699999809265137,15.710000038146973,66007000.0
2014-04-03,PETR4,7.756034374237059,15.399999618530272,15.649999618530272,15.119999885559082,15.529999732971191,56189100.0
2014-04-04,PETR4,7.776179790496826,15.4399995803833,15.710000038146973,15.350000381469728,15.619999885559082,33173500.0
2014-04-07,PETR4,8.28989028930664,16.459999084472656,16.459999084472656,15.699999809265137,15.699999809265137,50400200.0
2014-04-08,PETR4,8.053182601928711,15.989999771118164,17.06999969482422,15.720000267028809,16.799999237060547,69307600.0
2014-04-09,PETR4,7.982671737670898,15.850000381469728,15.9399995803833,15.420000076293944,15.90999984741211,41775400.0
2014-04-10,PETR4,7.897054195404053,15.68000030517578,16.049999237060547,15.550000190734863,15.65999984741211,27907900.0
2014-04-11,PETR4,8.153910636901855,16.190000534057617,16.200000762939453,15.40999984741211,15.529999732971191,42898300.0
2014-04-14,PETR4,8.022964477539062,15.93000030517578,16.360000610351562,15.829999923706056,16.280000686645508,26799700.0
2014-04-15,PETR4,7.715744018554687,15.31999969482422,16.09000015258789,15.130000114440918,15.760000228881836,35870400.0
2014-04-16,PETR4,7.947417736053467,15.779999732971191,15.779999732971191,15.239999771118164,15.59000015258789,28674000.0
2014-04-17,PETR4,8.249600410461426,16.3799991607666,16.600000381469727,15.539999961853027,15.899999618530272,44689200.0
2014-04-22,PETR4,8.038071632385254,15.960000038146973,16.670000076293945,15.84000015258789,16.309999465942383,44896500.0
2014-04-23,PETR4,8.078363418579102,16.040000915527344,16.06999969482422,15.75,15.970000267028809,22259300.0
2014-04-24,PETR4,8.123690605163574,16.1299991607666,16.329999923706055,15.869999885559082,16.200000762939453,30473600.0
2014-04-25,PETR4,8.073328018188477,16.030000686645508,16.059999465942383,15.649999618530272,15.949999809265137,31426800.0
2014-04-28,PETR4,8.340255737304688,16.559999465942383,16.56999969482422,15.770000457763672,15.949999809265137,31782200.0
2014-04-29,PETR4,8.405729293823242,16.690000534057617,17.100000381469727,16.510000228881836,16.68000030517578,42027100.0
2014-04-30,PETR4,8.340255737304688,16.559999465942383,16.739999771118164,16.389999389648438,16.600000381469727,27166100.0
2014-05-02,PETR4,8.91440486907959,17.700000762939453,17.729999542236328,16.510000228881836,16.549999237060547,52627500.0
2014-05-05,PETR4,8.848931312561035,17.56999969482422,17.770000457763672,17.309999465942383,17.649999618530273,35540000.0
2014-05-06,PETR4,9.186367988586426,18.239999771118164,18.479999542236328,17.309999465942383,17.43000030517578,48256400.0
2014-05-07,PETR4,9.357606887817385,18.57999992370605,18.850000381469727,18.06999969482422,18.13999938964844,44239500.0
2014-05-08,PETR4,9.005056381225586,17.8799991607666,18.799999237060547,17.75,18.600000381469727,53471600.0
2014-05-09,PETR4,8.899292945861816,17.670000076293945,18.239999771118164,17.600000381469727,18.049999237060547,34395600.0
2014-05-12,PETR4,9.080605506896973,18.030000686645508,18.100000381469727,17.770000457763672,17.950000762939453,20657400.0
2014-05-13,PETR4,9.04534912109375,17.959999084472656,18.39999961853028,17.860000610351562,18.0,27465400.0
2014-05-14,PETR4,9.21155071258545,18.290000915527344,18.34000015258789,17.850000381469727,17.959999084472656,23462900.0
2014-05-15,PETR4,9.080605506896973,18.030000686645508,18.229999542236328,17.93000030517578,18.170000076293945,20492100.0
2014-05-16,PETR4,9.07053279876709,18.010000228881836,18.3700008392334,17.90999984741211,18.0,26139800.0
2014-05-19,PETR4,9.0352783203125,17.940000534057617,18.040000915527344,17.81999969482422,17.979999542236328,25935900.0
2014-05-20,PETR4,8.712947845458984,17.299999237060547,18.3799991607666,17.100000381469727,17.899999618530273,54506300.0
2014-05-21,PETR4,8.793529510498047,17.459999084472656,17.81999969482422,17.100000381469727,17.459999084472656,40672100.0
2014-05-22,PETR4,8.904332160949707,17.68000030517578,17.770000457763672,17.34000015258789,17.510000228881836,32321300.0
2014-05-23,PETR4,8.91440486907959,17.700000762939453,17.829999923706055,17.549999237060547,17.579999923706055,18155800.0
2014-05-26,PETR4,8.994986534118652,17.860000610351562,17.90999984741211,17.709999084472656,17.799999237060547,7387500.0
2014-05-27,PETR4,8.808639526367188,17.489999771118164,18.030000686645508,17.40999984741211,17.93000030517578,23285500.0
2014-05-28,PETR4,8.91440486907959,17.700000762939453,17.790000915527344,17.260000228881836,17.549999237060547,22457200.0
2014-05-29,PETR4,8.712947845458984,17.299999237060547,17.799999237060547,17.290000915527344,17.75,19559700.0
2014-05-30,PETR4,8.405729293823242,16.690000534057617,17.25,16.6200008392334,17.18000030517578,25975000.0
2014-06-02,PETR4,8.335219383239746,16.549999237060547,16.8700008392334,16.3799991607666,16.799999237060547,26475500.0
2014-06-03,PETR4,8.511492729187012,16.899999618530273,16.959999084472656,16.469999313354492,16.530000686645508,20600300.0
2014-06-04,PETR4,8.360403060913086,16.600000381469727,16.93000030517578,16.520000457763672,16.850000381469727,20905900.0
2014-06-05,PETR4,8.219381332397461,16.31999969482422,16.829999923706055,16.290000915527344,16.709999084472656,23391100.0
2014-06-06,PETR4,8.904332160949707,17.68000030517578,17.68000030517578,17.110000610351562,17.3799991607666,55365700.0
2014-06-09,PETR4,9.100749969482422,18.06999969482422,18.239999771118164,17.3799991607666,17.56999969482422,47362400.0
2014-06-10,PETR4,9.40293312072754,18.670000076293945,18.670000076293945,17.809999465942383,18.040000915527344,35832900.0
2014-06-11,PETR4,9.508696556091309,18.8799991607666,18.959999084472656,18.299999237060547,18.700000762939453,48370800.0
2014-06-13,PETR4,9.564098358154297,18.989999771118164,19.06999969482422,18.61000061035156,18.6299991607666,28004000.0
2014-06-16,PETR4,9.438189506530762,18.739999771118164,19.1299991607666,18.63999938964844,19.0,30910300.0
2014-06-17,PETR4,9.226658821105955,18.31999969482422,18.68000030517578,18.200000762939453,18.64999961853028,18040600.0
2014-06-18,PETR4,9.569134712219238,19.0,19.030000686645508,18.25,18.40999984741211,43019700.0
2014-06-20,PETR4,9.41804313659668,18.700000762939453,18.989999771118164,18.57999992370605,18.64999961853028,22486300.0
2014-06-23,PETR4,9.21658706665039,18.299999237060547,18.75,18.299999237060547,18.75,14243200.0
2014-06-24,PETR4,8.884186744689941,17.639999389648438,18.88999938964844,17.489999771118164,18.290000915527344,53971000.0
2014-06-25,PETR4,8.70791244506836,17.290000915527344,17.770000457763672,17.1299991607666,17.200000762939453,48346300.0
2014-06-26,PETR4,8.723020553588867,17.31999969482422,17.56999969482422,17.010000228881836,17.469999313354492,23470100.0
2014-06-27,PETR4,8.662585258483887,17.200000762939453,17.389999389648438,17.100000381469727,17.25,16716300.0
2014-06-30,PETR4,8.70791244506836,17.290000915527344,17.549999237060547,17.040000915527344,17.360000610351562,20962900.0
2014-07-01,PETR4,8.657546043395996,17.190000534057617,17.450000762939453,16.920000076293945,17.350000381469727,22945200.0
2014-07-02,PETR4,8.622295379638672,17.1200008392334,17.329999923706055,16.969999313354492,17.190000534057617,28670600.0
2014-07-03,PETR4,8.823749542236328,17.520000457763672,17.530000686645508,16.850000381469727,16.899999618530273,26634700.0
2014-07-04,PETR4,8.813675880432129,17.5,17.549999237060547,17.350000381469727,17.43000030517578,9431900.0
2014-07-07,PETR4,8.723020553588867,17.31999969482422,17.440000534057617,17.139999389648438,17.40999984741211,18701200.0
2014-07-08,PETR4,8.728058815002441,17.329999923706055,17.420000076293945,17.170000076293945,17.360000610351562,11504900.0
2014-07-10,PETR4,9.120896339416504,18.11000061035156,18.170000076293945,17.6200008392334,17.780000686645508,35913600.0
2014-07-11,PETR4,9.186367988586426,18.239999771118164,18.31999969482422,17.799999237060547,18.06999969482422,20928900.0
2014-07-14,PETR4,9.619498252868652,19.100000381469727,19.18000030517578,18.420000076293945,18.479999542236328,70399100.0
2014-07-15,PETR4,9.700080871582031,19.26000022888184,19.3700008392334,18.82999992370605,19.100000381469727,43433200.0
2014-07-16,PETR4,9.725261688232422,19.309999465942383,19.38999938964844,19.07999992370605,19.350000381469727,27591400.0
2014-07-17,PETR4,9.85117244720459,19.559999465942383,19.920000076293945,19.1200008392334,19.200000762939453,57411200.0
2014-07-18,PETR4,10.334665298461914,20.520000457763672,20.8700008392334,20.14999961853028,20.809999465942383,90435000.0
2014-07-21,PETR4,10.546192169189451,20.940000534057617,21.020000457763672,20.26000022888184,20.43000030517578,44723800.0
2014-07-22,PETR4,10.601593017578123,21.049999237060547,21.229999542236328,20.559999465942383,20.89999961853028,62443400.0
2014-07-23,PETR4,10.19868278503418,20.25,20.739999771118164,20.170000076293945,20.559999465942383,42981200.0
2014-07-24,PETR4,10.228901863098145,20.309999465942383,20.440000534057617,19.950000762939453,20.36000061035156,37644700.0
2014-07-25,PETR4,10.319555282592772,20.489999771118164,20.56999969482422,20.280000686645508,20.40999984741211,25149900.0
2014-07-28,PETR4,10.148319244384766,20.14999961853028,20.600000381469727,20.09000015258789,20.56999969482422,24552600.0
2014-07-29,PETR4,9.881389617919922,19.6200008392334,20.1200008392334,19.559999465942383,20.100000381469727,38234000.0
2014-07-30,PETR4,9.997227668762209,19.850000381469727,20.049999237060547,19.6299991607666,19.700000762939453,28062900.0
2014-07-31,PETR4,9.619498252868652,19.100000381469727,19.64999961853028,19.01000022888184,19.600000381469727,36467700.0
2014-08-01,PETR4,9.569134712219238,19.0,19.209999084472656,18.71999931335449,19.01000022888184,30658500.0
2014-08-04,PETR4,9.846136093139648,19.549999237060547,19.559999465942383,18.8700008392334,19.14999961853028,22501200.0
2014-08-05,PETR4,9.921680450439451,19.700000762939453,20.09000015258789,19.299999237060547,19.459999084472656,53674100.0
2014-08-06,PETR4,10.228901863098145,20.309999465942383,20.540000915527344,19.670000076293945,19.84000015258789,72879400.0
2014-08-07,PETR4,10.148319244384766,20.14999961853028,20.690000534057617,19.8799991607666,20.600000381469727,54256300.0
2014-08-08,PETR4,9.725261688232422,19.309999465942383,19.86000061035156,19.25,19.799999237060547,41930500.0
2014-08-11,PETR4,10.143280029296877,20.13999938964844,20.200000762939453,19.21999931335449,19.3700008392334,35596700.0
2014-08-12,PETR4,9.906573295593262,19.670000076293945,20.290000915527344,19.56999969482422,20.09000015258789,30507300.0
2014-08-13,PETR4,9.413004875183104,18.690000534057617,19.93000030517578,18.5,19.75,100212700.0
2014-08-14,PETR4,9.367677688598633,18.600000381469727,19.049999237060547,18.32999992370605,18.68000030517578,45332400.0
2014-08-15,PETR4,10.102991104125977,20.059999465942383,20.100000381469727,18.89999961853028,18.89999961853028,63042700.0
2014-08-18,PETR4,10.274227142333984,20.39999961853028,20.729999542236328,19.81999969482422,20.549999237060547,66860700.0
2014-08-19,PETR4,10.531083106994627,20.90999984741211,20.989999771118164,20.170000076293945,20.209999084472656,43132900.0
2014-08-20,PETR4,10.757720947265623,21.36000061035156,21.489999771118164,20.709999084472656,20.799999237060547,54453400.0
2014-08-21,PETR4,10.727503776550291,21.299999237060547,21.670000076293945,21.06999969482422,21.25,40823700.0
2014-08-22,PETR4,10.53611946105957,20.920000076293945,21.31999969482422,20.729999542236328,21.13999938964844,34438300.0
2014-08-25,PETR4,11.10019588470459,22.040000915527344,22.06999969482422,21.1200008392334,21.21999931335449,45475600.0
2014-08-26,PETR4,10.999465942382812,21.84000015258789,22.520000457763672,21.780000686645508,22.030000686645508,52291300.0
2014-08-27,PETR4,11.503107070922852,22.84000015258789,23.209999084472656,21.89999961853028,22.14999961853028,73536500.0
2014-08-28,PETR4,11.503107070922852,22.84000015258789,23.32999992370605,22.549999237060547,22.690000534057617,57631800.0
2014-08-29,PETR4,11.76499843597412,23.36000061035156,23.59000015258789,22.600000381469727,23.14999961853028,56848900.0
2014-09-01,PETR4,12.001708984375,23.82999992370605,24.59000015258789,23.65999984741211,23.950000762939453,40238800.0
2014-09-02,PETR4,12.369365692138672,24.559999465942383,24.89999961853028,23.39999961853028,24.0,67713100.0
2014-09-03,PETR4,12.062146186828612,23.950000762939453,24.8799991607666,23.600000381469727,24.84000015258789,60151400.0
2014-09-04,PETR4,11.477922439575195,22.790000915527344,24.0,22.700000762939453,23.09000015258789,66914600.0
2014-09-05,PETR4,11.49303150177002,22.81999969482422,23.299999237060547,22.43000030517578,22.75,54256100.0
2014-09-08,PETR4,10.928958892822266,21.700000762939453,23.68000030517578,21.5,23.420000076293945,79759300.0
2014-09-09,PETR4,10.818155288696287,21.479999542236328,22.190000534057617,21.1200008392334,21.51000022888184,71764400.0
2014-09-10,PETR4,10.551228523254396,20.950000762939453,21.479999542236328,20.600000381469727,21.15999984741211,61903500.0
2014-09-11,PETR4,10.68217658996582,21.209999084472656,21.729999542236328,21.0,21.18000030517578,51526700.0
2014-09-12,PETR4,10.143280029296877,20.13999938964844,21.0,19.850000381469727,20.8700008392334,82475400.0
2014-09-15,PETR4,10.36488151550293,20.57999992370605,20.65999984741211,20.059999465942383,20.25,53328400.0
2014-09-16,PETR4,10.853411674499512,21.549999237060547,22.3799991607666,20.700000762939453,20.76000022888184,99328900.0
2014-09-17,PETR4,11.14048671722412,22.1200008392334,22.530000686645508,21.86000061035156,22.32999992370605,54823000.0
2014-09-18,PETR4,10.722467422485352,21.290000915527344,22.1200008392334,21.18000030517578,21.850000381469727,57148100.0
2014-09-19,PETR4,10.531083106994627,20.90999984741211,21.3799991607666,20.690000534057617,21.0,37077100.0
2014-09-22,PETR4,10.369918823242188,20.59000015258789,20.600000381469727,19.68000030517578,20.450000762939453,66535200.0
2014-09-23,PETR4,10.13824462890625,20.1299991607666,21.0,19.89999961853028,20.100000381469727,54737800.0
2014-09-24,PETR4,10.18860912322998,20.229999542236328,20.61000061035156,19.84000015258789,19.950000762939453,38247100.0
2014-09-25,PETR4,9.99219036102295,19.84000015258789,20.39999961853028,19.82999992370605,20.290000915527344,26626600.0
2014-09-26,PETR4,10.546192169189451,20.940000534057617,21.239999771118164,19.799999237060547,19.89999961853028,43234500.0
2014-09-29,PETR4,9.367677688598633,18.600000381469727,19.25,18.540000915527344,19.020000457763672,94418600.0
2014-09-30,PETR4,9.110822677612305,18.09000015258789,18.64999961853028,17.75,18.489999771118164,81971800.0
2014-10-01,PETR4,8.607186317443848,17.09000015258789,17.860000610351562,17.010000228881836,17.700000762939453,79170700.0
2014-10-02,PETR4,8.712947845458984,17.299999237060547,17.719999313354492,16.860000610351562,17.399999618530273,65399500.0
2014-10-03,PETR4,9.241769790649414,18.350000381469727,18.520000457763672,17.239999771118164,17.600000381469727,61990800.0
2014-10-06,PETR4,10.26919174194336,20.38999938964844,21.5,20.09000015258789,21.5,114738800.0
2014-10-07,PETR4,10.68217658996582,21.209999084472656,21.790000915527344,20.63999938964844,20.850000381469727,87446800.0
2014-10-08,PETR4,10.50086498260498,20.850000381469727,21.850000381469727,20.01000022888184,21.799999237060547,104638500.0
2014-10-09,PETR4,10.677139282226562,21.200000762939453,21.89999961853028,21.13999938964844,21.290000915527344,82449700.0
2014-10-10,PETR4,10.097954750061035,20.049999237060547,20.049999237060547,20.049999237060547,20.049999237060547,64882800.0
2014-10-13,PETR4,11.145522117614746,22.1299991607666,22.420000076293945,21.11000061035156,21.36000061035156,85183400.0
2014-10-14,PETR4,10.878594398498535,21.600000381469727,21.600000381469727,21.600000381469727,21.600000381469727,80844400.0
2014-10-15,PETR4,10.148319244384766,20.14999961853028,20.8799991607666,19.6200008392334,20.600000381469727,120546300.0
2014-10-16,PETR4,9.392860412597656,18.64999961853028,19.5,18.559999465942383,19.01000022888184,97275600.0
2014-10-17,PETR4,9.614462852478027,19.09000015258789,19.530000686645508,18.64999961853028,19.3700008392334,69545700.0
2014-10-20,PETR4,9.025202751159668,17.920000076293945,18.989999771118164,17.8700008392334,18.920000076293945,70794896.0
2014-10-21,PETR4,8.511492729187012,16.899999618530273,16.899999618530273,16.899999618530273,16.899999618530273,105185600.0
2014-10-22,PETR4,8.365437507629395,16.610000610351562,17.25,16.3799991607666,16.809999465942383,62049400.0
2014-10-23,PETR4,7.811434745788574,15.510000228881836,16.450000762939453,15.40999984741211,16.3700008392334,110386000.0
2014-10-24,PETR4,8.370473861694336,16.6200008392334,16.889999389648438,15.520000457763672,15.800000190734863,100322000.0
2014-10-27,PETR4,7.312833786010742,14.520000457763672,14.59000015258789,13.760000228881836,14.0,215365600.0
2014-10-28,PETR4,7.569687843322754,15.029999732971191,15.079999923706056,14.630000114440918,14.899999618530272,95132900.0
2014-10-29,PETR4,7.061015129089356,14.020000457763672,14.789999961853027,14.0,14.770000457763672,89851000.0
2014-10-30,PETR4,7.212105274200439,14.31999969482422,14.6899995803833,14.010000228881836,14.600000381469728,75048900.0
2014-10-31,PETR4,7.695598602294922,15.279999732971191,15.279999732971191,14.369999885559082,14.579999923706056,47932400.0
2014-11-03,PETR4,7.479034423828125,14.850000381469728,15.100000381469728,14.550000190734863,14.960000038146973,44102700.0
2014-11-04,PETR4,7.463924884796143,14.81999969482422,15.029999732971191,14.369999885559082,15.0,45408900.0
2014-11-05,PETR4,7.252396106719971,14.399999618530272,14.619999885559082,14.329999923706056,14.5,37011900.0
2014-11-06,PETR4,7.081160068511963,14.0600004196167,14.279999732971191,13.779999732971191,14.279999732971191,55337600.0
2014-11-07,PETR4,7.186923027038574,14.270000457763672,14.630000114440918,13.520000457763672,14.25,77503900.0
2014-11-10,PETR4,7.040866851806641,13.979999542236328,14.369999885559082,13.920000076293944,14.300000190734863,35611800.0
2014-11-11,PETR4,7.050940990447998,14.0,14.079999923706056,13.670000076293944,13.8100004196167,24268300.0
2014-11-12,PETR4,7.106341361999512,14.109999656677246,14.489999771118164,13.829999923706056,13.970000267028809,30597500.0
2014-11-13,PETR4,6.849483966827393,13.600000381469728,14.369999885559082,13.59000015258789,14.31999969482422,36046700.0
2014-11-14,PETR4,6.648030757904053,13.199999809265137,13.329999923706056,12.850000381469728,12.899999618530272,52848800.0
2014-11-17,PETR4,6.345846176147461,12.600000381469728,13.25,12.520000457763672,13.06999969482422,47504600.0
2014-11-18,PETR4,6.270299434661865,12.449999809265137,12.850000381469728,12.0,12.760000228881836,60893000.0
2014-11-19,PETR4,6.436501502990723,12.779999732971191,12.970000267028809,12.3100004196167,12.399999618530272,48829400.0
2014-11-21,PETR4,7.202033042907715,14.300000190734863,14.43000030517578,13.010000228881836,13.010000228881836,66584900.0
2014-11-24,PETR4,7.156704902648926,14.210000038146973,15.260000228881836,14.079999923706056,14.619999885559082,70349100.0
2014-11-25,PETR4,7.126486778259277,14.149999618530272,14.93000030517578,13.850000381469728,14.4399995803833,82863900.0
2014-11-26,PETR4,7.136559009552002,14.170000076293944,14.170000076293944,14.170000076293944,14.170000076293944,35604600.0
2014-11-27,PETR4,6.768901824951172,13.4399995803833,14.619999885559082,13.329999923706056,14.199999809265137,54672700.0
2014-11-28,PETR4,6.466720104217529,12.84000015258789,13.5600004196167,12.800000190734863,13.449999809265137,46109000.0
2014-12-01,PETR4,6.204826831817627,12.31999969482422,12.539999961853027,12.210000038146973,12.449999809265137,698950612.0
2014-12-02,PETR4,6.129282474517822,12.170000076293944,12.5600004196167,12.09000015258789,12.5,482364084.0
2014-12-03,PETR4,6.401246547698975,12.710000038146973,12.800000190734863,12.210000038146973,12.260000228881836,39791800.0
2014-12-04,PETR4,6.179646015167236,12.270000457763672,12.789999961853027,12.170000076293944,12.789999961853027,36498300.0
2014-12-05,PETR4,6.1343183517456055,12.18000030517578,12.369999885559082,12.050000190734863,12.31999969482422,60072900.0
2014-12-08,PETR4,5.796880722045898,11.510000228881836,12.149999618530272,11.40999984741211,12.149999618530272,44385600.0
2014-12-09,PETR4,5.751553535461426,11.420000076293944,11.43000030517578,10.8100004196167,11.100000381469728,69233104.0
2014-12-10,PETR4,5.479588985443115,10.880000114440918,11.359999656677246,10.81999969482422,11.350000381469728,51653800.0
2014-12-11,PETR4,5.353677749633789,10.630000114440918,11.039999961853027,10.31999969482422,10.899999618530272,64604800.0
2014-12-12,PETR4,5.132077217102051,10.1899995803833,10.6899995803833,10.109999656677246,10.649999618530272,46321800.0
2014-12-15,PETR4,4.562966346740723,9.0600004196167,10.289999961853027,9.010000228881836,10.210000038146973,100442600.0
2014-12-16,PETR4,4.719094753265381,9.369999885559082,9.920000076293944,8.5600004196167,8.600000381469727,92073400.0
2014-12-17,PETR4,4.769458770751953,9.470000267028809,9.859999656677246,9.369999885559082,9.5,90951200.0
2014-12-18,PETR4,4.819820880889893,9.56999969482422,10.350000381469728,9.380000114440918,9.890000343322754,88693200.0
2014-12-19,PETR4,4.950767517089844,9.829999923706056,9.979999542236328,9.56999969482422,9.949999809265137,64103300.0
2014-12-22,PETR4,5.222732067108154,10.369999885559082,10.369999885559082,9.710000038146973,9.899999618530272,53678500.0
2014-12-23,PETR4,5.494697570800781,10.90999984741211,10.989999771118164,10.1899995803833,10.369999885559082,45011000.0
2014-12-26,PETR4,5.1975507736206055,10.31999969482422,10.880000114440918,10.210000038146973,10.869999885559082,27059500.0
2014-12-29,PETR4,5.17740535736084,10.279999732971191,10.539999961853027,10.0600004196167,10.149999618530272,24392000.0
2014-12-30,PETR4,5.051495552062988,10.029999732971191,10.350000381469728,10.010000228881836,10.15999984741211,27623700.0
2015-01-02,PETR4,4.714056968688965,9.359999656677246,9.989999771118164,9.350000381469728,9.989999771118164,49559500.0
2015-01-05,PETR4,4.311147689819336,8.5600004196167,9.1899995803833,8.529999732971191,9.140000343322754,78385100.0
2015-01-06,PETR4,4.170127868652344,8.279999732971191,8.829999923706055,8.039999961853027,8.710000038146973,84723300.0
2015-01-07,PETR4,4.366547584533691,8.670000076293945,8.729999542236328,8.359999656677246,8.5600004196167,85531000.0
2015-01-08,PETR4,4.648584842681885,9.229999542236328,9.390000343322754,8.739999771118164,8.789999961853027,83306300.0
2015-01-09,PETR4,4.7896037101745605,9.510000228881836,9.510000228881836,8.930000305175781,9.199999809265137,50813100.0
2015-01-12,PETR4,4.4521660804748535,8.84000015258789,9.579999923706056,8.789999961853027,9.270000457763672,58728900.0
2015-01-13,PETR4,4.578073978424072,9.09000015258789,9.390000343322754,8.850000381469727,8.899999618530273,65834800.0
2015-01-14,PETR4,4.487419605255127,8.90999984741211,8.960000038146973,8.640000343322754,8.880000114440918,55736500.0
2015-01-15,PETR4,4.688877105712891,9.3100004196167,9.390000343322754,8.869999885559082,9.0,80907800.0
2015-01-16,PETR4,4.754348278045654,9.4399995803833,9.630000114440918,9.239999771118164,9.460000038146973,56978300.0
2015-01-19,PETR4,4.618366718292236,9.170000076293944,9.539999961853027,9.149999618530272,9.350000381469728,30873100.0
2015-01-20,PETR4,4.688877105712891,9.3100004196167,9.850000381469728,9.149999618530272,9.600000381469728,72842900.0
2015-01-21,PETR4,4.98602294921875,9.899999618530272,9.920000076293944,9.31999969482422,9.449999809265137,48003500.0
2015-01-22,PETR4,5.152223110198975,10.229999542236328,10.460000038146973,9.970000267028809,10.100000381469728,74782400.0
2015-01-23,PETR4,5.026312828063965,9.979999542236328,10.40999984741211,9.880000114440918,10.109999656677246,43659400.0
2015-01-26,PETR4,4.950767517089844,9.829999923706056,9.970000267028809,9.65999984741211,9.789999961853027,33202100.0
2015-01-27,PETR4,5.10689640045166,10.140000343322754,10.369999885559082,9.529999732971191,9.720000267028809,58750400.0
2015-01-28,PETR4,4.588149070739746,9.109999656677246,9.539999961853027,8.949999809265137,9.43000030517578,106337900.0
2015-01-29,PETR4,4.366547584533691,8.670000076293945,9.079999923706056,8.34000015258789,9.050000190734863,111506300.0
2015-01-30,PETR4,4.180201530456543,8.300000190734863,8.34000015258789,8.079999923706055,8.199999809265137,87497200.0
2015-02-02,PETR4,4.42698335647583,8.789999961853027,8.789999961853027,8.130000114440918,8.460000038146973,57585100.0
2015-02-03,PETR4,5.02127742767334,9.970000267028809,10.0,9.010000228881836,9.010000228881836,98061700.0
2015-02-04,PETR4,5.046459674835205,10.020000457763672,10.779999732971191,9.5600004196167,10.300000190734863,117595000.0
2015-02-05,PETR4,4.950767517089844,9.829999923706056,10.289999961853027,9.699999809265137,9.859999656677246,78992700.0
2015-02-06,PETR4,4.593183994293213,9.119999885559082,9.8100004196167,8.869999885559082,9.800000190734863,117747100.0
2015-02-09,PETR4,4.734202861785889,9.399999618530272,9.470000267028809,8.720000267028809,8.800000190734863,72534200.0
2015-02-10,PETR4,4.487419605255127,8.90999984741211,9.800000190734863,8.890000343322754,9.220000267028809,75478700.0
2015-02-11,PETR4,4.5730390548706055,9.079999923706056,9.1899995803833,8.8100004196167,8.9399995803833,48681100.0
2015-02-12,PETR4,4.759385108947754,9.449999809265137,9.539999961853027,9.270000457763672,9.350000381469728,61706000.0
2015-02-13,PETR4,5.051495552062988,10.029999732971191,10.100000381469728,9.65999984741211,9.68000030517578,72282500.0
2015-02-18,PETR4,5.056532859802246,10.039999961853027,10.34000015258789,10.010000228881836,10.15999984741211,42896700.0
2015-02-19,PETR4,4.890330791473389,9.710000038146973,9.970000267028809,9.649999618530272,9.960000038146973,38492400.0
2015-02-20,PETR4,4.855076313018799,9.640000343322754,9.899999618530272,9.529999732971191,9.81999969482422,35272700.0
2015-02-23,PETR4,4.784567356109619,9.5,9.59000015258789,9.390000343322754,9.550000190734863,41168500.0
2015-02-24,PETR4,4.98602294921875,9.899999618530272,9.899999618530272,9.59000015258789,9.649999618530272,48578000.0
2015-02-25,PETR4,4.734202861785889,9.399999618530272,9.399999618530272,9.0,9.100000381469728,96303900.0
2015-02-26,PETR4,4.648584842681885,9.229999542236328,9.520000457763672,9.15999984741211,9.399999618530272,44179900.0
2015-02-27,PETR4,4.809749126434326,9.550000190734863,9.640000343322754,9.100000381469728,9.300000190734863,46969600.0
2015-03-02,PETR4,4.74427604675293,9.420000076293944,9.710000038146973,9.270000457763672,9.4399995803833,38009000.0
2015-03-03,PETR4,4.819820880889893,9.56999969482422,9.800000190734863,9.520000457763672,9.6899995803833,42133600.0
2015-03-04,PETR4,4.668730735778809,9.270000457763672,9.449999809265137,9.210000038146973,9.40999984741211,48308500.0
2015-03-05,PETR4,4.65362024307251,9.239999771118164,9.380000114440918,9.15999984741211,9.3100004196167,52913800.0
2015-03-06,PETR4,4.658657073974609,9.25,9.350000381469728,9.170000076293944,9.199999809265137,27181900.0
2015-03-09,PETR4,4.49245548248291,8.920000076293945,9.18000030517578,8.899999618530273,9.130000114440918,37625700.0
2015-03-10,PETR4,4.291001319885254,8.520000457763672,8.979999542236328,8.510000228881836,8.829999923706055,72090500.0
2015-03-11,PETR4,4.401801109313965,8.739999771118164,8.829999923706055,8.579999923706055,8.670000076293945,44035300.0
2015-03-12,PETR4,4.265819072723389,8.470000267028809,9.079999923706056,8.4399995803833,8.970000267028809,63029900.0
2015-03-13,PETR4,4.20034646987915,8.34000015258789,8.390000343322754,8.15999984741211,8.25,72933500.0
2015-03-16,PETR4,4.225527763366699,8.390000343322754,8.5,8.1899995803833,8.489999771118164,53380500.0
2015-03-17,PETR4,4.46223783493042,8.859999656677246,8.930000305175781,8.319999694824219,8.350000381469727,63896300.0
2015-03-18,PETR4,4.633475303649902,9.199999809265137,9.289999961853027,8.670000076293945,8.850000381469727,65324600.0
2015-03-19,PETR4,4.49245548248291,8.920000076293945,9.229999542236328,8.850000381469727,9.18000030517578,42857200.0
2015-03-20,PETR4,4.643548011779785,9.220000267028809,9.350000381469728,8.960000038146973,9.079999923706056,65339300.0
2015-03-23,PETR4,4.698948860168457,9.329999923706056,9.4399995803833,9.199999809265137,9.300000190734863,34124600.0
2015-03-24,PETR4,4.74427604675293,9.420000076293944,9.449999809265137,9.220000267028809,9.369999885559082,36392400.0
2015-03-25,PETR4,4.935659885406494,9.800000190734863,9.890000343322754,9.529999732971191,9.649999618530272,84659600.0
2015-03-26,PETR4,4.698948860168457,9.329999923706056,9.960000038146973,9.3100004196167,9.920000076293944,58862000.0
2015-03-27,PETR4,4.714056968688965,9.359999656677246,9.609999656677246,9.170000076293944,9.300000190734863,51152500.0
2015-03-30,PETR4,4.890330791473389,9.710000038146973,9.75,9.420000076293944,9.5,33372200.0
2015-03-31,PETR4,4.86514949798584,9.65999984741211,9.920000076293944,9.470000267028809,9.579999923706056,46908300.0
2015-04-01,PETR4,5.167332649230957,10.260000228881836,10.369999885559082,9.869999885559082,9.93000030517578,59374600.0
2015-04-02,PETR4,5.383896350860596,10.6899995803833,10.720000267028809,10.170000076293944,10.170000076293944,69001800.0
2015-04-06,PETR4,5.393970012664795,10.710000038146973,10.989999771118164,10.68000030517578,10.800000190734863,45227600.0
2015-04-07,PETR4,5.499732971191406,10.920000076293944,10.960000038146973,10.460000038146973,10.600000381469728,61721500.0
2015-04-08,PETR4,5.323460578918457,10.56999969482422,11.329999923706056,10.489999771118164,11.100000381469728,73904600.0
2015-04-09,PETR4,5.832137584686279,11.579999923706056,11.600000381469728,10.579999923706056,10.699999809265137,79280800.0
2015-04-10,PETR4,5.947973251342773,11.8100004196167,11.93000030517578,11.270000457763672,11.520000457763672,70021600.0
2015-04-13,PETR4,6.179646015167236,12.270000457763672,12.75,11.899999618530272,11.970000267028809,104809600.0
2015-04-14,PETR4,6.275338172912598,12.460000038146973,12.739999771118164,11.970000267028809,12.670000076293944,87127100.0
2015-04-15,PETR4,6.718538761138916,13.34000015258789,13.380000114440918,12.470000267028809,12.699999809265137,103042800.0
2015-04-16,PETR4,6.537229061126709,12.979999542236328,13.329999923706056,12.520000457763672,13.25,109852700.0
2015-04-17,PETR4,6.522119045257568,12.949999809265137,13.239999771118164,12.520000457763672,12.609999656677246,71274400.0
2015-04-20,PETR4,6.582555294036865,13.06999969482422,13.380000114440918,13.020000457763672,13.229999542236328,52514600.0
2015-04-22,PETR4,6.547302722930908,13.0,13.289999961853027,12.65999984741211,13.1899995803833,65914800.0
2015-04-23,PETR4,6.48183012008667,12.869999885559082,13.260000228881836,11.890000343322754,12.300000190734863,182613700.0
2015-04-24,PETR4,6.658102989196777,13.220000267028809,13.779999732971191,13.15999984741211,13.1899995803833,106143700.0
2015-04-27,PETR4,6.305556297302246,12.520000457763672,13.119999885559082,12.510000228881836,12.949999809265137,53111300.0
2015-04-28,PETR4,6.431466102600098,12.770000457763672,12.869999885559082,12.25,12.760000228881836,60884300.0
2015-04-29,PETR4,6.456647872924805,12.81999969482422,12.93000030517578,12.529999732971191,12.579999923706056,35821900.0
2015-04-30,PETR4,6.577521324157715,13.0600004196167,13.149999618530272,12.800000190734863,12.829999923706056,48515300.0
2015-05-04,PETR4,6.945176601409912,13.789999961853027,13.850000381469728,13.300000190734863,13.3100004196167,55651100.0
2015-05-05,PETR4,7.267506122589111,14.43000030517578,14.609999656677246,13.670000076293944,13.699999809265137,76329800.0
2015-05-06,PETR4,6.945176601409912,13.789999961853027,14.949999809265137,13.56999969482422,14.75,72197500.0
2015-05-07,PETR4,6.879702568054199,13.65999984741211,14.050000190734863,13.329999923706056,13.800000190734863,44978900.0
2015-05-08,PETR4,6.8041582107543945,13.510000228881836,14.09000015258789,13.359999656677246,14.039999961853027,43687900.0
2015-05-11,PETR4,6.935103893280029,13.770000457763672,13.829999923706056,13.43000030517578,13.68000030517578,28040500.0
2015-05-12,PETR4,6.914959907531738,13.729999542236328,14.0600004196167,13.630000114440918,13.699999809265137,30765100.0
2015-05-13,PETR4,7.040866851806641,13.979999542236328,14.130000114440918,13.75,13.869999885559082,45346800.0
2015-05-14,PETR4,7.000576496124268,13.899999618530272,14.229999542236328,13.760000228881836,14.100000381469728,49457700.0
2015-05-15,PETR4,7.071086883544922,14.039999961853027,14.119999885559082,13.609999656677246,13.920000076293944,54224100.0
2015-05-18,PETR4,6.899847984313965,13.699999809265137,14.649999618530272,13.520000457763672,14.640000343322754,82200400.0
2015-05-19,PETR4,6.491901874542236,12.890000343322754,13.59000015258789,12.789999961853027,13.550000190734863,70521100.0
2015-05-20,PETR4,6.466720104217529,12.84000015258789,13.119999885559082,12.630000114440918,12.760000228881836,43164900.0
2015-05-21,PETR4,6.789048671722412,13.479999542236328,13.520000457763672,12.859999656677246,12.859999656677246,53682900.0
2015-05-22,PETR4,6.582555294036865,13.06999969482422,13.649999618530272,12.920000076293944,13.520000457763672,53753700.0
2015-05-25,PETR4,6.461682796478272,12.829999923706056,13.010000228881836,12.720000267028809,12.979999542236328,24377600.0
2015-05-26,PETR4,6.240081310272217,12.390000343322754,12.859999656677246,12.359999656677246,12.800000190734863,44844200.0
2015-05-27,PETR4,6.315629005432129,12.539999961853027,12.65999984741211,12.289999961853027,12.5,47223300.0
2015-05-28,PETR4,6.371026515960693,12.649999618530272,12.81999969482422,12.399999618530272,12.470000267028809,96419400.0
2015-05-29,PETR4,6.209864139556885,12.329999923706056,12.779999732971191,12.300000190734863,12.710000038146973,75971600.0
2015-06-01,PETR4,6.224973201751709,12.359999656677246,12.649999618530272,12.25,12.43000030517578,40498000.0
2015-06-02,PETR4,6.4868645668029785,12.880000114440918,12.949999809265137,12.470000267028809,12.550000190734863,47041600.0
2015-06-03,PETR4,6.441537380218506,12.789999961853027,13.100000381469728,12.720000267028809,12.960000038146973,90062100.0
2015-06-05,PETR4,6.330737113952637,12.56999969482422,12.779999732971191,12.420000076293944,12.579999923706056,36719100.0
2015-06-08,PETR4,6.330737113952637,12.56999969482422,12.770000457763672,12.470000267028809,12.609999656677246,23667600.0
2015-06-09,PETR4,6.547302722930908,13.0,13.170000076293944,12.56999969482422,12.609999656677246,88228800.0
2015-06-10,PETR4,6.58759355545044,13.079999923706056,13.4399995803833,12.920000076293944,13.300000190734863,45583600.0
2015-06-11,PETR4,6.597666263580322,13.100000381469728,13.140000343322754,12.850000381469728,13.130000114440918,35341600.0
2015-06-12,PETR4,6.557374954223633,13.020000457763672,13.039999961853027,12.829999923706056,12.859999656677246,30067700.0
2015-06-15,PETR4,6.55233907699585,13.010000228881836,13.09000015258789,12.899999618530272,12.970000267028809,31713200.0
2015-06-16,PETR4,6.738685131072998,13.380000114440918,13.479999542236328,12.90999984741211,13.039999961853027,49988000.0
2015-06-17,PETR4,6.61781120300293,13.140000343322754,13.59000015258789,13.119999885559082,13.5,40920200.0
2015-06-18,PETR4,6.77393913269043,13.449999809265137,13.449999809265137,13.149999618530272,13.279999732971191,26832100.0
2015-06-19,PETR4,6.622848510742188,13.149999618530272,13.4399995803833,13.100000381469728,13.3100004196167,36247800.0
2015-06-22,PETR4,6.632920742034912,13.170000076293944,13.369999885559082,13.130000114440918,13.300000190734863,22567300.0
2015-06-23,PETR4,6.532194137573242,12.970000267028809,13.43000030517578,12.949999809265137,13.270000457763672,48007400.0
2015-06-24,PETR4,6.658102989196777,13.220000267028809,13.350000381469728,13.050000190734863,13.0600004196167,39613200.0
2015-06-25,PETR4,6.345846176147461,12.600000381469728,13.239999771118164,12.520000457763672,13.229999542236328,48369000.0
2015-06-26,PETR4,6.65306568145752,13.210000038146973,13.210000038146973,12.640000343322754,12.65999984741211,34536800.0
2015-06-29,PETR4,6.471756458282471,12.850000381469728,13.59000015258789,12.619999885559082,13.0,63175500.0
2015-06-30,PETR4,6.391173362731934,12.6899995803833,12.989999771118164,12.649999618530272,12.899999618530272,32876500.0
2015-07-01,PETR4,6.124246120452881,12.15999984741211,12.850000381469728,12.010000228881836,12.800000190734863,62627200.0
2015-07-02,PETR4,6.219936847686768,12.350000381469728,12.529999732971191,12.15999984741211,12.350000381469728,37421500.0
2015-07-03,PETR4,5.92279052734375,11.760000228881836,12.3100004196167,11.68000030517578,12.25,31574500.0
2015-07-06,PETR4,5.796880722045898,11.510000228881836,11.729999542236328,11.279999732971191,11.510000228881836,51206800.0
2015-07-07,PETR4,5.927827835083008,11.770000457763672,11.850000381469728,10.81999969482422,11.359999656677246,72452800.0
2015-07-08,PETR4,5.77169942855835,11.460000038146973,11.989999771118164,11.329999923706056,11.619999885559082,44001500.0
2015-07-10,PETR4,5.947973251342773,11.8100004196167,11.979999542236328,11.75,11.899999618530272,30885900.0
2015-07-13,PETR4,5.937901020050049,11.789999961853027,11.93000030517578,11.579999923706056,11.869999885559082,29585400.0
2015-07-14,PETR4,6.038627624511719,11.989999771118164,12.079999923706056,11.579999923706056,11.6899995803833,37058500.0
2015-07-15,PETR4,5.932862281799316,11.779999732971191,12.0600004196167,11.720000267028809,11.960000038146973,33375100.0
2015-07-16,PETR4,6.038627624511719,11.989999771118164,11.989999771118164,11.81999969482422,11.890000343322754,26442500.0
2015-07-17,PETR4,5.74651575088501,11.40999984741211,11.899999618530272,11.390000343322754,11.81999969482422,39929900.0
2015-07-20,PETR4,5.43425989151001,10.789999961853027,11.539999961853027,10.75,11.460000038146973,48763200.0
2015-07-21,PETR4,5.40404224395752,10.729999542236328,11.239999771118164,10.600000381469728,10.90999984741211,40357600.0
2015-07-22,PETR4,5.217695713043213,10.359999656677246,10.720000267028809,10.329999923706056,10.609999656677246,30155200.0
2015-07-23,PETR4,5.096823215484619,10.119999885559082,10.5600004196167,10.119999885559082,10.220000267028809,50696500.0
2015-07-24,PETR4,5.051495552062988,10.029999732971191,10.229999542236328,9.760000228881836,10.170000076293944,45143700.0
2015-07-27,PETR4,4.784567356109619,9.5,9.989999771118164,9.5,9.960000038146973,54768800.0
2015-07-28,PETR4,5.046459674835205,10.020000457763672,10.220000267028809,9.609999656677246,9.6899995803833,72306100.0
2015-07-29,PETR4,5.388933181762695,10.699999809265137,10.770000457763672,9.90999984741211,10.010000228881836,88194700.0
2015-07-30,PETR4,5.247914791107178,10.420000076293944,10.93000030517578,10.239999771118164,10.829999923706056,47498400.0
2015-07-31,PETR4,5.283169746398926,10.489999771118164,10.699999809265137,10.31999969482422,10.479999542236328,37462200.0
2015-08-03,PETR4,5.051495552062988,10.029999732971191,10.40999984741211,9.949999809265137,10.359999656677246,41499600.0
2015-08-04,PETR4,5.116969108581543,10.15999984741211,10.449999809265137,10.100000381469728,10.140000343322754,30786900.0
2015-08-05,PETR4,5.041421890258789,10.010000228881836,10.550000190734863,10.010000228881836,10.40999984741211,43759700.0
2015-08-06,PETR4,5.207623958587647,10.34000015258789,10.390000343322754,9.739999771118164,9.859999656677246,60293400.0
2015-08-07,PETR4,4.880257606506348,9.6899995803833,10.550000190734863,9.68000030517578,10.25,65832700.0
2015-08-10,PETR4,5.0313496589660645,9.989999771118164,10.029999732971191,9.56999969482422,9.8100004196167,51017800.0
2015-08-11,PETR4,5.026312828063965,9.979999542236328,9.979999542236328,9.470000267028809,9.789999961853027,45648700.0
2015-08-12,PETR4,4.945732116699219,9.81999969482422,10.010000228881836,9.670000076293944,9.800000190734863,40039100.0
2015-08-13,PETR4,4.784567356109619,9.5,9.970000267028809,9.5,9.90999984741211,31405700.0
2015-08-14,PETR4,4.683838844299316,9.300000190734863,9.68000030517578,9.300000190734863,9.609999656677246,28018600.0
2015-08-17,PETR4,4.608293533325195,9.149999618530272,9.359999656677246,9.119999885559082,9.199999809265137,33125100.0
2015-08-18,PETR4,4.527712345123291,8.989999771118164,9.199999809265137,8.819999694824219,9.0600004196167,38013600.0
2015-08-19,PETR4,4.401801109313965,8.739999771118164,9.050000190734863,8.630000114440918,8.949999809265137,37036000.0
2015-08-20,PETR4,4.376619815826416,8.6899995803833,8.960000038146973,8.5600004196167,8.640000343322754,38857700.0
2015-08-21,PETR4,4.180201530456543,8.300000190734863,8.640000343322754,8.289999961853027,8.600000381469727,39848800.0
2015-08-24,PETR4,3.973708868026733,7.889999866485596,8.170000076293945,7.53000020980835,7.760000228881836,70881000.0
2015-08-25,PETR4,3.9535629749298096,7.849999904632568,8.229999542236328,7.849999904632568,8.100000381469727,58283200.0
2015-08-26,PETR4,4.094581127166748,8.130000114440918,8.130000114440918,7.849999904632568,8.069999694824219,43893300.0
2015-08-27,PETR4,4.49245548248291,8.920000076293945,8.930000305175781,8.229999542236328,8.25,66820200.0
2015-08-28,PETR4,4.542819976806641,9.020000457763672,9.390000343322754,8.609999656677246,8.670000076293945,77260900.0
2015-08-31,PETR4,4.6284379959106445,9.1899995803833,9.289999961853027,8.520000457763672,8.710000038146973,76576400.0
2015-09-01,PETR4,4.326256275177002,8.59000015258789,9.09000015258789,8.539999961853027,8.75,52756400.0
2015-09-02,PETR4,4.442093372344971,8.819999694824219,8.84000015258789,8.329999923706055,8.75,56050600.0
2015-09-03,PETR4,4.411874771118164,8.760000228881836,9.210000038146973,8.539999961853027,8.930000305175781,56645400.0
2015-09-04,PETR4,4.285965442657471,8.510000228881836,8.760000228881836,8.510000228881836,8.600000381469727,35463400.0
2015-09-08,PETR4,4.351437568664551,8.640000343322754,8.789999961853027,8.579999923706055,8.699999809265137,29383000.0
2015-09-09,PETR4,4.225527763366699,8.390000343322754,8.899999618530273,8.359999656677246,8.8100004196167,38706300.0
2015-09-10,PETR4,4.013998985290527,7.96999979019165,8.149999618530273,7.809999942779541,7.900000095367432,62858700.0
2015-09-11,PETR4,3.857872009277344,7.659999847412109,7.989999771118164,7.590000152587891,7.940000057220459,53647300.0
2015-09-14,PETR4,3.888089895248413,7.71999979019165,7.820000171661377,7.460000038146973,7.699999809265137,52851400.0
2015-09-15,PETR4,3.8528356552124015,7.650000095367432,7.869999885559082,7.539999961853027,7.650000095367432,35102900.0
2015-09-16,PETR4,4.099618911743164,8.140000343322754,8.239999771118164,7.739999771118164,7.769999980926514,66613400.0
2015-09-17,PETR4,3.958599328994751,7.860000133514404,8.109999656677246,7.860000133514404,8.050000190734863,72887600.0
2015-09-18,PETR4,3.8276538848876953,7.599999904632568,7.760000228881836,7.5,7.75,68097000.0
2015-09-21,PETR4,3.6765623092651367,7.300000190734863,7.679999828338623,7.300000190734863,7.659999847412109,41063600.0
2015-09-22,PETR4,3.510361433029175,6.96999979019165,7.239999771118164,6.809999942779541,7.239999771118164,66720700.0
2015-09-23,PETR4,3.4348154067993164,6.820000171661377,7.159999847412109,6.699999809265137,6.960000038146973,64774800.0
2015-09-24,PETR4,3.5053248405456543,6.960000038146973,7.139999866485596,6.599999904632568,6.610000133514404,56577300.0
2015-09-25,PETR4,3.4348154067993164,6.820000171661377,7.21999979019165,6.769999980926514,7.119999885559082,44843100.0
2015-09-28,PETR4,3.2434322834014893,6.440000057220459,6.75,6.440000057220459,6.739999771118164,37466900.0
2015-09-29,PETR4,3.3189785480499268,6.590000152587891,6.789999961853027,6.5,6.539999961853027,52387600.0
2015-09-30,PETR4,3.646343469619751,7.239999771118164,7.260000228881836,6.96999979019165,7.25,107779500.0
2015-10-01,PETR4,3.535543441772461,7.019999980926514,7.460000038146973,6.989999771118164,7.309999942779541,69296500.0
2015-10-02,PETR4,3.913271903991699,7.769999980926514,7.829999923706055,6.900000095367432,6.989999771118164,88891400.0
2015-10-05,PETR4,3.938454389572144,7.820000171661377,8.140000343322754,7.75,7.900000095367432,68350300.0
2015-10-06,PETR4,4.124800205230713,8.1899995803833,8.34000015258789,7.840000152587891,7.860000133514404,81259300.0
2015-10-07,PETR4,4.265819072723389,8.470000267028809,8.899999618530273,8.270000457763672,8.510000228881836,116610600.0
2015-10-08,PETR4,4.4068379402160645,8.75,8.84000015258789,8.279999732971191,8.460000038146973,68670000.0
2015-10-09,PETR4,4.43202018737793,8.800000190734863,9.06999969482422,8.579999923706055,9.020000457763672,71885200.0
2015-10-13,PETR4,4.094581127166748,8.130000114440918,8.470000267028809,8.069999694824219,8.359999656677246,56100600.0
2015-10-14,PETR4,4.008963584899902,7.960000038146973,8.229999542236328,7.889999866485596,8.069999694824219,75339100.0
2015-10-15,PETR4,4.029109001159668,8.0,8.069999694824219,7.670000076293945,8.0,61444100.0
2015-10-16,PETR4,4.003927230834961,7.949999809265137,8.079999923706055,7.809999942779541,7.989999771118164,42963800.0
2015-10-19,PETR4,4.003927230834961,7.949999809265137,7.960000038146973,7.760000228881836,7.900000095367432,40096200.0
2015-10-20,PETR4,4.054290771484375,8.050000190734863,8.1899995803833,7.96999979019165,8.0,47938700.0
2015-10-21,PETR4,3.903198957443237,7.75,8.0600004196167,7.710000038146973,7.949999809265137,45394400.0
2015-10-22,PETR4,4.039181709289551,8.020000457763672,8.109999656677246,7.809999942779541,7.820000171661377,46174500.0
2015-10-23,PETR4,4.024073123931885,7.989999771118164,8.279999732971191,7.940000057220459,8.260000228881836,45715300.0
2015-10-26,PETR4,3.9535629749298096,7.849999904632568,8.130000114440918,7.800000190734863,8.050000190734863,35069500.0
2015-10-27,PETR4,3.8276538848876953,7.599999904632568,7.860000133514404,7.550000190734863,7.860000133514404,44085700.0
2015-10-28,PETR4,4.003927230834961,7.949999809265137,7.949999809265137,7.860000133514404,7.869999885559082,4630900.0
2015-10-29,PETR4,3.83268976211548,7.610000133514404,7.929999828338623,7.570000171661377,7.570000171661377,41336300.0
2015-10-30,PETR4,3.8830530643463135,7.710000038146973,7.78000020980835,7.539999961853027,7.599999904632568,36951300.0
2015-11-03,PETR4,4.270855903625488,8.479999542236328,8.479999542236328,7.769999980926514,7.840000152587891,60306200.0
2015-11-04,PETR4,4.069400310516357,8.079999923706055,8.649999618530273,8.020000457763672,8.579999923706055,55661500.0
2015-11-05,PETR4,4.084508419036865,8.109999656677246,8.170000076293945,7.869999885559082,8.079999923706055,92690300.0
2015-11-06,PETR4,3.938454389572144,7.820000171661377,8.079999923706055,7.730000019073486,8.039999961853027,39680600.0
2015-11-09,PETR4,3.983781576156616,7.909999847412109,7.929999828338623,7.590000152587891,7.829999923706055,36340400.0
2015-11-10,PETR4,3.83268976211548,7.610000133514404,7.690000057220459,7.510000228881836,7.599999904632568,34554300.0
2015-11-11,PETR4,3.888089895248413,7.71999979019165,7.829999923706055,7.639999866485596,7.710000038146973,44596400.0
2015-11-12,PETR4,3.817580461502075,7.579999923706055,7.739999771118164,7.53000020980835,7.71999979019165,41641400.0
2015-11-13,PETR4,3.6614527702331534,7.269999980926514,7.559999942779541,7.230000019073486,7.5,67000600.0
2015-11-16,PETR4,3.8780171871185294,7.699999809265137,7.699999809265137,7.309999942779541,7.309999942779541,56587800.0
2015-11-17,PETR4,3.908235549926758,7.760000228881836,7.860000133514404,7.639999866485596,7.800000190734863,52072800.0
2015-11-18,PETR4,3.938454389572144,7.820000171661377,8.029999732971191,7.789999961853027,7.809999942779541,38137700.0
2015-11-19,PETR4,3.9485270977020255,7.840000152587891,7.980000019073486,7.619999885559082,7.960000038146973,51878600.0
2015-11-23,PETR4,4.069400310516357,8.079999923706055,8.100000381469727,7.849999904632568,7.900000095367432,47415800.0
2015-11-24,PETR4,4.280928134918213,8.5,8.5,7.949999809265137,8.050000190734863,63001700.0
2015-11-25,PETR4,3.9787442684173584,7.900000095367432,8.350000381469727,7.900000095367432,8.279999732971191,54732800.0
2015-11-26,PETR4,3.9888174533844,7.920000076293945,8.039999961853027,7.820000171661377,7.949999809265137,21697100.0
2015-11-27,PETR4,3.8276538848876953,7.599999904632568,7.860000133514404,7.570000171661377,7.809999942779541,38334200.0
2015-11-30,PETR4,3.8629090785980233,7.670000076293945,7.840000152587891,7.420000076293945,7.539999961853027,72764300.0
2015-12-01,PETR4,3.772253036499024,7.489999771118164,7.760000228881836,7.449999809265137,7.670000076293945,35865600.0
2015-12-02,PETR4,3.787362813949585,7.519999980926514,7.590000152587891,7.349999904632568,7.539999961853027,47713500.0
2015-12-03,PETR4,4.019035816192627,7.980000019073486,8.170000076293945,7.789999961853027,7.989999771118164,76680900.0
2015-12-04,PETR4,3.787362813949585,7.519999980926514,7.96999979019165,7.420000076293945,7.96999979019165,63662600.0
2015-12-07,PETR4,3.621161699295044,7.190000057220459,7.610000133514404,7.150000095367432,7.599999904632568,47395000.0
2015-12-08,PETR4,3.590944290161133,7.130000114440918,7.199999809265137,6.949999809265137,7.199999809265137,46590500.0
2015-12-09,PETR4,3.8528356552124015,7.650000095367432,7.820000171661377,7.269999980926514,7.340000152587891,82102800.0
2015-12-10,PETR4,3.752107620239258,7.449999809265137,7.570000171661377,7.309999942779541,7.510000228881836,43458400.0
2015-12-11,PETR4,3.651380062103272,7.25,7.53000020980835,7.210000038146973,7.260000228881836,50750600.0
2015-12-14,PETR4,3.631233930587769,7.210000038146973,7.230000019073486,7.070000171661377,7.150000095367432,33538000.0
2015-12-15,PETR4,3.7369985580444336,7.420000076293945,7.46999979019165,7.300000190734863,7.340000152587891,34188900.0
2015-12-16,PETR4,3.6715259552001953,7.289999961853027,7.360000133514404,7.090000152587891,7.28000020980835,39840300.0
2015-12-17,PETR4,3.626198053359986,7.199999809265137,7.519999980926514,7.190000057220459,7.349999904632568,43789300.0
2015-12-18,PETR4,3.535543441772461,7.019999980926514,7.099999904632568,6.920000076293945,7.019999980926514,60061600.0
2015-12-21,PETR4,3.344160556793213,6.639999866485596,7.090000152587891,6.619999885559082,7.059999942779541,54032100.0
2015-12-22,PETR4,3.419706344604492,6.789999961853027,6.820000171661377,6.619999885559082,6.760000228881836,40463400.0
2015-12-23,PETR4,3.490215301513672,6.929999828338623,7.039999961853027,6.869999885559082,6.909999847412109,38789700.0
2015-12-28,PETR4,3.3743784427642822,6.699999809265137,6.900000095367432,6.650000095367432,6.900000095367432,28617600.0
2015-12-29,PETR4,3.369342565536499,6.690000057220459,6.869999885559082,6.679999828338623,6.809999942779541,22441300.0
2015-12-30,PETR4,3.3743784427642822,6.699999809265137,6.760000228881836,6.519999980926514,6.659999847412109,30041600.0
2016-01-04,PETR4,3.4599974155426025,6.869999885559082,7.03000020980835,6.550000190734863,6.570000171661377,45962100.0
2016-01-05,PETR4,3.3643054962158203,6.679999828338623,7.0,6.619999885559082,6.920000076293945,29446700.0
2016-01-06,PETR4,3.22328782081604,6.400000095367432,6.539999961853027,6.400000095367432,6.53000020980835,67507200.0
2016-01-07,PETR4,3.152778148651123,6.260000228881836,6.429999828338623,6.079999923706055,6.190000057220459,57387900.0
2016-01-08,PETR4,3.1578145027160645,6.269999980926514,6.449999809265137,6.130000114440918,6.380000114440918,52100300.0
2016-01-11,PETR4,3.0671591758728027,6.090000152587891,6.300000190734863,6.050000190734863,6.269999980926514,51334000.0
2016-01-12,PETR4,2.7851216793060303,5.53000020980835,6.119999885559082,5.510000228881836,6.119999885559082,81627800.0
2016-01-13,PETR4,2.654175281524658,5.269999980926514,5.739999771118164,5.25,5.699999809265137,70874300.0
2016-01-14,PETR4,2.86570405960083,5.690000057220459,5.690000057220459,5.130000114440918,5.309999942779541,76854200.0
2016-01-15,PETR4,2.6038119792938232,5.170000076293945,5.440000057220459,5.159999847412109,5.349999904632568,75571500.0
2016-01-18,PETR4,2.417465209960937,4.800000190734863,5.210000038146973,4.800000190734863,5.190000057220459,46407200.0
2016-01-19,PETR4,2.3469560146331787,4.659999847412109,5.050000190734863,4.639999866485596,5.03000020980835,66529300.0
2016-01-20,PETR4,2.23111891746521,4.429999828338623,4.5,4.260000228881836,4.5,92914100.0
2016-01-21,PETR4,2.266373872756958,4.5,4.670000076293945,4.360000133514404,4.369999885559082,87455300.0
2016-01-22,PETR4,2.2210466861724854,4.409999847412109,4.769999980926514,4.400000095367432,4.730000019073486,100576600.0
2016-01-26,PETR4,2.1152822971343994,4.199999809265137,4.309999942779541,4.119999885559082,4.230000019073486,71933300.0
2016-01-27,PETR4,2.301628589630127,4.570000171661377,4.639999866485596,4.159999847412109,4.21999979019165,79437900.0
2016-01-28,PETR4,2.316737651824951,4.599999904632568,5.130000114440918,4.349999904632568,4.670000076293945,131960900.0
2016-01-29,PETR4,2.4376111030578613,4.840000152587891,4.860000133514404,4.519999980926514,4.699999809265137,93013900.0
2016-02-01,PETR4,2.377174139022827,4.71999979019165,4.860000133514404,4.659999847412109,4.739999771118164,51910300.0
2016-02-02,PETR4,2.165646314620972,4.300000190734863,4.650000095367432,4.300000190734863,4.559999942779541,53610300.0
2016-02-03,PETR4,2.261337280273437,4.489999771118164,4.519999980926514,4.21999979019165,4.420000076293945,73786400.0
2016-02-04,PETR4,2.3822109699249268,4.730000019073486,4.940000057220459,4.360000133514404,4.559999942779541,91974200.0
2016-02-05,PETR4,2.2865195274353027,4.539999961853027,4.78000020980835,4.53000020980835,4.730000019073486,52704500.0
2016-02-10,PETR4,2.170682668685913,4.309999942779541,4.409999847412109,4.28000020980835,4.300000190734863,45747400.0
2016-02-11,PETR4,2.1303915977478027,4.230000019073486,4.269999980926514,4.119999885559082,4.199999809265137,59451500.0
2016-02-12,PETR4,2.241192102432251,4.449999809265137,4.510000228881836,4.300000190734863,4.369999885559082,64027200.0
2016-02-15,PETR4,2.301628589630127,4.570000171661377,4.599999904632568,4.519999980926514,4.559999942779541,28490400.0
2016-02-16,PETR4,2.2361555099487305,4.440000057220459,4.639999866485596,4.420000076293945,4.5,80343900.0
2016-02-17,PETR4,2.3570284843444824,4.679999828338623,4.820000171661377,4.510000228881836,4.539999961853027,84473100.0
2016-02-18,PETR4,2.311701536178589,4.590000152587891,4.869999885559082,4.550000190734863,4.690000057220459,65026900.0
2016-02-19,PETR4,2.246227741241455,4.460000038146973,4.570000171661377,4.400000095367432,4.5,56031000.0
2016-02-22,PETR4,2.538338422775269,5.039999961853027,5.039999961853027,4.630000114440918,4.670000076293945,80150300.0
2016-02-23,PETR4,2.477901697158813,4.920000076293945,5.28000020980835,4.820000171661377,4.949999809265137,85037400.0
2016-02-24,PETR4,2.4527199268341064,4.869999885559082,4.929999828338623,4.650000095367432,4.769999980926514,75039700.0
2016-02-25,PETR4,2.4627931118011475,4.889999866485596,5.079999923706055,4.789999961853027,4.809999942779541,70393700.0
2016-02-26,PETR4,2.4527199268341064,4.869999885559082,5.099999904632568,4.829999923706055,5.019999980926514,61396800.0
2016-02-29,PETR4,2.58870267868042,5.139999866485596,5.230000019073486,4.980000019073486,5.079999923706055,84165000.0
2016-03-01,PETR4,2.674321174621582,5.309999942779541,5.369999885559082,5.099999904632568,5.309999942779541,80939200.0
2016-03-02,PETR4,2.8455581665039062,5.650000095367432,5.650000095367432,5.150000095367432,5.210000038146973,88545800.0
2016-03-03,PETR4,3.308905601501465,6.570000171661377,6.570000171661377,6.570000171661377,6.570000171661377,186772500.0
2016-03-04,PETR4,3.6362712383270255,7.21999979019165,7.900000095367432,6.570000171661377,6.570000171661377,175922100.0
2016-03-07,PETR4,3.711816549301148,7.369999885559082,7.53000020980835,6.949999809265137,7.25,85041400.0
2016-03-08,PETR4,3.7621803283691406,7.46999979019165,7.840000152587891,7.079999923706055,7.369999885559082,137169400.0
2016-03-09,PETR4,3.8276538848876953,7.599999904632568,7.78000020980835,7.360000133514404,7.699999809265137,84821900.0
2016-03-10,PETR4,4.003927230834961,7.949999809265137,7.960000038146973,7.309999942779541,7.800000190734863,117672300.0
2016-03-11,PETR4,4.074436664581299,8.09000015258789,8.220000267028809,7.670000076293945,7.940000057220459,92331300.0
2016-03-14,PETR4,3.726926326751709,7.400000095367432,8.199999809265137,7.400000095367432,8.130000114440918,86084700.0
2016-03-15,PETR4,3.3290514945983887,6.610000133514404,6.960000038146973,6.559999942779541,6.829999923706055,104913200.0
2016-03-16,PETR4,3.641307592391968,7.230000019073486,7.230000019073486,6.409999847412109,6.510000228881836,85533000.0
2016-03-17,PETR4,4.07947301864624,8.100000381469727,8.1899995803833,7.710000038146973,8.149999618530273,118294200.0
2016-03-18,PETR4,4.089546203613281,8.119999885559082,8.170000076293945,7.71999979019165,8.09000015258789,77182400.0
2016-03-21,PETR4,4.059328079223633,8.0600004196167,8.270000457763672,7.929999828338623,8.079999923706055,65837300.0
2016-03-22,PETR4,4.084508419036865,8.109999656677246,8.180000305175781,7.730000019073486,7.849999904632568,84549700.0
2016-03-23,PETR4,3.918308734893799,7.78000020980835,7.960000038146973,7.659999847412109,7.880000114440918,61437900.0
2016-03-24,PETR4,3.933417797088623,7.809999942779541,8.0,7.320000171661377,7.53000020980835,52343300.0
2016-03-28,PETR4,4.250710487365723,8.4399995803833,8.479999542236328,7.909999847412109,8.149999618530273,69818700.0
2016-03-29,PETR4,4.27589225769043,8.489999771118164,8.850000381469727,8.1899995803833,8.34000015258789,89050200.0
2016-03-30,PETR4,4.250710487365723,8.4399995803833,9.0,8.279999732971191,8.699999809265137,90059600.0
2016-03-31,PETR4,4.185236930847168,8.3100004196167,8.3100004196167,8.3100004196167,8.3100004196167,737700.0
2016-04-01,PETR4,4.210418701171875,8.359999656677246,8.359999656677246,8.359999656677246,8.359999656677246,374500.0
2016-04-04,PETR4,3.797435522079468,7.539999961853027,7.539999961853027,7.539999961853027,7.539999961853027,865300.0
2016-04-05,PETR4,3.9283814430236816,7.800000190734863,7.800000190734863,7.800000190734863,7.800000190734863,684100.0
2016-04-06,PETR4,3.817580461502075,7.579999923706055,7.579999923706055,7.579999923706055,7.579999923706055,457400.0
2016-04-07,PETR4,3.8780171871185294,7.699999809265137,7.699999809265137,7.699999809265137,7.699999809265137,324800.0
2016-04-08,PETR4,4.160055160522461,8.260000228881836,8.34000015258789,8.039999961853027,8.130000114440918,84448200.0
2016-04-11,PETR4,4.225527763366699,8.390000343322754,8.390000343322754,8.390000343322754,8.390000343322754,449600.0
2016-04-12,PETR4,4.552893161773682,9.039999961853027,9.039999961853027,9.039999961853027,9.039999961853027,648900.0
2016-04-13,PETR4,4.779531478881836,9.489999771118164,9.489999771118164,9.489999771118164,9.489999771118164,782300.0
2016-04-14,PETR4,4.6133294105529785,9.15999984741211,9.770000457763672,9.119999885559082,9.729999542236328,77355500.0
2016-04-15,PETR4,4.880257606506348,9.6899995803833,9.829999923706056,9.06999969482422,9.25,95590000.0
2016-04-18,PETR4,4.65362024307251,9.239999771118164,9.720000267028809,8.890000343322754,9.649999618530272,88873100.0
2016-04-19,PETR4,4.839967250823975,9.609999656677246,9.609999656677246,9.609999656677246,9.609999656677246,370500.0
2016-04-20,PETR4,4.774494171142578,9.479999542236328,9.640000343322754,9.34000015258789,9.399999618530272,53295800.0
2016-04-22,PETR4,4.910477161407471,9.75,9.93000030517578,9.289999961853027,9.31999969482422,63322900.0
2016-04-25,PETR4,4.698948860168457,9.329999923706056,9.899999618530272,9.329999923706056,9.710000038146973,56585400.0
2016-04-26,PETR4,4.870185852050781,9.670000076293944,9.739999771118164,9.34000015258789,9.479999542236328,40460400.0
2016-04-27,PETR4,5.162295818328857,10.25,10.300000190734863,9.770000457763672,9.850000381469728,86397900.0
2016-04-28,PETR4,5.152223110198975,10.229999542236328,10.539999961853027,10.079999923706056,10.229999542236328,57741500.0
2016-04-29,PETR4,5.152223110198975,10.229999542236328,10.539999961853027,10.010000228881836,10.229999542236328,53931300.0
2016-05-02,PETR4,5.122004508972168,10.170000076293944,10.359999656677246,9.93000030517578,10.25,48618800.0
2016-05-03,PETR4,4.925586223602295,9.779999732971191,10.09000015258789,9.710000038146973,10.010000228881836,47074700.0
2016-05-04,PETR4,4.996095180511475,9.920000076293944,10.149999618530272,9.850000381469728,9.850000381469728,43389500.0
2016-05-05,PETR4,4.940694808959961,9.8100004196167,10.300000190734863,9.600000381469728,10.279999732971191,65074500.0
2016-05-06,PETR4,5.076676845550537,10.079999923706056,10.130000114440918,9.579999923706056,9.630000114440918,45330900.0
2016-05-09,PETR4,4.774494171142578,9.479999542236328,10.050000190734863,8.84000015258789,10.010000228881836,94688100.0
2016-05-10,PETR4,5.142151355743408,10.210000038146973,10.210000038146973,9.720000267028809,9.81999969482422,53055800.0
2016-05-11,PETR4,5.162295818328857,10.25,10.5,9.989999771118164,10.390000343322754,74542300.0
2016-05-12,PETR4,4.93062162399292,9.789999961853027,10.470000267028809,9.789999961853027,10.399999618530272,67229100.0
2016-05-13,PETR4,4.7644219398498535,9.460000038146973,10.0600004196167,9.390000343322754,9.93000030517578,70472200.0
2016-05-16,PETR4,4.910477161407471,9.75,9.850000381469728,9.520000457763672,9.550000190734863,61487700.0
2016-05-17,PETR4,4.784567356109619,9.5,9.880000114440918,9.460000038146973,9.829999923706056,46379500.0
2016-05-18,PETR4,4.693912029266357,9.31999969482422,9.649999618530272,9.270000457763672,9.3100004196167,51929100.0
2016-05-19,PETR4,4.512601375579834,8.960000038146973,9.25,8.649999618530273,9.25,75430200.0
2016-05-20,PETR4,4.482384204864502,8.899999618530273,9.460000038146973,8.899999618530273,9.199999809265137,65173100.0
2016-05-23,PETR4,4.280928134918213,8.5,8.670000076293945,8.420000076293945,8.550000190734863,51330000.0
2016-05-24,PETR4,4.296037673950195,8.529999732971191,8.850000381469727,8.449999809265137,8.6899995803833,44823400.0
2016-05-25,PETR4,4.366547584533691,8.670000076293945,8.9399995803833,8.59000015258789,8.680000305175781,45512600.0
2016-05-27,PETR4,4.14494514465332,8.229999542236328,8.569999694824219,8.229999542236328,8.5,47488600.0
2016-05-30,PETR4,4.220491409301758,8.380000114440918,8.619999885559082,8.0600004196167,8.180000305175781,32281900.0
2016-05-31,PETR4,4.049254417419434,8.039999961853027,8.569999694824219,8.039999961853027,8.359999656677246,58662600.0
2016-06-01,PETR4,4.11976432800293,8.180000305175781,8.25,7.860000133514404,8.09000015258789,45884400.0
2016-06-02,PETR4,4.190273284912109,8.319999694824219,8.40999984741211,8.029999732971191,8.1899995803833,52835100.0
2016-06-03,PETR4,4.3161821365356445,8.569999694824219,8.670000076293945,8.449999809265137,8.510000228881836,45595300.0
2016-06-06,PETR4,4.2607831954956055,8.460000038146973,8.779999732971191,8.449999809265137,8.699999809265137,37117600.0
2016-06-07,PETR4,4.341365337371826,8.619999885559082,8.720000267028809,8.390000343322754,8.420000076293945,34401600.0
2016-06-08,PETR4,4.729167461395264,9.390000343322754,9.40999984741211,8.800000190734863,8.800000190734863,77194700.0
2016-06-09,PETR4,4.623403072357178,9.18000030517578,9.380000114440918,9.050000190734863,9.279999732971191,46539900.0
2016-06-10,PETR4,4.421947002410889,8.779999732971191,8.989999771118164,8.779999732971191,8.970000267028809,38859900.0
2016-06-13,PETR4,4.341365337371826,8.619999885559082,8.84000015258789,8.520000457763672,8.579999923706055,37094100.0
2016-06-14,PETR4,4.180201530456543,8.300000190734863,8.770000457763672,8.25,8.600000381469727,66180300.0
2016-06-15,PETR4,4.285965442657471,8.510000228881836,8.6899995803833,8.270000457763672,8.300000190734863,84556900.0
2016-06-16,PETR4,4.280928134918213,8.5,8.539999961853027,8.279999732971191,8.40999984741211,46834500.0
2016-06-17,PETR4,4.507565498352051,8.949999809265137,8.949999809265137,8.729999542236328,8.75,63144100.0
2016-06-20,PETR4,4.623403072357178,9.18000030517578,9.369999885559082,9.119999885559082,9.220000267028809,63791500.0
2016-06-21,PETR4,4.799675941467285,9.529999732971191,9.539999961853027,8.9399995803833,9.09000015258789,53703900.0
2016-06-22,PETR4,4.703986167907715,9.34000015258789,9.75,9.34000015258789,9.609999656677246,61983000.0
2016-06-23,PETR4,4.870185852050781,9.670000076293944,9.699999809265137,9.510000228881836,9.59000015258789,48031300.0
2016-06-24,PETR4,4.658657073974609,9.25,9.329999923706056,8.920000076293945,9.0,75974900.0
2016-06-27,PETR4,4.421947002410889,8.779999732971191,9.34000015258789,8.779999732971191,9.220000267028809,58818400.0
2016-06-28,PETR4,4.633475303649902,9.199999809265137,9.279999732971191,9.06999969482422,9.100000381469728,45291700.0
2016-06-29,PETR4,4.784567356109619,9.5,9.56999969482422,9.31999969482422,9.43000030517578,56093600.0
2016-06-30,PETR4,4.74427604675293,9.420000076293944,9.489999771118164,9.239999771118164,9.420000076293944,43741300.0
2016-07-01,PETR4,4.945732116699219,9.81999969482422,9.850000381469728,9.369999885559082,9.479999542236328,49290800.0
2016-07-04,PETR4,4.970913410186768,9.869999885559082,10.050000190734863,9.789999961853027,9.949999809265137,24505100.0
2016-07-05,PETR4,4.678803443908691,9.289999961853027,9.670000076293944,9.229999542236328,9.649999618530272,69691200.0
2016-07-06,PETR4,4.784567356109619,9.5,9.520000457763672,8.949999809265137,9.09000015258789,68781500.0
2016-07-07,PETR4,4.814785003662109,9.5600004196167,9.979999542236328,9.520000457763672,9.65999984741211,81610300.0
2016-07-08,PETR4,4.955803394317627,9.84000015258789,9.9399995803833,9.670000076293944,9.850000381469728,42647600.0
2016-07-11,PETR4,5.217695713043213,10.359999656677246,10.369999885559082,9.979999542236328,10.0,66717300.0
2016-07-12,PETR4,5.3637518882751465,10.649999618530272,10.800000190734863,10.579999923706056,10.609999656677246,58174200.0
2016-07-13,PETR4,5.353677749633789,10.630000114440918,10.630000114440918,10.210000038146973,10.470000267028809,64252100.0
2016-07-14,PETR4,5.504770278930664,10.93000030517578,10.979999542236328,10.65999984741211,10.920000076293944,53059500.0
2016-07-15,PETR4,5.550097942352295,11.020000457763672,11.0600004196167,10.81999969482422,10.90999984741211,51223500.0
2016-07-18,PETR4,5.817025661468506,11.550000190734863,11.739999771118164,10.869999885559082,10.970000267028809,77358900.0
2016-07-19,PETR4,5.932862281799316,11.779999732971191,11.970000267028809,11.5,11.510000228881836,53692000.0
2016-07-20,PETR4,5.953009128570557,11.81999969482422,11.899999618530272,11.539999961853027,11.81999969482422,49261200.0
2016-07-21,PETR4,5.968118190765381,11.850000381469728,11.989999771118164,11.729999542236328,11.770000457763672,37748600.0
2016-07-22,PETR4,6.013443470001221,11.9399995803833,11.970000267028809,11.720000267028809,11.84000015258789,33938400.0
2016-07-25,PETR4,6.058773517608643,12.029999732971191,12.25,11.90999984741211,11.979999542236328,47192000.0
2016-07-26,PETR4,5.983226776123047,11.880000114440918,12.06999969482422,11.850000381469728,11.949999809265137,38304800.0
2016-07-27,PETR4,5.796880722045898,11.510000228881836,12.039999961853027,11.510000228881836,11.989999771118164,51952100.0
2016-07-28,PETR4,5.761626243591309,11.4399995803833,11.550000190734863,11.149999618530272,11.399999618530272,40663100.0
2016-07-29,PETR4,5.978191375732422,11.869999885559082,11.979999542236328,11.609999656677246,11.760000228881836,60740000.0
2016-08-01,PETR4,5.6659345626831055,11.25,11.970000267028809,11.220000267028809,11.93000030517578,52012300.0
2016-08-02,PETR4,5.721334934234619,11.359999656677246,11.619999885559082,11.100000381469728,11.329999923706056,49134600.0
2016-08-03,PETR4,5.993298530578613,11.899999618530272,11.899999618530272,11.329999923706056,11.579999923706056,55695500.0
2016-08-04,PETR4,6.048699855804443,12.010000228881836,12.119999885559082,11.869999885559082,11.93000030517578,63207500.0
2016-08-05,PETR4,5.8673906326293945,11.649999618530272,12.170000076293944,11.649999618530272,12.119999885559082,54225900.0
2016-08-08,PETR4,5.998336315155029,11.90999984741211,11.970000267028809,11.699999809265137,11.789999961853027,41552000.0
2016-08-09,PETR4,5.983226776123047,11.880000114440918,12.06999969482422,11.75,11.920000076293944,33596200.0
2016-08-10,PETR4,5.822062969207764,11.5600004196167,11.970000267028809,11.5600004196167,11.949999809265137,41638400.0
2016-08-11,PETR4,6.094027519226074,12.100000381469728,12.100000381469728,11.600000381469728,11.630000114440918,55881500.0
2016-08-12,PETR4,6.043663501739502,12.0,12.4399995803833,11.979999542236328,12.050000190734863,71281300.0
2016-08-15,PETR4,6.199791431427002,12.3100004196167,12.369999885559082,12.06999969482422,12.1899995803833,53568000.0
2016-08-16,PETR4,6.290446758270264,12.489999771118164,12.5600004196167,12.140000343322754,12.3100004196167,48218700.0
2016-08-17,PETR4,6.426429271697998,12.760000228881836,12.760000228881836,12.31999969482422,12.470000267028809,46809100.0
2016-08-18,PETR4,6.4868645668029785,12.880000114440918,13.029999732971191,12.779999732971191,12.800000190734863,44941100.0
2016-08-19,PETR4,6.441537380218506,12.789999961853027,12.920000076293944,12.699999809265137,12.81999969482422,33360000.0
2016-08-22,PETR4,6.219936847686768,12.350000381469728,12.630000114440918,12.300000190734863,12.630000114440918,43258900.0
2016-08-23,PETR4,6.381101131439209,12.670000076293944,12.859999656677246,12.420000076293944,12.479999542236328,61048000.0
2016-08-24,PETR4,6.245119571685791,12.399999618530272,12.710000038146973,12.369999885559082,12.5,44694700.0
2016-08-25,PETR4,6.310591697692871,12.529999732971191,12.640000343322754,12.350000381469728,12.420000076293944,40290500.0
2016-08-26,PETR4,6.320663928985596,12.550000190734863,12.899999618530272,12.449999809265137,12.6899995803833,50650500.0
2016-08-29,PETR4,6.48183012008667,12.869999885559082,12.960000038146973,12.449999809265137,12.5,36990100.0
2016-08-30,PETR4,6.5926289558410645,13.09000015258789,13.229999542236328,12.970000267028809,13.039999961853027,51893700.0
2016-08-31,PETR4,6.471756458282471,12.850000381469728,13.220000267028809,12.710000038146973,13.130000114440918,61016100.0
2016-09-01,PETR4,6.547302722930908,13.0,13.09000015258789,12.760000228881836,12.970000267028809,45370000.0
2016-09-02,PETR4,6.834376335144043,13.56999969482422,13.579999923706056,13.149999618530272,13.220000267028809,57017000.0
2016-09-05,PETR4,6.965322494506836,13.829999923706056,13.93000030517578,13.729999542236328,13.789999961853027,26292200.0
2016-09-06,PETR4,7.040866851806641,13.979999542236328,13.979999542236328,13.529999732971191,13.6899995803833,42086900.0
2016-09-08,PETR4,7.161741256713867,14.220000267028809,14.289999961853027,13.960000038146973,14.06999969482422,42797300.0
2016-09-09,PETR4,6.8041582107543945,13.510000228881836,14.020000457763672,13.510000228881836,13.960000038146973,43155300.0
2016-09-12,PETR4,7.025758743286133,13.949999809265137,13.949999809265137,13.270000457763672,13.31999969482422,44141000.0
2016-09-13,PETR4,6.55233907699585,13.010000228881836,13.850000381469728,12.9399995803833,13.699999809265137,64134000.0
2016-09-14,PETR4,6.60270357131958,13.109999656677246,13.359999656677246,12.970000267028809,13.149999618530272,43932500.0
2016-09-15,PETR4,6.8041582107543945,13.510000228881836,13.5600004196167,13.15999984741211,13.210000038146973,42169100.0
2016-09-16,PETR4,6.6278839111328125,13.15999984741211,13.420000076293944,13.15999984741211,13.34000015258789,44651900.0
2016-09-19,PETR4,6.572484970092773,13.050000190734863,13.539999961853027,13.020000457763672,13.420000076293944,51105500.0
2016-09-20,PETR4,6.799121379852295,13.5,13.630000114440918,13.329999923706056,13.449999809265137,52063100.0
2016-09-21,PETR4,6.879702568054199,13.65999984741211,13.6899995803833,13.399999618530272,13.600000381469728,61094100.0
2016-09-22,PETR4,7.050940990447998,14.0,14.09000015258789,13.84000015258789,13.890000343322754,47574500.0
2016-09-23,PETR4,6.89481258392334,13.6899995803833,13.979999542236328,13.539999961853027,13.979999542236328,53264300.0
2016-09-26,PETR4,6.7487568855285645,13.399999618530272,13.6899995803833,13.390000343322754,13.59000015258789,35545800.0
2016-09-27,PETR4,6.607738971710205,13.119999885559082,13.399999618530272,12.869999885559082,13.399999618530272,58098200.0
2016-09-28,PETR4,6.975395202636719,13.850000381469728,13.850000381469728,13.119999885559082,13.300000190734863,69032100.0
2016-09-29,PETR4,6.7638678550720215,13.43000030517578,13.899999618530272,13.43000030517578,13.800000190734863,53143200.0
2016-09-30,PETR4,6.834376335144043,13.56999969482422,13.770000457763672,13.4399995803833,13.529999732971191,39275000.0
2016-10-03,PETR4,7.035831928253174,13.970000267028809,13.970000267028809,13.619999885559082,13.670000076293944,34444500.0
2016-10-04,PETR4,7.061015129089356,14.020000457763672,14.119999885559082,13.829999923706056,13.979999542236328,39717400.0
2016-10-05,PETR4,7.343051910400391,14.579999923706056,14.640000343322754,14.15999984741211,14.1899995803833,65242200.0
2016-10-06,PETR4,7.604943752288818,15.100000381469728,15.100000381469728,14.619999885559082,14.710000038146973,77003800.0
2016-10-07,PETR4,7.6855268478393555,15.260000228881836,15.380000114440918,14.970000267028809,15.229999542236328,71691000.0
2016-10-10,PETR4,7.922234058380127,15.729999542236328,15.770000457763672,15.510000228881836,15.520000457763672,38724300.0
2016-10-11,PETR4,7.750997066497803,15.390000343322754,15.65999984741211,15.289999961853027,15.609999656677246,69314500.0
2016-10-13,PETR4,7.937345027923584,15.760000228881836,15.81999969482422,15.029999732971191,15.1899995803833,58212500.0
2016-10-14,PETR4,8.189162254333496,16.260000228881836,16.290000915527344,15.979999542236328,16.010000228881836,66150000.0
2016-10-17,PETR4,8.511492729187012,16.899999618530273,16.899999618530273,16.06999969482422,16.239999771118164,75002000.0
2016-10-18,PETR4,8.773384094238281,17.420000076293945,17.639999389648438,17.18000030517578,17.209999084472656,76995000.0
2016-10-19,PETR4,8.874112129211426,17.6200008392334,17.790000915527344,17.34000015258789,17.719999313354492,65212400.0
2016-10-20,PETR4,8.934551239013672,17.739999771118164,17.739999771118164,17.219999313354492,17.309999465942383,62901500.0
2016-10-21,PETR4,9.040313720703123,17.950000762939453,18.09000015258789,17.479999542236328,17.649999618530273,47961800.0
2016-10-24,PETR4,9.166223526000977,18.200000762939453,18.43000030517578,18.0,18.26000022888184,51678900.0
2016-10-25,PETR4,9.065495491027832,18.0,18.290000915527344,17.709999084472656,18.21999931335449,57674100.0
2016-10-26,PETR4,9.115859985351562,18.100000381469727,18.25,17.610000610351562,17.700000762939453,51424400.0
2016-10-27,PETR4,9.110822677612305,18.09000015258789,18.489999771118164,18.09000015258789,18.11000061035156,43645900.0
2016-10-28,PETR4,9.110822677612305,18.09000015258789,18.290000915527344,17.950000762939453,17.989999771118164,37689700.0
2016-10-31,PETR4,8.909368515014648,17.690000534057617,18.170000076293945,17.610000610351562,18.030000686645508,42059100.0
2016-11-01,PETR4,8.491349220275879,16.860000610351562,17.8799991607666,16.559999465942383,17.8799991607666,68718800.0
2016-11-03,PETR4,8.123690605163574,16.1299991607666,17.030000686645508,16.1299991607666,16.6299991607666,56998700.0
2016-11-04,PETR4,8.053182601928711,15.989999771118164,16.579999923706055,15.90999984741211,16.469999313354492,61347700.0
2016-11-07,PETR4,8.667620658874512,17.209999084472656,17.209999084472656,16.709999084472656,16.709999084472656,51625300.0
2016-11-08,PETR4,8.582002639770508,17.040000915527344,17.479999542236328,16.729999542236328,17.100000381469727,56241000.0
2016-11-09,PETR4,8.385581970214844,16.649999618530273,17.100000381469727,15.8100004196167,15.850000381469728,111417100.0
2016-11-10,PETR4,7.806397914886475,15.5,17.18000030517578,15.5,17.100000381469727,94683900.0
2016-11-11,PETR4,7.055976867675781,14.010000228881836,15.460000038146973,13.9399995803833,15.18000030517578,129811400.0
2016-11-14,PETR4,7.050940990447998,14.0,14.18000030517578,13.329999923706056,13.800000190734863,86623000.0
2016-11-16,PETR4,7.423633098602295,14.739999771118164,14.960000038146973,14.18000030517578,14.550000190734863,77406600.0
2016-11-17,PETR4,7.196995735168457,14.289999961853027,15.31999969482422,14.289999961853027,15.149999618530272,51535300.0
2016-11-18,PETR4,7.312833786010742,14.520000457763672,14.6899995803833,14.210000038146973,14.369999885559082,55041300.0
2016-11-21,PETR4,7.846691131591797,15.579999923706056,15.579999923706056,14.880000114440918,15.050000190734863,59122000.0
2016-11-22,PETR4,8.022964477539062,15.93000030517578,16.079999923706055,15.25,15.93000030517578,58636100.0
2016-11-23,PETR4,7.982671737670898,15.850000381469728,15.989999771118164,15.529999732971191,15.720000267028809,42490100.0
2016-11-24,PETR4,7.846691131591797,15.579999923706056,15.899999618530272,15.579999923706056,15.899999618530272,14725000.0
2016-11-25,PETR4,7.705671310424805,15.300000190734863,15.520000457763672,15.050000190734863,15.25,47630600.0
2016-11-28,PETR4,7.786253929138184,15.460000038146973,15.5600004196167,15.199999809265137,15.199999809265137,38747500.0
2016-11-29,PETR4,7.38334321975708,14.65999984741211,15.380000114440918,14.59000015258789,15.300000190734863,54075900.0
2016-11-30,PETR4,8.058218002319336,16.0,16.190000534057617,15.609999656677246,15.899999618530272,82547300.0
2016-12-01,PETR4,7.776179790496826,15.4399995803833,16.350000381469727,15.329999923706056,16.0,66775400.0
2016-12-02,PETR4,7.972599506378174,15.829999923706056,15.90999984741211,14.75,15.119999885559082,58381500.0
2016-12-05,PETR4,7.886981010437012,15.65999984741211,16.09000015258789,15.550000190734863,16.010000228881836,47586500.0
2016-12-06,PETR4,8.133763313293457,16.149999618530273,16.200000762939453,15.739999771118164,16.0,63916700.0
2016-12-07,PETR4,7.987707614898682,15.859999656677246,16.329999923706055,15.770000457763672,16.299999237060547,50247400.0
2016-12-08,PETR4,7.907125949859619,15.699999809265137,16.0,15.520000457763672,15.970000267028809,41104800.0
2016-12-09,PETR4,7.846691131591797,15.579999923706056,15.899999618530272,15.520000457763672,15.880000114440918,37161200.0
2016-12-12,PETR4,7.856762886047363,15.600000381469728,15.949999809265137,15.479999542236328,15.789999961853027,35436700.0
2016-12-13,PETR4,7.781217098236084,15.449999809265137,15.6899995803833,15.380000114440918,15.550000190734863,33455000.0
2016-12-14,PETR4,7.423633098602295,14.739999771118164,15.470000267028809,14.739999771118164,15.43000030517578,44215700.0
2016-12-15,PETR4,7.479034423828125,14.850000381469728,14.90999984741211,14.329999923706056,14.779999732971191,43338800.0
2016-12-16,PETR4,7.43370771408081,14.760000228881836,15.140000343322754,14.760000228881836,14.899999618530272,37876200.0
2016-12-19,PETR4,7.232249736785889,14.359999656677246,14.890000343322754,14.350000381469728,14.880000114440918,39128600.0
2016-12-20,PETR4,7.227216243743896,14.350000381469728,14.59000015258789,14.100000381469728,14.460000038146973,31810000.0
2016-12-21,PETR4,7.222177982330322,14.34000015258789,14.479999542236328,14.039999961853027,14.449999809265137,32856800.0
2016-12-22,PETR4,7.055976867675781,14.010000228881836,14.460000038146973,14.010000228881836,14.460000038146973,42240500.0
2016-12-23,PETR4,7.171814918518066,14.239999771118164,14.350000381469728,14.010000228881836,14.050000190734863,21776900.0
2016-12-26,PETR4,7.262467861175537,14.420000076293944,14.449999809265137,14.270000457763672,14.31999969482422,5734300.0
2016-12-27,PETR4,7.257432460784912,14.40999984741211,14.550000190734863,14.260000228881836,14.5,14949200.0
2016-12-28,PETR4,7.443779468536377,14.779999732971191,14.8100004196167,14.359999656677246,14.43000030517578,18979900.0
2016-12-29,PETR4,7.489107131958008,14.869999885559082,14.880000114440918,14.520000457763672,14.850000381469728,18090600.0
2017-01-02,PETR4,7.38334321975708,14.65999984741211,14.699999809265137,14.600000381469728,14.640000343322754,7525700.0
2017-01-03,PETR4,7.806397914886475,15.5,15.649999618530272,14.949999809265137,14.949999809265137,39947800.0
2017-01-04,PETR4,7.806397914886475,15.5,15.68000030517578,15.3100004196167,15.449999809265137,37071700.0
2017-01-05,PETR4,7.932308673858643,15.75,15.90999984741211,15.619999885559082,15.699999809265137,47586300.0
2017-01-06,PETR4,7.886981010437012,15.65999984741211,15.920000076293944,15.5,15.779999732971191,25592000.0
2017-01-09,PETR4,7.720779418945312,15.329999923706056,15.600000381469728,15.329999923706056,15.5,25599000.0
2017-01-10,PETR4,7.796326637268066,15.479999542236328,15.68000030517578,15.390000343322754,15.600000381469728,26239900.0
2017-01-11,PETR4,7.886981010437012,15.65999984741211,15.68000030517578,15.270000457763672,15.640000343322754,34399300.0
2017-01-12,PETR4,8.007854461669922,15.899999618530272,16.25,15.899999618530272,16.149999618530273,49890300.0
2017-01-13,PETR4,7.897054195404053,15.68000030517578,15.949999809265137,15.56999969482422,15.770000457763672,34450000.0
2017-01-16,PETR4,7.932308673858643,15.75,15.75,15.579999923706056,15.699999809265137,20069600.0
2017-01-17,PETR4,7.967563152313232,15.81999969482422,15.970000267028809,15.720000267028809,15.729999542236328,28663300.0
2017-01-18,PETR4,7.952454566955566,15.789999961853027,15.93000030517578,15.710000038146973,15.800000190734863,24725200.0
2017-01-19,PETR4,7.942382335662842,15.770000457763672,15.880000114440918,15.579999923706056,15.81999969482422,21677600.0
2017-01-20,PETR4,8.058218002319336,16.0,16.190000534057617,15.8100004196167,15.84000015258789,34863500.0
2017-01-23,PETR4,8.053182601928711,15.989999771118164,16.09000015258789,15.789999961853027,15.9399995803833,25139100.0
2017-01-24,PETR4,8.078363418579102,16.040000915527344,16.43000030517578,15.970000267028809,16.1200008392334,49710600.0
2017-01-26,PETR4,7.957488536834717,15.800000190734863,16.190000534057617,15.800000190734863,16.149999618530273,37391900.0
2017-01-27,PETR4,7.866835594177246,15.619999885559082,15.869999885559082,15.539999961853027,15.729999542236328,23275300.0
2017-01-30,PETR4,7.473997116088867,14.84000015258789,15.529999732971191,14.84000015258789,15.510000228881836,26779500.0
2017-01-31,PETR4,7.564652919769287,15.020000457763672,15.369999885559082,14.899999618530272,14.989999771118164,30807200.0
2017-02-01,PETR4,7.564652919769287,15.020000457763672,15.40999984741211,14.90999984741211,15.260000228881836,35977000.0
2017-02-02,PETR4,7.499179840087891,14.890000343322754,15.279999732971191,14.859999656677246,14.989999771118164,39306700.0
2017-02-03,PETR4,7.725818157196045,15.34000015258789,15.34000015258789,14.770000457763672,14.920000076293944,40213400.0
2017-02-06,PETR4,7.534434795379639,14.960000038146973,15.470000267028809,14.949999809265137,15.380000114440918,29686500.0
2017-02-07,PETR4,7.403487682342529,14.699999809265137,15.15999984741211,14.699999809265137,15.100000381469728,29163900.0
2017-02-08,PETR4,7.604943752288818,15.100000381469728,15.100000381469728,14.270000457763672,14.770000457763672,58912900.0
2017-02-09,PETR4,7.57975959777832,15.050000190734863,15.239999771118164,14.960000038146973,15.18000030517578,33910300.0
2017-02-10,PETR4,7.846691131591797,15.579999923706056,15.630000114440918,15.140000343322754,15.199999809265137,44467000.0
2017-02-13,PETR4,7.866835594177246,15.619999885559082,15.90999984741211,15.550000190734863,15.770000457763672,36439100.0
2017-02-14,PETR4,7.967563152313232,15.81999969482422,15.949999809265137,15.5600004196167,15.739999771118164,34417400.0
2017-02-15,PETR4,7.977634906768799,15.84000015258789,16.049999237060547,15.779999732971191,15.90999984741211,47953300.0
2017-02-16,PETR4,7.987707614898682,15.859999656677246,16.06999969482422,15.75,15.84000015258789,37276900.0
2017-02-17,PETR4,7.861799240112305,15.609999656677246,15.899999618530272,15.600000381469728,15.739999771118164,24866600.0
2017-02-20,PETR4,8.017927169799805,15.920000076293944,15.979999542236328,15.649999618530272,15.739999771118164,33514000.0
2017-02-21,PETR4,8.103546142578125,16.09000015258789,16.229999542236328,16.040000915527344,16.100000381469727,33685800.0
2017-02-22,PETR4,7.907125949859619,15.699999809265137,16.020000457763672,15.56999969482422,16.0,45255400.0
2017-02-23,PETR4,7.836617469787598,15.5600004196167,16.100000381469727,15.479999542236328,15.9399995803833,41208700.0
2017-02-24,PETR4,7.645234107971191,15.18000030517578,15.470000267028809,15.100000381469728,15.350000381469728,30412200.0
2017-03-01,PETR4,7.816471099853516,15.520000457763672,15.550000190734863,15.31999969482422,15.510000228881836,25661000.0
2017-03-02,PETR4,7.60998010635376,15.109999656677246,15.449999809265137,14.989999771118164,15.4399995803833,38490800.0
2017-03-03,PETR4,7.715744018554687,15.31999969482422,15.34000015258789,15.039999961853027,15.220000267028809,24516800.0
2017-03-06,PETR4,7.604943752288818,15.100000381469728,15.470000267028809,15.039999961853027,15.109999656677246,23325000.0
2017-03-07,PETR4,7.645234107971191,15.18000030517578,15.380000114440918,15.119999885559082,15.18000030517578,30927300.0
2017-03-08,PETR4,7.327943801879883,14.550000190734863,15.18000030517578,14.550000190734863,15.15999984741211,49300700.0
2017-03-09,PETR4,7.302760124206543,14.5,14.59000015258789,14.170000076293944,14.34000015258789,46467600.0
2017-03-10,PETR4,7.20706844329834,14.3100004196167,14.880000114440918,14.239999771118164,14.720000267028809,42454600.0
2017-03-13,PETR4,7.23728609085083,14.369999885559082,14.399999618530272,14.15999984741211,14.329999923706056,28295100.0
2017-03-14,PETR4,6.844449520111084,13.59000015258789,14.100000381469728,13.59000015258789,14.06999969482422,67172700.0
2017-03-15,PETR4,7.151668548583984,14.199999809265137,14.199999809265137,13.550000190734863,13.859999656677246,55593200.0
2017-03-16,PETR4,6.904884338378906,13.710000038146973,14.31999969482422,13.68000030517578,14.260000228881836,35362300.0
2017-03-17,PETR4,6.6278839111328125,13.15999984741211,13.880000114440918,13.050000190734863,13.8100004196167,81797400.0
2017-03-20,PETR4,6.849483966827393,13.600000381469728,13.670000076293944,12.90999984741211,12.979999542236328,52351600.0
2017-03-21,PETR4,6.547302722930908,13.0,13.630000114440918,12.81999969482422,13.609999656677246,46384300.0
2017-03-22,PETR4,6.879702568054199,13.65999984741211,13.720000267028809,13.029999732971191,13.199999809265137,62807700.0
2017-03-23,PETR4,6.834376335144043,13.56999969482422,13.81999969482422,13.420000076293944,13.479999542236328,36467200.0
2017-03-24,PETR4,6.789048671722412,13.479999542236328,13.770000457763672,13.34000015258789,13.699999809265137,30084700.0
2017-03-27,PETR4,6.935103893280029,13.770000457763672,13.789999961853027,13.020000457763672,13.239999771118164,32021200.0
2017-03-28,PETR4,7.025758743286133,13.949999809265137,14.109999656677246,13.770000457763672,13.899999618530272,44850600.0
2017-03-29,PETR4,7.277578830718994,14.449999809265137,14.489999771118164,13.93000030517578,14.039999961853027,43051400.0
2017-03-30,PETR4,7.277578830718994,14.449999809265137,14.640000343322754,14.350000381469728,14.550000190734863,32928600.0
2017-03-31,PETR4,7.297723293304443,14.489999771118164,14.649999618530272,14.260000228881836,14.359999656677246,33553000.0
2017-04-03,PETR4,7.388379573822021,14.670000076293944,14.75,14.529999732971191,14.539999961853027,39427200.0
2017-04-04,PETR4,7.479034423828125,14.850000381469728,14.890000343322754,14.56999969482422,14.670000076293944,24132000.0
2017-04-05,PETR4,7.338014602661133,14.56999969482422,15.15999984741211,14.5,15.050000190734863,49920900.0
2017-04-06,PETR4,7.317868232727051,14.529999732971191,14.869999885559082,14.420000076293944,14.619999885559082,34602700.0
2017-04-07,PETR4,7.403487682342529,14.699999809265137,14.899999618530272,14.600000381469728,14.609999656677246,33024900.0
2017-04-10,PETR4,7.524360656738281,14.9399995803833,14.9399995803833,14.699999809265137,14.899999618530272,37906000.0
2017-04-11,PETR4,7.393414497375488,14.68000030517578,14.989999771118164,14.550000190734863,14.970000267028809,38593200.0
2017-04-12,PETR4,7.378304481506348,14.649999618530272,14.829999923706056,14.579999923706056,14.600000381469728,42628900.0
2017-04-13,PETR4,7.091232299804688,14.079999923706056,14.6899995803833,14.079999923706056,14.649999618530272,44572600.0
2017-04-17,PETR4,7.191960334777832,14.279999732971191,14.350000381469728,13.970000267028809,14.140000343322754,46459500.0
2017-04-18,PETR4,7.1013054847717285,14.100000381469728,14.369999885559082,13.949999809265137,14.149999618530272,45349800.0
2017-04-19,PETR4,6.849483966827393,13.600000381469728,14.279999732971191,13.550000190734863,14.239999771118164,41014100.0
2017-04-20,PETR4,6.990503311157227,13.880000114440918,13.899999618530272,13.630000114440918,13.800000190734863,28227600.0
2017-04-24,PETR4,7.066049575805664,14.029999732971191,14.15999984741211,13.920000076293944,14.130000114440918,27546200.0
2017-04-25,PETR4,7.222177982330322,14.34000015258789,14.34000015258789,13.800000190734863,13.899999618530272,32268100.0
2017-04-26,PETR4,7.050940990447998,14.0,14.489999771118164,14.0,14.15999984741211,37045000.0
2017-04-27,PETR4,6.914959907531738,13.729999542236328,14.029999732971191,13.5600004196167,13.989999771118164,29078500.0
2017-04-28,PETR4,7.035831928253174,13.970000267028809,14.100000381469728,13.6899995803833,13.850000381469728,31061200.0
2017-05-02,PETR4,7.045904636383057,13.989999771118164,14.34000015258789,13.850000381469728,14.0600004196167,37830100.0
2017-05-03,PETR4,7.131523132324219,14.15999984741211,14.25,13.949999809265137,14.039999961853027,38357600.0
2017-05-04,PETR4,6.849483966827393,13.600000381469728,14.0,13.579999923706056,14.0,37695400.0
2017-05-05,PETR4,7.156704902648926,14.210000038146973,14.210000038146973,13.65999984741211,13.6899995803833,32788100.0
2017-05-08,PETR4,7.091232299804688,14.079999923706056,14.350000381469728,13.979999542236328,14.130000114440918,36464300.0
2017-05-09,PETR4,7.121450901031494,14.140000343322754,14.239999771118164,14.039999961853027,14.149999618530272,28008600.0
2017-05-10,PETR4,7.41859769821167,14.729999542236328,14.75,14.3100004196167,14.34000015258789,46271700.0
2017-05-11,PETR4,7.463924884796143,14.81999969482422,14.920000076293944,14.640000343322754,14.880000114440918,29318000.0
2017-05-12,PETR4,7.781217098236084,15.449999809265137,15.579999923706056,15.350000381469728,15.5,83518200.0
2017-05-15,PETR4,7.897054195404053,15.68000030517578,15.869999885559082,15.649999618530272,15.770000457763672,46914700.0
2017-05-16,PETR4,7.907125949859619,15.699999809265137,15.779999732971191,15.520000457763672,15.770000457763672,34469300.0
2017-05-17,PETR4,7.861799240112305,15.609999656677246,15.720000267028809,15.510000228881836,15.5600004196167,30023400.0
2017-05-18,PETR4,6.622848510742188,13.149999618530272,14.0,12.449999809265137,12.449999809265137,142924900.0
2017-05-19,PETR4,6.859558582305908,13.619999885559082,13.899999618530272,13.460000038146973,13.75,70983900.0
2017-05-22,PETR4,6.7487568855285645,13.399999618530272,13.510000228881836,13.0,13.350000381469728,55014900.0
2017-05-23,PETR4,6.7940850257873535,13.489999771118164,13.600000381469728,13.380000114440918,13.449999809265137,48520100.0
2017-05-24,PETR4,7.076123237609863,14.050000190734863,14.09000015258789,13.6899995803833,13.75,54065800.0
2017-05-25,PETR4,6.919994831085205,13.739999771118164,14.1899995803833,13.630000114440918,13.970000267028809,45030800.0
2017-05-26,PETR4,6.8897786140441895,13.68000030517578,13.789999961853027,13.399999618530272,13.470000267028809,63326900.0
2017-05-29,PETR4,6.8897786140441895,13.68000030517578,13.68000030517578,13.68000030517578,13.68000030517578,0.0
2017-05-30,PETR4,6.728610992431641,13.359999656677246,13.640000343322754,13.359999656677246,13.550000190734863,34663800.0
2017-05-31,PETR4,6.527157306671143,12.960000038146973,13.3100004196167,12.949999809265137,13.210000038146973,45628800.0
2017-06-01,PETR4,6.456647872924805,12.81999969482422,13.289999961853027,12.81999969482422,13.15999984741211,42873400.0
2017-06-02,PETR4,6.572484970092773,13.050000190734863,13.050000190734863,12.68000030517578,12.789999961853027,43192600.0
2017-06-05,PETR4,6.6379570960998535,13.18000030517578,13.239999771118164,12.920000076293944,12.960000038146973,31419400.0
2017-06-06,PETR4,6.6379570960998535,13.18000030517578,13.329999923706056,13.029999732971191,13.229999542236328,35558700.0
2017-06-07,PETR4,6.48183012008667,12.869999885559082,13.34000015258789,12.8100004196167,13.279999732971191,44355600.0
2017-06-08,PETR4,6.466720104217529,12.84000015258789,12.960000038146973,12.710000038146973,12.779999732971191,27749200.0
2017-06-09,PETR4,6.471756458282471,12.850000381469728,13.100000381469728,12.829999923706056,12.960000038146973,30382100.0
2017-06-12,PETR4,6.496939659118652,12.899999618530272,13.029999732971191,12.770000457763672,12.970000267028809,30680700.0
2017-06-13,PETR4,6.517084121704102,12.9399995803833,13.020000457763672,12.770000457763672,12.949999809265137,22891000.0
2017-06-14,PETR4,6.355918884277344,12.619999885559082,13.039999961853027,12.609999656677246,12.9399995803833,67382800.0
2017-06-15,PETR4,6.355918884277344,12.619999885559082,12.619999885559082,12.619999885559082,12.619999885559082,0.0
2017-06-16,PETR4,6.184682846069336,12.279999732971191,12.59000015258789,12.210000038146973,12.579999923706056,73551400.0
2017-06-19,PETR4,6.189719200134277,12.289999961853027,12.470000267028809,12.220000267028809,12.3100004196167,45926200.0
2017-06-20,PETR4,5.973154544830322,11.859999656677246,12.130000114440918,11.760000228881836,12.119999885559082,54014700.0
2017-06-21,PETR4,5.862353324890137,11.640000343322754,12.119999885559082,11.59000015258789,11.949999809265137,58778300.0
2017-06-22,PETR4,6.063808441162109,12.039999961853027,12.039999961853027,11.720000267028809,11.760000228881836,42284600.0
2017-06-23,PETR4,6.00840950012207,11.93000030517578,12.149999618530272,11.869999885559082,12.109999656677246,33601000.0
2017-06-26,PETR4,6.179646015167236,12.270000457763672,12.300000190734863,12.039999961853027,12.100000381469728,42731300.0
2017-06-27,PETR4,6.14942741394043,12.210000038146973,12.479999542236328,12.130000114440918,12.34000015258789,45097600.0
2017-06-28,PETR4,6.083954334259033,12.079999923706056,12.31999969482422,12.010000228881836,12.270000457763672,32077400.0
2017-06-29,PETR4,6.1343183517456055,12.18000030517578,12.300000190734863,12.09000015258789,12.260000228881836,24380300.0
2017-06-30,PETR4,6.230010032653809,12.369999885559082,12.479999542236328,12.1899995803833,12.25,29687600.0
2017-07-03,PETR4,6.224973201751709,12.359999656677246,12.40999984741211,12.220000267028809,12.279999732971191,31542500.0
2017-07-04,PETR4,6.260227680206299,12.43000030517578,12.43000030517578,12.31999969482422,12.34000015258789,12523500.0
2017-07-05,PETR4,6.14942741394043,12.210000038146973,12.520000457763672,12.119999885559082,12.380000114440918,41958400.0
2017-07-06,PETR4,6.129282474517822,12.170000076293944,12.359999656677246,12.079999923706056,12.279999732971191,51976900.0
2017-07-07,PETR4,6.00840950012207,11.93000030517578,12.170000076293944,11.850000381469728,12.130000114440918,42677000.0
2017-07-10,PETR4,6.033590316772461,11.979999542236328,12.010000228881836,11.739999771118164,11.829999923706056,21748800.0
2017-07-11,PETR4,6.209864139556885,12.329999923706056,12.449999809265137,11.899999618530272,11.949999809265137,45500900.0
2017-07-12,PETR4,6.517084121704102,12.9399995803833,12.989999771118164,12.510000228881836,12.640000343322754,66332200.0
2017-07-13,PETR4,6.48183012008667,12.869999885559082,13.039999961853027,12.800000190734863,12.960000038146973,32983300.0
2017-07-14,PETR4,6.572484970092773,13.050000190734863,13.0600004196167,12.90999984741211,12.960000038146973,35977500.0
2017-07-17,PETR4,6.491901874542236,12.890000343322754,13.050000190734863,12.869999885559082,13.029999732971191,28118700.0
2017-07-18,PETR4,6.517084121704102,12.9399995803833,13.020000457763672,12.829999923706056,13.0,19300700.0
2017-07-19,PETR4,6.6631388664245605,13.229999542236328,13.270000457763672,12.970000267028809,13.0,36513700.0
2017-07-20,PETR4,6.597666263580322,13.100000381469728,13.350000381469728,13.029999732971191,13.289999961853027,30114300.0
2017-07-21,PETR4,6.391173362731934,12.6899995803833,13.039999961853027,12.670000076293944,13.0,38738300.0
2017-07-24,PETR4,6.4868645668029785,12.880000114440918,12.920000076293944,12.770000457763672,12.829999923706056,16250400.0
2017-07-25,PETR4,6.658102989196777,13.220000267028809,13.25,13.010000228881836,13.010000228881836,29930100.0
2017-07-26,PETR4,6.577521324157715,13.0600004196167,13.34000015258789,12.979999542236328,13.300000190734863,29333000.0
2017-07-27,PETR4,6.547302722930908,13.0,13.170000076293944,13.0,13.050000190734863,21825900.0
2017-07-28,PETR4,6.612774848937988,13.130000114440918,13.130000114440918,12.90999984741211,12.979999542236328,20980200.0
2017-07-31,PETR4,6.693357467651367,13.289999961853027,13.3100004196167,13.06999969482422,13.220000267028809,31397700.0
2017-08-01,PETR4,6.607738971710205,13.119999885559082,13.31999969482422,13.079999923706056,13.300000190734863,22999400.0
2017-08-02,PETR4,6.8041582107543945,13.510000228881836,13.609999656677246,13.079999923706056,13.130000114440918,46342000.0
2017-08-03,PETR4,6.703431129455566,13.3100004196167,13.65999984741211,13.3100004196167,13.56999969482422,31300700.0
2017-08-04,PETR4,6.7487568855285645,13.399999618530272,13.479999542236328,13.260000228881836,13.40999984741211,21560500.0
2017-08-07,PETR4,6.8243021965026855,13.550000190734863,13.619999885559082,13.329999923706056,13.350000381469728,29832200.0
2017-08-08,PETR4,6.7940850257873535,13.489999771118164,13.6899995803833,13.460000038146973,13.5,28907900.0
2017-08-09,PETR4,6.809195041656494,13.520000457763672,13.609999656677246,13.4399995803833,13.510000228881836,26980300.0
2017-08-10,PETR4,6.642992973327637,13.1899995803833,13.65999984741211,13.149999618530272,13.600000381469728,56194400.0
2017-08-11,PETR4,6.522119045257568,12.949999809265137,13.199999809265137,12.9399995803833,13.140000343322754,43025100.0
2017-08-14,PETR4,6.58759355545044,13.079999923706056,13.220000267028809,12.90999984741211,12.979999542236328,31607400.0
2017-08-15,PETR4,6.622848510742188,13.149999618530272,13.239999771118164,13.050000190734863,13.079999923706056,24737300.0
2017-08-16,PETR4,6.612774848937988,13.130000114440918,13.380000114440918,13.100000381469728,13.300000190734863,44946600.0
2017-08-17,PETR4,6.572484970092773,13.050000190734863,13.260000228881836,13.020000457763672,13.119999885559082,23503300.0
2017-08-18,PETR4,6.849483966827393,13.600000381469728,13.600000381469728,13.15999984741211,13.15999984741211,66263500.0
2017-08-21,PETR4,6.718538761138916,13.34000015258789,13.65999984741211,13.279999732971191,13.640000343322754,40485900.0
2017-08-22,PETR4,6.945176601409912,13.789999961853027,13.869999885559082,13.640000343322754,13.699999809265137,55240700.0
2017-08-23,PETR4,6.93006706237793,13.760000228881836,13.93000030517578,13.649999618530272,13.779999732971191,47679700.0
2017-08-24,PETR4,6.950213432312012,13.800000190734863,13.890000343322754,13.68000030517578,13.779999732971191,32300600.0
2017-08-25,PETR4,6.990503311157227,13.880000114440918,13.9399995803833,13.8100004196167,13.869999885559082,24185600.0
2017-08-28,PETR4,6.98546838760376,13.869999885559082,14.029999732971191,13.760000228881836,13.93000030517578,27208100.0
2017-08-29,PETR4,6.975395202636719,13.850000381469728,13.850000381469728,13.68000030517578,13.760000228881836,27306400.0
2017-08-30,PETR4,6.77393913269043,13.449999809265137,13.899999618530272,13.4399995803833,13.789999961853027,58871700.0
2017-08-31,PETR4,6.874667644500732,13.649999618530272,13.770000457763672,13.470000267028809,13.529999732971191,82909400.0
2017-09-01,PETR4,7.061015129089356,14.020000457763672,14.1899995803833,13.81999969482422,13.850000381469728,60260300.0
2017-09-04,PETR4,7.136559009552002,14.170000076293944,14.18000030517578,13.9399995803833,13.960000038146973,18139300.0
2017-09-05,PETR4,7.257432460784912,14.40999984741211,14.649999618530272,14.229999542236328,14.56999969482422,56476800.0
2017-09-06,PETR4,7.564652919769287,15.020000457763672,15.020000457763672,14.510000228881836,14.649999618530272,68418200.0
2017-09-07,PETR4,7.564652919769287,15.020000457763672,15.020000457763672,15.020000457763672,15.020000457763672,0.0
2017-09-08,PETR4,7.408524990081787,14.710000038146973,15.149999618530272,14.6899995803833,15.100000381469728,36337400.0
2017-09-11,PETR4,7.549542903900146,14.989999771118164,15.050000190734863,14.8100004196167,14.880000114440918,34915900.0
2017-09-12,PETR4,7.489107131958008,14.869999885559082,15.15999984741211,14.859999656677246,14.979999542236328,49702800.0
2017-09-13,PETR4,7.569687843322754,15.029999732971191,15.100000381469728,14.8100004196167,14.9399995803833,37010200.0
2017-09-14,PETR4,7.57472562789917,15.039999961853027,15.260000228881836,15.020000457763672,15.029999732971191,34413800.0
2017-09-15,PETR4,7.57472562789917,15.039999961853027,15.170000076293944,14.989999771118164,15.06999969482422,47784700.0
2017-09-18,PETR4,7.57472562789917,15.039999961853027,15.1899995803833,14.979999542236328,15.020000457763672,47601200.0
2017-09-19,PETR4,7.625089645385742,15.140000343322754,15.170000076293944,14.920000076293944,15.100000381469728,35822100.0
2017-09-20,PETR4,7.992745399475098,15.869999885559082,15.880000114440918,15.06999969482422,15.25,80267000.0
2017-09-21,PETR4,7.892017841339111,15.670000076293944,15.960000038146973,15.579999923706056,15.850000381469728,46258800.0
2017-09-22,PETR4,7.902090549468994,15.6899995803833,15.800000190734863,15.43000030517578,15.600000381469728,40928300.0
2017-09-25,PETR4,7.977634906768799,15.84000015258789,15.960000038146973,15.699999809265137,15.789999961853027,36733200.0
2017-09-26,PETR4,7.836617469787598,15.5600004196167,15.899999618530272,15.5600004196167,15.859999656677246,37874200.0
2017-09-27,PETR4,7.710707664489746,15.3100004196167,15.720000267028809,15.109999656677246,15.699999809265137,41819300.0
2017-09-28,PETR4,7.725818157196045,15.34000015258789,15.5,15.220000267028809,15.369999885559082,33829000.0
2017-09-29,PETR4,7.705671310424805,15.300000190734863,15.520000457763672,15.300000190734863,15.5,28638300.0
2017-10-02,PETR4,7.756034374237059,15.399999618530272,15.399999618530272,15.0600004196167,15.1899995803833,29826200.0
2017-10-03,PETR4,8.04814624786377,15.979999542236328,15.979999542236328,15.520000457763672,15.600000381469728,50636700.0
2017-10-04,PETR4,7.886981010437012,15.65999984741211,15.9399995803833,15.649999618530272,15.899999618530272,47798600.0
2017-10-05,PETR4,8.007854461669922,15.899999618530272,16.110000610351562,15.850000381469728,15.880000114440918,55361300.0
2017-10-06,PETR4,7.902090549468994,15.6899995803833,15.770000457763672,15.539999961853027,15.65999984741211,41741300.0
2017-10-09,PETR4,8.00281810760498,15.890000343322754,15.890000343322754,15.59000015258789,15.609999656677246,27904700.0
2017-10-10,PETR4,8.153910636901855,16.190000534057617,16.190000534057617,16.010000228881836,16.1299991607666,47066600.0
2017-10-11,PETR4,8.098508834838867,16.079999923706055,16.25,16.010000228881836,16.170000076293945,40422100.0
2017-10-12,PETR4,8.098508834838867,16.079999923706055,16.079999923706055,16.079999923706055,16.079999923706055,0.0
2017-10-13,PETR4,8.098508834838867,16.079999923706055,16.290000915527344,16.059999465942383,16.229999542236328,24210000.0
2017-10-16,PETR4,8.118656158447266,16.1200008392334,16.260000228881836,16.0,16.15999984741211,44699700.0
2017-10-17,PETR4,8.123690605163574,16.1299991607666,16.219999313354492,16.06999969482422,16.139999389648438,25524800.0
2017-10-18,PETR4,8.138800621032715,16.15999984741211,16.280000686645508,16.1299991607666,16.219999313354492,25706200.0
2017-10-19,PETR4,8.133763313293457,16.149999618530273,16.15999984741211,15.899999618530272,16.0,24672800.0
2017-10-20,PETR4,8.16901683807373,16.219999313354492,16.389999389648438,16.170000076293945,16.190000534057617,32417500.0
2017-10-23,PETR4,8.15894603729248,16.200000762939453,16.290000915527344,16.1200008392334,16.290000915527344,29389900.0
2017-10-24,PETR4,8.315072059631348,16.510000228881836,16.510000228881836,16.1200008392334,16.290000915527344,46249500.0
2017-10-25,PETR4,8.42083740234375,16.719999313354492,16.729999542236328,16.450000762939453,16.530000686645508,37608200.0
2017-10-26,PETR4,8.425871849060059,16.729999542236328,16.889999389648438,16.65999984741211,16.780000686645508,37848300.0
2017-10-27,PETR4,8.576966285705566,17.030000686645508,17.09000015258789,16.649999618530273,16.770000457763672,45640100.0
2017-10-30,PETR4,8.451055526733398,16.780000686645508,17.170000076293945,16.739999771118164,16.969999313354492,55355600.0
2017-10-31,PETR4,8.446019172668457,16.770000457763672,16.950000762939453,16.719999313354492,16.899999618530273,32249000.0
2017-11-01,PETR4,8.511492729187012,16.899999618530273,17.100000381469727,16.8799991607666,16.989999771118164,38876600.0
2017-11-02,PETR4,8.511492729187012,16.899999618530273,16.899999618530273,16.899999618530273,16.899999618530273,0.0
2017-11-03,PETR4,8.531638145446777,16.940000534057617,17.010000228881836,16.68000030517578,16.959999084472656,32605400.0
2017-11-06,PETR4,8.778420448303223,17.43000030517578,17.440000534057617,16.979999542236328,17.049999237060547,46056100.0
2017-11-07,PETR4,8.310037612915039,16.5,17.350000381469727,16.5,17.309999465942383,61098400.0
2017-11-08,PETR4,8.536674499511719,16.950000762939453,16.950000762939453,16.510000228881836,16.690000534057617,41179600.0
2017-11-09,PETR4,8.42083740234375,16.719999313354492,16.940000534057617,16.719999313354492,16.889999389648438,29399400.0
2017-11-10,PETR4,8.42083740234375,16.719999313354492,16.809999465942383,16.510000228881836,16.709999084472656,35959400.0
2017-11-13,PETR4,8.380546569824219,16.639999389648438,16.770000457763672,16.389999389648438,16.690000534057617,28697700.0
2017-11-14,PETR4,7.73085355758667,15.350000381469728,16.639999389648438,15.279999732971191,16.639999389648438,88765600.0
2017-11-15,PETR4,7.73085355758667,15.350000381469728,15.350000381469728,15.350000381469728,15.350000381469728,0.0
2017-11-16,PETR4,7.962526798248291,15.8100004196167,16.040000915527344,15.479999542236328,15.619999885559082,42703800.0
2017-11-17,PETR4,8.068291664123535,16.020000457763672,16.1200008392334,15.8100004196167,15.920000076293944,38376900.0
2017-11-20,PETR4,8.068291664123535,16.020000457763672,16.020000457763672,16.020000457763672,16.020000457763672,0.0
2017-11-21,PETR4,8.007854461669922,15.899999618530272,16.309999465942383,15.850000381469728,16.149999618530273,45817800.0
2017-11-22,PETR4,8.113618850708008,16.110000610351562,16.239999771118164,15.93000030517578,16.09000015258789,37444900.0
2017-11-23,PETR4,8.153910636901855,16.190000534057617,16.260000228881836,15.9399995803833,15.979999542236328,15403600.0
2017-11-24,PETR4,8.10858154296875,16.100000381469727,16.3700008392334,16.040000915527344,16.25,18790700.0
2017-11-27,PETR4,7.992745399475098,15.869999885559082,16.020000457763672,15.779999732971191,16.010000228881836,28445800.0
2017-11-28,PETR4,7.977634906768799,15.84000015258789,16.040000915527344,15.8100004196167,15.93000030517578,30429600.0
2017-11-29,PETR4,7.720779418945312,15.329999923706056,15.920000076293944,15.31999969482422,15.869999885559082,45973000.0
2017-11-30,PETR4,7.745961666107178,15.380000114440918,15.470000267028809,14.989999771118164,15.300000190734863,52811400.0
2017-12-01,PETR4,7.861799240112305,15.609999656677246,15.770000457763672,15.260000228881836,15.34000015258789,42703800.0
2017-12-04,PETR4,7.796326637268066,15.479999542236328,15.800000190734863,15.460000038146973,15.649999618530272,43821500.0
2017-12-05,PETR4,7.710707664489746,15.3100004196167,15.829999923706056,15.210000038146973,15.5,30228000.0
2017-12-06,PETR4,7.816471099853516,15.520000457763672,15.699999809265137,15.140000343322754,15.220000267028809,39238500.0
2017-12-07,PETR4,7.6855268478393555,15.260000228881836,15.489999771118164,15.06999969482422,15.300000190734863,37281400.0
2017-12-08,PETR4,7.73085355758667,15.350000381469728,15.68000030517578,15.350000381469728,15.510000228881836,39584500.0
2017-12-11,PETR4,7.745961666107178,15.380000114440918,15.56999969482422,15.369999885559082,15.479999542236328,21281600.0
2017-12-12,PETR4,7.801362991333008,15.489999771118164,15.489999771118164,15.18000030517578,15.359999656677246,36201200.0
2017-12-13,PETR4,7.645234107971191,15.18000030517578,15.68000030517578,15.109999656677246,15.649999618530272,46828900.0
2017-12-14,PETR4,7.559616565704346,15.010000228881836,15.3100004196167,15.0,15.100000381469728,37177300.0
2017-12-15,PETR4,7.529397010803223,14.949999809265137,15.239999771118164,14.949999809265137,15.050000190734863,55668300.0
2017-12-18,PETR4,7.665379524230957,15.220000267028809,15.329999923706056,15.130000114440918,15.15999984741211,42760400.0
2017-12-19,PETR4,7.625089645385742,15.140000343322754,15.25,15.0600004196167,15.18000030517578,22639700.0
2017-12-20,PETR4,7.67545223236084,15.239999771118164,15.300000190734863,15.170000076293944,15.210000038146973,20149700.0
2017-12-21,PETR4,7.987707614898682,15.859999656677246,15.869999885559082,15.300000190734863,15.3100004196167,47219400.0
2017-12-22,PETR4,7.932308673858643,15.75,15.890000343322754,15.6899995803833,15.75,18708500.0
2017-12-25,PETR4,7.932308673858643,15.75,15.75,15.75,15.75,0.0
2017-12-26,PETR4,8.043110847473145,15.970000267028809,15.989999771118164,15.6899995803833,15.75,22173100.0
2017-12-27,PETR4,8.08340072631836,16.049999237060547,16.139999389648438,15.979999542236328,15.989999771118164,23552200.0
2017-12-28,PETR4,8.10858154296875,16.100000381469727,16.1299991607666,16.0,16.100000381469727,19011500.0
2017-12-29,PETR4,8.10858154296875,16.100000381469727,16.100000381469727,16.100000381469727,16.100000381469727,0.0
2018-01-02,PETR4,8.335219383239746,16.549999237060547,16.549999237060547,16.190000534057617,16.190000534057617,33461800.0
2018-01-03,PETR4,8.410765647888184,16.700000762939453,16.719999313354492,16.3700008392334,16.489999771118164,55940900.0
2018-01-04,PETR4,8.425871849060059,16.729999542236328,16.959999084472656,16.6200008392334,16.780000686645508,37064900.0
2018-01-05,PETR4,8.476236343383789,16.829999923706055,16.860000610351562,16.56999969482422,16.700000762939453,26958200.0
2018-01-08,PETR4,8.576966285705566,17.030000686645508,17.030000686645508,16.709999084472656,16.739999771118164,28400000.0
2018-01-09,PETR4,8.576966285705566,17.030000686645508,17.15999984741211,16.959999084472656,17.030000686645508,35070900.0
2018-01-10,PETR4,8.461129188537598,16.799999237060547,17.049999237060547,16.770000457763672,16.920000076293945,28547700.0
2018-01-11,PETR4,8.687765121459961,17.25,17.299999237060547,16.84000015258789,16.8799991607666,37921500.0
2018-01-12,PETR4,8.712947845458984,17.299999237060547,17.40999984741211,17.020000457763672,17.040000915527344,45912100.0
2018-01-15,PETR4,8.738131523132324,17.350000381469727,17.440000534057617,17.149999618530273,17.31999969482422,28945400.0
2018-01-16,PETR4,8.889223098754883,17.649999618530273,17.84000015258789,17.299999237060547,17.350000381469727,58618300.0
2018-01-17,PETR4,9.246806144714355,18.36000061035156,18.36000061035156,17.809999465942383,17.920000076293945,58488900.0
2018-01-18,PETR4,9.176298141479492,18.21999931335449,18.530000686645508,17.93000030517578,18.350000381469727,48575800.0
2018-01-19,PETR4,9.196441650390623,18.26000022888184,18.420000076293945,18.030000686645508,18.309999465942383,33470200.0
2018-01-22,PETR4,9.302204132080078,18.46999931335449,18.46999931335449,18.09000015258789,18.26000022888184,33920000.0
2018-01-23,PETR4,9.186367988586426,18.239999771118164,18.459999084472656,18.0,18.39999961853028,35567700.0
2018-01-24,PETR4,9.740371704101562,19.34000015258789,19.6299991607666,18.420000076293945,18.420000076293945,89768200.0
2018-01-25,PETR4,9.740371704101562,19.34000015258789,19.34000015258789,19.34000015258789,19.34000015258789,0.0
2018-01-26,PETR4,10.037519454956056,19.93000030517578,19.979999542236328,19.100000381469727,19.6200008392334,81989500.0
2018-01-29,PETR4,9.997227668762209,19.850000381469727,20.049999237060547,19.56999969482422,19.670000076293945,55726200.0
2018-01-30,PETR4,9.81591510772705,19.489999771118164,19.770000457763672,19.36000061035156,19.770000457763672,46203000.0
2018-01-31,PETR4,9.921680450439451,19.700000762939453,19.93000030517578,19.68000030517578,19.739999771118164,41576600.0
2018-02-01,PETR4,10.334665298461914,20.520000457763672,20.6200008392334,19.76000022888184,19.76000022888184,51950200.0
2018-02-02,PETR4,10.057662963867188,19.96999931335449,20.420000076293945,19.850000381469727,20.299999237060547,50657800.0
2018-02-05,PETR4,9.589282035827637,19.040000915527344,19.96999931335449,19.040000915527344,19.64999961853028,62268600.0
2018-02-06,PETR4,10.067737579345703,19.989999771118164,19.989999771118164,18.6200008392334,18.65999984741211,74146500.0
2018-02-07,PETR4,9.79073429107666,19.440000534057617,20.21999931335449,19.36000061035156,19.96999931335449,61910300.0
2018-02-08,PETR4,9.594313621520996,19.049999237060547,19.739999771118164,18.799999237060547,19.549999237060547,51115100.0
2018-02-09,PETR4,9.453295707702637,18.770000457763672,19.38999938964844,18.51000022888184,19.030000686645508,68727600.0
2018-02-14,PETR4,9.69504451751709,19.25,19.36000061035156,18.959999084472656,19.01000022888184,43402800.0
2018-02-15,PETR4,9.770589828491213,19.39999961853028,19.540000915527344,19.170000076293945,19.5,31978000.0
2018-02-16,PETR4,9.780661582946776,19.420000076293945,19.57999992370605,19.309999465942383,19.459999084472656,34736300.0
2018-02-19,PETR4,10.097954750061035,20.049999237060547,20.100000381469727,19.549999237060547,19.549999237060547,40925500.0
2018-02-20,PETR4,10.29437255859375,20.440000534057617,20.81999969482422,19.81999969482422,19.8799991607666,67418700.0
2018-02-21,PETR4,10.19868278503418,20.25,20.8799991607666,20.25,20.59000015258789,55678400.0
2018-02-22,PETR4,10.445464134216309,20.739999771118164,20.81999969482422,20.540000915527344,20.59000015258789,38170900.0
2018-02-23,PETR4,10.636846542358398,21.1200008392334,21.13999938964844,20.6200008392334,20.950000762939453,55755600.0
2018-02-26,PETR4,10.83830451965332,21.520000457763672,21.690000534057617,21.3799991607666,21.39999961853028,48160500.0
2018-02-27,PETR4,10.828231811523438,21.5,21.850000381469727,21.34000015258789,21.46999931335449,42912500.0
2018-02-28,PETR4,10.80808448791504,21.459999084472656,21.770000457763672,21.18000030517578,21.6299991607666,66229400.0
2018-03-01,PETR4,10.59152126312256,21.030000686645508,21.459999084472656,20.76000022888184,21.39999961853028,66380900.0
2018-03-02,PETR4,10.83326816558838,21.51000022888184,21.51000022888184,20.51000022888184,20.700000762939453,52682900.0
2018-03-05,PETR4,11.14048671722412,22.1200008392334,22.170000076293945,21.36000061035156,21.489999771118164,54242600.0
2018-03-06,PETR4,11.029685020446776,21.89999961853028,22.6299991607666,21.86000061035156,22.5,57240800.0
2018-03-07,PETR4,10.913847923278809,21.670000076293945,21.96999931335449,21.3700008392334,21.690000534057617,50956600.0
2018-03-08,PETR4,10.928958892822266,21.700000762939453,21.8799991607666,21.31999969482422,21.850000381469727,36156800.0
2018-03-09,PETR4,11.276470184326172,22.38999938964844,22.38999938964844,21.59000015258789,21.780000686645508,45560000.0
2018-03-12,PETR4,11.246251106262209,22.32999992370605,22.59000015258789,22.229999542236328,22.540000915527344,32363900.0
2018-03-13,PETR4,11.135451316833496,22.11000061035156,22.540000915527344,22.059999465942383,22.450000762939453,34732800.0
2018-03-14,PETR4,11.27143096923828,22.3799991607666,22.440000534057617,22.09000015258789,22.299999237060547,31947600.0
2018-03-15,PETR4,10.732540130615234,21.309999465942383,22.18000030517578,21.309999465942383,22.049999237060547,81097800.0
2018-03-16,PETR4,10.792975425720217,21.43000030517578,21.739999771118164,21.229999542236328,21.46999931335449,57891900.0
2018-03-19,PETR4,10.541157722473145,20.93000030517578,21.36000061035156,20.86000061035156,21.270000457763672,42218400.0
2018-03-20,PETR4,10.65699291229248,21.15999984741211,21.40999984741211,21.11000061035156,21.18000030517578,30106800.0
2018-03-21,PETR4,11.105231285095217,22.049999237060547,22.09000015258789,21.200000762939453,21.25,53106300.0
2018-03-22,PETR4,10.939030647277832,21.71999931335449,22.040000915527344,21.57999992370605,21.86000061035156,50033300.0
2018-03-23,PETR4,10.954139709472656,21.75,22.11000061035156,21.530000686645508,21.61000061035156,52815800.0
2018-03-26,PETR4,11.09516143798828,22.030000686645508,22.200000762939453,21.84000015258789,22.06999969482422,30174900.0
2018-03-27,PETR4,10.798012733459473,21.440000534057617,22.18000030517578,21.3700008392334,22.13999938964844,43568100.0
2018-03-28,PETR4,10.677139282226562,21.200000762939453,21.40999984741211,20.989999771118164,21.26000022888184,38539300.0
2018-03-29,PETR4,10.782902717590332,21.40999984741211,21.559999465942383,21.229999542236328,21.26000022888184,34318800.0
2018-04-02,PETR4,10.52604866027832,20.89999961853028,21.459999084472656,20.770000457763672,21.36000061035156,37275000.0
2018-04-03,PETR4,10.430355072021484,20.709999084472656,21.190000534057617,20.65999984741211,21.11000061035156,39245800.0
2018-04-04,PETR4,10.264154434204102,20.3799991607666,20.600000381469727,20.11000061035156,20.309999465942383,58475700.0
2018-04-05,PETR4,10.651954650878906,21.14999961853028,21.32999992370605,21.030000686645508,21.14999961853028,88599000.0
2018-04-06,PETR4,10.717430114746094,21.280000686645508,21.280000686645508,20.82999992370605,20.979999542236328,47908900.0
2018-04-09,PETR4,10.339701652526855,20.530000686645508,21.440000534057617,20.530000686645508,21.43000030517578,44248900.0
2018-04-10,PETR4,10.77786636352539,21.39999961853028,21.51000022888184,20.76000022888184,20.90999984741211,58545100.0
2018-04-11,PETR4,10.979323387145996,21.799999237060547,21.89999961853028,21.32999992370605,21.350000381469727,62378300.0
2018-04-12,PETR4,10.918885231018066,21.68000030517578,21.940000534057617,21.68000030517578,21.790000915527344,36238700.0
2018-04-13,PETR4,10.677139282226562,21.200000762939453,21.739999771118164,21.059999465942383,21.63999938964844,43347800.0
2018-04-16,PETR4,10.385029792785645,20.6200008392334,21.239999771118164,20.600000381469727,21.049999237060547,48474200.0
2018-04-17,PETR4,10.59152126312256,21.030000686645508,21.07999992370605,20.6200008392334,20.700000762939453,36570400.0
2018-04-18,PETR4,10.979323387145996,21.799999237060547,21.8700008392334,21.309999465942383,21.350000381469727,65237400.0
2018-04-19,PETR4,11.180776596069336,22.200000762939453,22.39999961853028,21.93000030517578,22.06999969482422,62475200.0
2018-04-20,PETR4,11.261360168457031,22.36000061035156,22.459999084472656,21.89999961853028,22.059999465942383,61494800.0
2018-04-23,PETR4,11.321797370910645,22.479999542236328,22.479999542236328,21.940000534057617,22.09000015258789,37023300.0
2018-04-24,PETR4,11.28150463104248,22.39999961853028,22.770000457763672,22.229999542236328,22.600000381469727,46710300.0
2018-04-25,PETR4,10.94406795501709,21.729999542236328,22.1299991607666,21.670000076293945,22.01000022888184,68160600.0
2018-04-26,PETR4,11.397342681884766,22.6299991607666,22.6299991607666,21.96999931335449,22.0,56674700.0
2018-04-27,PETR4,11.43763256072998,22.709999084472656,22.93000030517578,22.65999984741211,22.84000015258789,37858300.0
2018-04-30,PETR4,11.568580627441406,22.96999931335449,23.020000457763672,22.6299991607666,22.729999542236328,23681500.0
2018-05-02,PETR4,11.382232666015623,22.600000381469727,22.93000030517578,22.51000022888184,22.670000076293945,31778100.0
2018-05-03,PETR4,11.30668830871582,22.450000762939453,22.63999938964844,21.96999931335449,22.540000915527344,48855700.0
2018-05-04,PETR4,11.21603298187256,22.270000457763672,22.63999938964844,22.270000457763672,22.450000762939453,33599400.0
2018-05-07,PETR4,11.407415390014648,22.64999961853028,23.170000076293945,22.489999771118164,22.56999969482422,47815100.0
2018-05-08,PETR4,11.538359642028809,22.90999984741211,23.14999961853028,22.520000457763672,23.059999465942383,81198700.0
2018-05-09,PETR4,12.480162620544434,24.780000686645508,24.799999237060547,23.21999931335449,23.299999237060547,118032300.0
2018-05-10,PETR4,12.968693733215332,25.75,26.489999771118164,24.920000076293945,25.13999938964844,126907200.0
2018-05-11,PETR4,12.812569618225098,25.440000534057617,26.309999465942383,25.420000076293945,25.82999992370605,72996400.0
2018-05-14,PETR4,13.21547794342041,26.239999771118164,26.479999542236328,25.809999465942383,25.850000381469727,66938700.0
2018-05-15,PETR4,13.492478370666504,26.790000915527344,26.89999961853028,25.88999938964844,26.350000381469727,75230200.0
2018-05-16,PETR4,13.794662475585938,27.38999938964844,27.530000686645508,26.84000015258789,26.8700008392334,64486500.0
2018-05-17,PETR4,13.06942367553711,25.950000762939453,27.600000381469727,25.46999931335449,27.350000381469727,112487000.0
2018-05-18,PETR4,12.918331146240234,25.64999961853028,26.170000076293945,24.959999084472656,25.01000022888184,83206900.0
2018-05-21,PETR4,12.616145133972168,25.049999237060547,26.290000915527344,24.940000534057617,26.100000381469727,75971900.0
2018-05-22,PETR4,12.469799995422363,24.709999084472656,25.290000915527344,24.14999961853028,24.809999465942383,88109900.0
2018-05-23,PETR4,11.74311065673828,23.270000457763672,24.479999542236328,23.270000457763672,24.229999542236328,74622500.0
2018-05-24,PETR4,10.133288383483888,20.07999992370605,20.75,19.64999961853028,20.049999237060547,240343800.0
2018-05-25,PETR4,9.991989135742188,19.799999237060547,21.270000457763672,19.65999984741211,20.64999961853028,131188100.0
2018-05-28,PETR4,8.533562660217285,16.90999984741211,19.200000762939453,16.90999984741211,19.200000762939453,134504900.0
2018-05-29,PETR4,9.739664077758787,19.299999237060547,19.440000534057617,17.600000381469727,18.0,181509800.0
2018-05-30,PETR4,9.578179359436035,18.979999542236328,19.96999931335449,18.1299991607666,18.38999938964844,125430000.0
2018-06-01,PETR4,8.155078887939453,16.15999984741211,19.75,14.899999618530272,19.559999465942383,216954700.0
2018-06-04,PETR4,8.846442222595215,17.530000686645508,17.639999389648438,17.049999237060547,17.290000915527344,93547600.0
2018-06-05,PETR4,8.372076034545898,16.59000015258789,17.799999237060547,16.59000015258789,17.360000610351562,67006400.0
2018-06-06,PETR4,8.240866661071777,16.329999923706055,16.68000030517578,15.869999885559082,16.469999313354492,69496800.0
2018-06-07,PETR4,7.953219890594482,15.760000228881836,16.15999984741211,14.93000030517578,16.0,118752700.0
2018-06-08,PETR4,7.695849895477295,15.25,16.190000534057617,15.0600004196167,15.8100004196167,91461500.0
2018-06-11,PETR4,7.776593208312988,15.40999984741211,15.800000190734863,15.130000114440918,15.5,44872500.0
2018-06-12,PETR4,7.801826000213623,15.460000038146973,15.68000030517578,15.239999771118164,15.479999542236328,69592600.0
2018-06-13,PETR4,7.6554789543151855,15.170000076293944,15.5,14.739999771118164,15.420000076293944,72301200.0
2018-06-14,PETR4,7.620152950286865,15.100000381469728,15.550000190734863,15.050000190734863,15.329999923706056,57324600.0
2018-06-15,PETR4,7.554550170898437,14.970000267028809,15.06999969482422,14.470000267028809,15.029999732971191,75239300.0
2018-06-18,PETR4,7.317365169525146,14.5,14.890000343322754,14.5,14.770000457763672,47363800.0
2018-06-19,PETR4,7.781640529632568,15.420000076293944,15.720000267028809,14.170000076293944,14.260000228881836,97301500.0
2018-06-20,PETR4,8.18031120300293,16.209999084472656,16.479999542236328,15.800000190734863,15.84000015258789,88397300.0
2018-06-21,PETR4,7.620152950286865,15.100000381469728,16.31999969482422,15.100000381469728,16.09000015258789,67884300.0
2018-06-22,PETR4,7.625199317932129,15.109999656677246,15.68000030517578,15.010000228881836,15.40999984741211,52184500.0
2018-06-25,PETR4,7.922941207885742,15.699999809265137,15.789999961853027,15.0600004196167,15.199999809265137,60347200.0
2018-06-26,PETR4,8.094520568847656,16.040000915527344,16.1200008392334,15.529999732971191,15.899999618530272,59595900.0
2018-06-27,PETR4,8.351887702941895,16.549999237060547,16.979999542236328,16.059999465942383,16.100000381469727,78095000.0
2018-06-28,PETR4,8.377121925354004,16.600000381469727,17.06999969482422,16.329999923706055,16.719999313354492,94960700.0
2018-06-29,PETR4,8.674863815307617,17.190000534057617,17.190000534057617,16.729999542236328,16.850000381469727,75735100.0
2018-07-02,PETR4,8.816163063049316,17.469999313354492,17.479999542236328,16.899999618530273,16.989999771118164,54545600.0
2018-07-03,PETR4,8.831304550170898,17.5,17.889999389648438,17.459999084472656,17.739999771118164,57456700.0
2018-07-04,PETR4,8.886815071105957,17.610000610351562,18.450000762939453,17.239999771118164,17.3799991607666,54211000.0
2018-07-05,PETR4,9.012975692749023,17.860000610351562,18.799999237060547,17.649999618530273,18.600000381469727,76084700.0
2018-07-06,PETR4,9.053348541259766,17.940000534057617,18.09000015258789,17.649999618530273,17.969999313354492,33878700.0
2018-07-10,PETR4,8.957465171813965,17.75,18.350000381469727,17.549999237060547,18.34000015258789,70886200.0
2018-07-11,PETR4,8.78588581085205,17.40999984741211,18.07999992370605,17.299999237060547,17.489999771118164,85806300.0
2018-07-12,PETR4,9.058393478393556,17.950000762939453,18.020000457763672,17.520000457763672,17.6200008392334,49397900.0
2018-07-13,PETR4,9.139138221740724,18.11000061035156,18.18000030517578,17.780000686645508,17.989999771118164,44951900.0
2018-07-16,PETR4,9.023066520690918,17.8799991607666,17.979999542236328,17.600000381469727,17.950000762939453,62798900.0
2018-07-17,PETR4,9.229974746704102,18.290000915527344,18.39999961853028,17.709999084472656,17.790000915527344,40884300.0
2018-07-18,PETR4,9.108857154846191,18.049999237060547,18.39999961853028,17.940000534057617,18.25,40643800.0
2018-07-19,PETR4,9.285486221313477,18.39999961853028,18.39999961853028,17.739999771118164,17.84000015258789,60404900.0
2018-07-20,PETR4,9.734619140625,19.290000915527344,19.479999542236328,18.93000030517578,19.170000076293945,98035200.0
2018-07-23,PETR4,9.719481468200684,19.26000022888184,19.46999931335449,19.209999084472656,19.299999237060547,35231500.0
2018-07-24,PETR4,9.92133903503418,19.65999984741211,19.8700008392334,19.530000686645508,19.56999969482422,39934600.0
2018-07-25,PETR4,10.072731971740724,19.959999084472656,20.0,19.61000061035156,19.799999237060547,48759900.0
2018-07-26,PETR4,9.795177459716797,19.40999984741211,19.950000762939453,19.3700008392334,19.950000762939453,48144300.0
2018-07-27,PETR4,9.976849555969238,19.770000457763672,19.809999465942383,19.549999237060547,19.600000381469727,36509400.0
2018-07-30,PETR4,10.037405967712402,19.88999938964844,20.100000381469727,19.700000762939453,19.950000762939453,37053900.0
2018-07-31,PETR4,9.951616287231444,19.71999931335449,19.790000915527344,19.46999931335449,19.6200008392334,38641200.0
2018-08-01,PETR4,10.0979642868042,20.01000022888184,20.01000022888184,19.540000915527344,19.59000015258789,39141700.0
2018-08-02,PETR4,10.299821853637695,20.40999984741211,20.780000686645508,19.950000762939453,19.989999771118164,69008900.0
2018-08-03,PETR4,10.653072357177734,21.11000061035156,21.549999237060547,21.09000015258789,21.39999961853028,86908000.0
2018-08-06,PETR4,10.61775016784668,21.040000915527344,21.46999931335449,20.979999542236328,21.14999961853028,44528300.0
2018-08-07,PETR4,10.451215744018556,20.709999084472656,21.459999084472656,20.56999969482422,21.32999992370605,69136700.0
2018-08-08,PETR4,10.163567543029783,20.13999938964844,21.06999969482422,20.1200008392334,20.809999465942383,58211500.0
2018-08-09,PETR4,10.264496803283691,20.34000015258789,20.350000381469727,19.799999237060547,20.26000022888184,51253100.0
2018-08-10,PETR4,9.886012077331545,19.59000015258789,20.14999961853028,19.36000061035156,20.100000381469727,61789800.0
2018-08-13,PETR4,10.11310577392578,20.040000915527344,20.040000915527344,19.270000457763672,19.5,58306700.0
2018-08-14,PETR4,10.108043670654297,19.979999542236328,20.309999465942383,19.729999542236328,20.280000686645508,55180600.0
2018-08-15,PETR4,9.637551307678224,19.049999237060547,19.670000076293945,19.049999237060547,19.63999938964844,65651700.0
2018-08-16,PETR4,9.586960792541504,18.950000762939453,19.350000381469727,18.770000457763672,19.31999969482422,51201600.0
2018-08-17,PETR4,9.33906364440918,18.459999084472656,18.86000061035156,18.39999961853028,18.75,68328400.0
2018-08-20,PETR4,9.28847312927246,18.36000061035156,18.51000022888184,18.09000015258789,18.3700008392334,56315600.0
2018-08-21,PETR4,8.964692115783691,17.719999313354492,18.530000686645508,17.649999618530273,18.270000457763672,68735300.0
2018-08-22,PETR4,9.283414840698242,18.350000381469727,18.3799991607666,17.649999618530273,17.700000762939453,56623700.0
2018-08-23,PETR4,9.08105182647705,17.950000762939453,18.520000457763672,17.8799991607666,18.350000381469727,56284100.0
2018-08-24,PETR4,9.258119583129885,18.299999237060547,18.440000534057617,18.049999237060547,18.350000381469727,37893000.0
2018-08-27,PETR4,9.465539932250977,18.709999084472656,18.76000022888184,18.299999237060547,18.40999984741211,35428000.0
2018-08-28,PETR4,9.283414840698242,18.350000381469727,18.850000381469727,18.34000015258789,18.76000022888184,38079200.0
2018-08-29,PETR4,9.764025688171388,19.299999237060547,19.309999465942383,18.450000762939453,18.5,71434300.0
2018-08-30,PETR4,9.511073112487791,18.799999237060547,19.540000915527344,18.68000030517578,19.14999961853028,63981900.0
2018-08-31,PETR4,9.743791580200195,19.26000022888184,19.43000030517578,18.90999984741211,18.950000762939453,75767400.0
2018-09-03,PETR4,9.612256050109863,19.0,19.1299991607666,18.76000022888184,18.989999771118164,25401600.0
2018-09-04,PETR4,9.435185432434082,18.64999961853028,19.190000534057617,18.6200008392334,19.1299991607666,39759800.0
2018-09-05,PETR4,9.48577880859375,18.75,18.799999237060547,18.229999542236328,18.559999465942383,53967300.0
2018-09-06,PETR4,9.607196807861328,18.989999771118164,19.020000457763672,18.479999542236328,18.989999771118164,54304300.0
2018-09-10,PETR4,9.743791580200195,19.26000022888184,19.600000381469727,19.049999237060547,19.36000061035156,58578100.0
2018-09-11,PETR4,9.359298706054688,18.5,18.88999938964844,18.43000030517578,18.8700008392334,56495200.0
2018-09-12,PETR4,9.586960792541504,18.950000762939453,19.21999931335449,18.63999938964844,18.809999465942383,59695700.0
2018-09-13,PETR4,9.465539932250977,18.709999084472656,19.1299991607666,18.6200008392334,19.030000686645508,36808700.0
2018-09-14,PETR4,9.506013870239258,18.790000915527344,18.959999084472656,18.479999542236328,18.799999237060547,55756300.0
2018-09-17,PETR4,9.814617156982422,19.39999961853028,19.489999771118164,18.6299991607666,18.6299991607666,71289500.0
2018-09-18,PETR4,10.244640350341797,20.25,20.25,19.46999931335449,19.5,72959100.0
2018-09-19,PETR4,10.108043670654297,19.979999542236328,20.459999084472656,19.82999992370605,19.93000030517578,60563700.0
2018-09-20,PETR4,10.052395820617676,19.8700008392334,20.350000381469727,19.75,20.26000022888184,56206900.0
2018-09-21,PETR4,10.18898868560791,20.13999938964844,20.299999237060547,19.950000762939453,20.14999961853028,58517300.0
2018-09-24,PETR4,10.118162155151367,20.0,20.40999984741211,19.920000076293945,20.200000762939453,54332900.0
2018-09-25,PETR4,10.158634185791016,20.07999992370605,20.14999961853028,19.530000686645508,19.700000762939453,54462300.0
2018-09-26,PETR4,10.214284896850586,20.190000534057617,20.299999237060547,19.96999931335449,20.239999771118164,60060800.0
2018-09-27,PETR4,10.856789588928224,21.459999084472656,21.459999084472656,20.46999931335449,20.5,104177300.0
2018-09-28,PETR4,10.669605255126951,21.09000015258789,21.940000534057617,21.020000457763672,21.1299991607666,91254600.0
2018-10-01,PETR4,10.62407112121582,21.0,21.36000061035156,20.799999237060547,21.25,56540400.0
2018-10-02,PETR4,11.544824600219728,22.81999969482422,22.81999969482422,21.89999961853028,22.0,127231800.0
2018-10-03,PETR4,12.035554885864258,23.790000915527344,25.420000076293945,23.459999084472656,25.25,152189200.0
2018-10-04,PETR4,12.151911735534668,24.020000457763672,24.520000457763672,23.209999084472656,23.450000762939453,99743300.0
2018-10-05,PETR4,12.121559143066406,23.959999084472656,24.59000015258789,23.65999984741211,24.489999771118164,104693400.0
2018-10-08,PETR4,13.45715618133545,26.600000381469727,26.96999931335449,25.75,26.940000534057617,188109000.0
2018-10-09,PETR4,13.568456649780272,26.81999969482422,27.0,26.280000686645508,26.479999542236328,90128800.0
2018-10-10,PETR4,13.17890739440918,26.049999237060547,26.38999938964844,25.64999961853028,26.309999465942383,82688000.0
2018-10-11,PETR4,12.794418334960938,25.290000915527344,26.75,25.059999465942383,26.549999237060547,119307500.0
2018-10-15,PETR4,13.037253379821776,25.770000457763672,26.1200008392334,25.549999237060547,25.89999961853028,92331900.0
2018-10-16,PETR4,13.522923469543455,26.729999542236328,26.729999542236328,26.09000015258789,26.200000762939453,74144800.0
2018-10-17,PETR4,13.38127326965332,26.450000762939453,26.6299991607666,26.26000022888184,26.440000534057617,80990300.0
2018-10-18,PETR4,13.001836776733398,25.700000762939453,26.34000015258789,25.700000762939453,26.290000915527344,56268900.0
2018-10-19,PETR4,13.11313819885254,25.920000076293945,26.34000015258789,25.700000762939453,26.290000915527344,61858300.0
2018-10-22,PETR4,13.421741485595703,26.530000686645508,26.600000381469727,26.270000457763672,26.270000457763672,63678000.0
2018-10-23,PETR4,13.25479221343994,26.200000762939453,26.479999542236328,25.809999465942383,26.14999961853028,77457300.0
2018-10-24,PETR4,12.991722106933594,25.68000030517578,26.989999771118164,25.68000030517578,26.40999984741211,93377100.0
2018-10-25,PETR4,13.315502166748049,26.31999969482422,26.63999938964844,25.690000534057617,26.18000030517578,79732200.0
2018-10-26,PETR4,13.963065147399902,27.600000381469727,27.600000381469727,26.1200008392334,26.64999961853028,110184900.0
2018-10-29,PETR4,13.366093635559082,26.420000076293945,27.270000457763672,25.96999931335449,26.75,160890100.0
2018-10-30,PETR4,14.165425300598145,28.0,28.0,26.420000076293945,26.700000762939453,107525500.0
2018-10-31,PETR4,13.973184585571287,27.6200008392334,28.32999992370605,27.299999237060547,28.26000022888184,84131500.0
2018-11-01,PETR4,13.821410179138184,27.31999969482422,28.020000457763672,27.11000061035156,27.76000022888184,98037100.0
2018-11-05,PETR4,14.246370315551758,28.15999984741211,28.15999984741211,27.40999984741211,27.5,60389900.0
2018-11-06,PETR4,13.75564193725586,27.190000534057617,28.299999237060547,26.989999771118164,27.299999237060547,95344400.0
2018-11-07,PETR4,13.30538272857666,26.299999237060547,27.64999961853028,26.26000022888184,27.61000061035156,95817100.0
2018-11-08,PETR4,12.824769973754885,25.350000381469727,27.030000686645508,25.350000381469727,26.799999237060547,119096300.0
2018-11-09,PETR4,12.880419731140137,25.459999084472656,25.71999931335449,24.68000030517578,25.200000762939453,94206400.0
2018-11-12,PETR4,12.814651489257812,25.32999992370605,25.920000076293945,25.290000915527344,25.540000915527344,63162600.0
2018-11-13,PETR4,12.263213157653809,24.239999771118164,25.31999969482422,23.950000762939453,25.31999969482422,112776300.0
2018-11-14,PETR4,12.69829273223877,25.100000381469727,25.190000534057617,23.90999984741211,24.239999771118164,104423900.0
2018-11-16,PETR4,13.052431106567385,25.799999237060547,26.040000915527344,25.170000076293945,25.38999938964844,100628900.0
2018-11-19,PETR4,13.15361213684082,26.0,26.290000915527344,25.43000030517578,25.559999465942383,79946400.0
2018-11-21,PETR4,12.733709335327148,25.170000076293945,25.479999542236328,25.01000022888184,25.100000381469727,77228100.0
2018-11-22,PETR4,12.774343490600586,25.14999961853028,25.36000061035156,25.06999969482422,25.280000686645508,31253600.0
2018-11-23,PETR4,12.378159523010254,24.3700008392334,24.799999237060547,24.01000022888184,24.64999961853028,77961200.0
2018-11-26,PETR4,12.317208290100098,24.25,24.989999771118164,24.049999237060547,24.799999237060547,62111600.0
2018-11-27,PETR4,12.96735382080078,25.530000686645508,25.700000762939453,24.270000457763672,24.3700008392334,90759000.0
2018-11-28,PETR4,12.891167640686035,25.3799991607666,25.8700008392334,25.049999237060547,25.5,92811300.0
2018-11-29,PETR4,12.784501075744627,25.170000076293945,25.5,24.8799991607666,24.959999084472656,65584300.0
2018-11-30,PETR4,12.93179988861084,25.459999084472656,25.559999465942383,25.06999969482422,25.11000061035156,90874500.0
2018-12-03,PETR4,13.175603866577148,25.940000534057617,26.530000686645508,25.799999237060547,26.299999237060547,90530000.0
2018-12-04,PETR4,12.870847702026367,25.34000015258789,26.32999992370605,25.34000015258789,26.25,66867500.0
2018-12-05,PETR4,12.982593536376951,25.559999465942383,25.71999931335449,24.950000762939453,25.46999931335449,54183300.0
2018-12-06,PETR4,12.489904403686523,24.59000015258789,25.1200008392334,24.309999465942383,24.989999771118164,99037200.0
2018-12-07,PETR4,12.58133029937744,24.770000457763672,25.46999931335449,24.450000762939453,24.520000457763672,87994700.0
2018-12-10,PETR4,11.905787467956545,23.440000534057617,24.89999961853028,23.440000534057617,24.770000457763672,73871100.0
2018-12-11,PETR4,11.829601287841797,23.290000915527344,24.06999969482422,23.06999969482422,23.920000076293945,64017600.0
2018-12-12,PETR4,11.834678649902344,23.299999237060547,23.89999961853028,23.200000762939453,23.739999771118164,63296400.0
2018-12-13,PETR4,11.865154266357422,23.36000061035156,23.450000762939453,22.959999084472656,23.290000915527344,61946100.0
2018-12-14,PETR4,11.707696914672852,23.049999237060547,23.32999992370605,22.959999084472656,23.07999992370605,45231700.0
2018-12-17,PETR4,11.6162691116333,22.8700008392334,23.270000457763672,22.799999237060547,23.21999931335449,53832000.0
2018-12-18,PETR4,11.174373626708984,22.0,22.799999237060547,22.0,22.780000686645508,74740000.0
2018-12-19,PETR4,11.30135726928711,22.25,23.049999237060547,22.059999465942383,22.5,171157500.0
2018-12-20,PETR4,10.91533374786377,21.489999771118164,22.31999969482422,21.350000381469727,22.309999465942383,141767000.0
2018-12-21,PETR4,10.945807456970217,21.549999237060547,21.979999542236328,21.25,21.39999961853028,90384300.0
2018-12-26,PETR4,11.390588760375977,21.68000030517578,21.68000030517578,20.420000076293945,20.59000015258789,77104200.0
2018-12-27,PETR4,11.385335922241213,21.670000076293945,21.979999542236328,21.280000686645508,21.520000457763672,74083700.0
2018-12-28,PETR4,11.915983200073242,22.68000030517578,22.82999992370605,22.07999992370605,22.11000061035156,61634700.0
2019-01-02,PETR4,12.641033172607422,24.059999465942383,24.200000762939453,22.280000686645508,22.549999237060547,104534800.0
2019-01-03,PETR4,12.951016426086426,24.64999961853028,24.81999969482422,23.799999237060547,23.959999084472656,95206400.0
2019-01-04,PETR4,12.98779296875,24.71999931335449,24.940000534057617,24.46999931335449,24.850000381469727,72119800.0
2019-01-07,PETR4,13.192699432373049,25.11000061035156,25.920000076293945,24.700000762939453,24.850000381469727,121711900.0
2019-01-08,PETR4,13.11388874053955,24.959999084472656,25.420000076293945,24.770000457763672,25.39999961853028,68761800.0
2019-01-09,PETR4,13.387092590332031,25.479999542236328,25.5,25.14999961853028,25.299999237060547,70177600.0
2019-01-10,PETR4,13.271507263183594,25.26000022888184,25.40999984741211,25.06999969482422,25.26000022888184,54763700.0
2019-01-11,PETR4,13.129648208618164,24.989999771118164,25.190000534057617,24.84000015258789,25.14999961853028,53980700.0
2019-01-14,PETR4,13.0560941696167,24.850000381469727,25.09000015258789,24.65999984741211,24.81999969482422,46577300.0
2019-01-15,PETR4,13.045587539672852,24.82999992370605,25.1200008392334,24.700000762939453,24.82999992370605,53731500.0
2019-01-16,PETR4,13.040332794189451,24.81999969482422,24.89999961853028,24.65999984741211,24.799999237060547,40425000.0
2019-01-17,PETR4,13.218968391418455,25.15999984741211,25.299999237060547,24.68000030517578,24.75,50359400.0
2019-01-18,PETR4,13.345062255859377,25.39999961853028,25.559999465942383,25.280000686645508,25.440000534057617,67021300.0
2019-01-21,PETR4,13.41336441040039,25.530000686645508,25.530000686645508,25.100000381469727,25.309999465942383,45336500.0
2019-01-22,PETR4,13.203204154968262,25.1299991607666,25.5,25.020000457763672,25.26000022888184,61307000.0
2019-01-23,PETR4,13.36082363128662,25.43000030517578,25.540000915527344,25.15999984741211,25.32999992370605,52931600.0
2019-01-24,PETR4,13.418618202209473,25.540000915527344,25.540000915527344,25.31999969482422,25.39999961853028,40109000.0
2019-01-28,PETR4,13.014063835144045,24.770000457763672,25.530000686645508,24.739999771118164,25.290000915527344,65079900.0
2019-01-29,PETR4,13.329299926757812,25.3700008392334,25.559999465942383,25.11000061035156,25.25,59419200.0
2019-01-30,PETR4,13.460649490356444,25.6200008392334,25.93000030517578,25.46999931335449,25.809999465942383,62607500.0
2019-01-31,PETR4,13.439635276794434,25.57999992370605,25.959999084472656,25.559999465942383,25.8700008392334,63253600.0
2019-02-01,PETR4,13.555220603942873,25.799999237060547,25.850000381469727,25.3700008392334,25.5,47957400.0
2019-02-04,PETR4,13.67606258392334,26.030000686645508,26.1200008392334,25.600000381469727,25.84000015258789,53874900.0
2019-02-05,PETR4,13.702330589294434,26.07999992370605,26.100000381469727,25.809999465942383,25.90999984741211,40989100.0
2019-02-06,PETR4,13.392351150512695,25.489999771118164,25.84000015258789,25.31999969482422,25.799999237060547,64527000.0
2019-02-07,PETR4,13.182188034057615,25.09000015258789,25.850000381469727,24.65999984741211,25.600000381469727,55614100.0
2019-02-08,PETR4,13.203204154968262,25.1299991607666,25.280000686645508,24.729999542236328,24.799999237060547,40153900.0
2019-02-11,PETR4,13.050838470458984,24.84000015258789,25.170000076293945,24.540000915527344,25.170000076293945,39617300.0
2019-02-12,PETR4,13.513188362121582,25.71999931335449,25.850000381469727,25.229999542236328,25.31999969482422,72467200.0
2019-02-13,PETR4,13.686569213867188,26.049999237060547,26.209999084472656,25.850000381469727,26.020000457763672,69042200.0
2019-02-14,PETR4,14.15942668914795,26.950000762939453,26.950000762939453,26.0,26.170000076293945,81125500.0
2019-02-15,PETR4,14.101633071899414,26.84000015258789,27.020000457763672,26.709999084472656,26.86000061035156,63841800.0
2019-02-18,PETR4,14.059599876403809,26.76000022888184,26.790000915527344,26.40999984741211,26.59000015258789,43379000.0
2019-02-19,PETR4,14.385346412658691,27.3799991607666,27.39999961853028,26.84000015258789,26.86000061035156,58041900.0
2019-02-20,PETR4,14.206710815429688,27.040000915527344,27.65999984741211,26.8700008392334,27.5,55114500.0
2019-02-21,PETR4,14.395856857299805,27.39999961853028,27.489999771118164,26.81999969482422,27.18000030517578,46559400.0
2019-02-22,PETR4,14.25399684906006,27.1299991607666,27.700000762939453,27.1299991607666,27.549999237060547,36602000.0
2019-02-25,PETR4,14.028078079223633,26.700000762939453,27.030000686645508,26.6299991607666,27.0,54190800.0
2019-02-26,PETR4,13.965030670166016,26.57999992370605,27.13999938964844,26.56999969482422,26.76000022888184,46504200.0
2019-02-27,PETR4,14.227726936340332,27.07999992370605,27.25,26.6299991607666,26.84000015258789,49131400.0
2019-02-28,PETR4,14.217220306396484,27.059999465942383,27.75,26.600000381469727,27.71999931335449,93065100.0
2019-03-01,PETR4,14.028078079223633,26.700000762939453,27.25,26.6299991607666,27.13999938964844,41978700.0
2019-03-06,PETR4,14.059599876403809,26.76000022888184,26.76000022888184,26.46999931335449,26.549999237060547,18423400.0
2019-03-07,PETR4,14.06485366821289,26.770000457763672,26.90999984741211,26.489999771118164,26.799999237060547,32835300.0
2019-03-08,PETR4,14.012314796447754,26.670000076293945,26.75,26.21999931335449,26.489999771118164,49564400.0
2019-03-11,PETR4,14.579740524291992,27.75,27.780000686645508,27.01000022888184,27.020000457763672,66742800.0
2019-03-12,PETR4,14.448393821716309,27.5,27.959999084472656,27.25,27.790000915527344,64287300.0
2019-03-13,PETR4,14.763631820678713,28.100000381469727,28.1299991607666,27.520000457763672,27.59000015258789,61057200.0
2019-03-14,PETR4,14.81091594696045,28.190000534057617,28.200000762939453,27.90999984741211,28.14999961853028,42777800.0
2019-03-15,PETR4,14.842443466186523,28.25,28.38999938964844,28.11000061035156,28.15999984741211,61041100.0
2019-03-18,PETR4,15.099885940551758,28.739999771118164,28.790000915527344,28.26000022888184,28.350000381469727,91920600.0
2019-03-19,PETR4,15.341567993164062,29.200000762939453,29.5,28.600000381469727,28.850000381469727,69423600.0
2019-03-20,PETR4,15.22072696685791,28.96999931335449,29.600000381469727,28.89999961853028,29.200000762939453,68878000.0
2019-03-21,PETR4,15.005311965942385,28.559999465942383,28.96999931335449,27.920000076293945,28.84000015258789,80121300.0
2019-03-22,PETR4,14.185693740844728,27.0,28.13999938964844,27.0,27.940000534057617,104731100.0
2019-03-25,PETR4,14.36432933807373,27.34000015258789,27.59000015258789,26.81999969482422,26.82999992370605,104772900.0
2019-03-26,PETR4,15.042092323303224,28.6299991607666,28.68000030517578,27.71999931335449,27.739999771118164,91549100.0
2019-03-27,PETR4,14.36432933807373,27.34000015258789,28.209999084472656,27.34000015258789,28.209999084472656,66415400.0
2019-03-28,PETR4,14.74261474609375,28.059999465942383,28.059999465942383,26.950000762939453,27.25,69412700.0
2019-03-29,PETR4,14.74261474609375,28.059999465942383,28.530000686645508,27.739999771118164,28.450000762939453,51587400.0
2019-04-01,PETR4,14.711092948913574,28.0,28.420000076293945,27.8700008392334,28.39999961853028,42289800.0
2019-04-02,PETR4,14.863455772399902,28.290000915527344,28.299999237060547,27.86000061035156,28.13999938964844,38460600.0
2019-04-03,PETR4,14.46941089630127,27.540000915527344,28.559999465942383,27.540000915527344,28.530000686645508,55120900.0
2019-04-04,PETR4,14.958029747009276,28.46999931335449,28.46999931335449,27.3700008392334,27.770000457763672,52248100.0
2019-04-05,PETR4,15.12090015411377,28.780000686645508,28.88999938964844,28.209999084472656,28.540000915527344,54708900.0
2019-04-08,PETR4,15.367838859558104,29.25,29.38999938964844,28.979999542236328,29.059999465942383,55270000.0
2019-04-09,PETR4,15.320552825927734,29.15999984741211,29.239999771118164,28.670000076293945,29.030000686645508,43863700.0
2019-04-10,PETR4,15.12090015411377,28.780000686645508,29.56999969482422,28.780000686645508,29.549999237060547,62005200.0
2019-04-11,PETR4,14.711092948913574,28.0,28.700000762939453,27.8700008392334,28.700000762939453,56126400.0
2019-04-12,PETR4,13.57098388671875,25.82999992370605,26.96999931335449,25.56999969482422,26.46999931335449,227307600.0
2019-04-15,PETR4,13.623522758483888,25.93000030517578,26.57999992370605,25.549999237060547,26.350000381469727,117567200.0
2019-04-16,PETR4,14.038586616516112,26.71999931335449,27.059999465942383,25.6299991607666,25.950000762939453,95149300.0
2019-04-17,PETR4,14.054347038269045,26.75,27.34000015258789,26.21999931335449,27.1200008392334,103988400.0
2019-04-18,PETR4,14.500932693481444,27.600000381469727,27.88999938964844,27.25,27.36000061035156,100942100.0
2019-04-22,PETR4,14.4168701171875,27.440000534057617,27.88999938964844,27.31999969482422,27.690000534057617,45321900.0
2019-04-23,PETR4,14.54296588897705,27.68000030517578,28.0,27.68000030517578,27.71999931335449,52199500.0
2019-04-24,PETR4,14.500932693481444,27.600000381469727,27.88999938964844,27.209999084472656,27.71999931335449,57704700.0
2019-04-25,PETR4,14.6060152053833,27.799999237060547,28.06999969482422,27.43000030517578,27.450000762939453,55201700.0
2019-04-26,PETR4,14.327092170715332,27.25,27.770000457763672,27.059999465942383,27.68000030517578,52616600.0
2019-04-29,PETR4,14.39018440246582,27.3700008392334,27.6200008392334,27.34000015258789,27.549999237060547,27689800.0
2019-04-30,PETR4,14.253484725952148,27.11000061035156,27.65999984741211,26.979999542236328,27.520000457763672,39570700.0
2019-05-02,PETR4,14.053695678710938,26.729999542236328,26.81999969482422,26.520000457763672,26.799999237060547,37820300.0
2019-05-03,PETR4,14.116788864135742,26.850000381469727,27.06999969482422,26.850000381469727,26.89999961853028,33334800.0
2019-05-06,PETR4,14.074726104736328,26.770000457763672,26.770000457763672,26.36000061035156,26.38999938964844,31715900.0
2019-05-07,PETR4,13.853904724121094,26.350000381469727,26.65999984741211,26.1200008392334,26.64999961853028,52454400.0
2019-05-08,PETR4,14.39018440246582,27.3700008392334,27.46999931335449,26.290000915527344,26.309999465942383,71780300.0
2019-05-09,PETR4,14.106270790100098,26.82999992370605,27.1200008392334,26.63999938964844,27.100000381469727,46663300.0
2019-05-10,PETR4,14.027405738830566,26.68000030517578,26.920000076293945,26.420000076293945,26.8700008392334,33336000.0
2019-05-13,PETR4,13.6173095703125,25.89999961853028,26.46999931335449,25.81999969482422,26.209999084472656,43146100.0
2019-05-14,PETR4,13.669885635375977,26.0,26.229999542236328,25.850000381469727,26.170000076293945,34968600.0
2019-05-15,PETR4,13.606794357299805,25.8799991607666,25.88999938964844,25.65999984741211,25.739999771118164,37053900.0
2019-05-16,PETR4,13.286077499389648,25.270000457763672,26.040000915527344,25.239999771118164,25.770000457763672,46502200.0
2019-05-17,PETR4,12.975876808166504,24.68000030517578,25.420000076293945,24.46999931335449,25.049999237060547,67291200.0
2019-05-20,PETR4,13.417518615722656,25.520000457763672,25.520000457763672,24.63999938964844,24.68000030517578,54472000.0
2019-05-21,PETR4,13.92751121520996,26.489999771118164,26.489999771118164,25.420000076293945,25.700000762939453,57846700.0
2019-05-22,PETR4,13.874736785888672,26.290000915527344,26.46999931335449,25.959999084472656,26.34000015258789,48439300.0
2019-05-23,PETR4,13.63724422454834,25.84000015258789,25.920000076293945,25.520000457763672,25.89999961853028,49527400.0
2019-05-24,PETR4,13.769182205200195,26.09000015258789,26.36000061035156,25.93000030517578,26.14999961853028,35915100.0
2019-05-27,PETR4,13.848345756530762,26.239999771118164,26.540000915527344,26.170000076293945,26.299999237060547,33892000.0
2019-05-28,PETR4,14.143892288208008,26.799999237060547,26.799999237060547,26.1299991607666,26.1299991607666,60774600.0
2019-05-29,PETR4,13.985565185546877,26.5,26.709999084472656,26.26000022888184,26.489999771118164,43124400.0
2019-05-30,PETR4,13.800848960876465,26.14999961853028,26.86000061035156,25.989999771118164,26.51000022888184,71847200.0
2019-05-31,PETR4,13.484196662902832,25.549999237060547,26.270000457763672,25.420000076293945,25.790000915527344,63137200.0
2019-06-03,PETR4,13.716408729553224,25.989999771118164,26.31999969482422,25.850000381469727,25.8799991607666,53470600.0
2019-06-04,PETR4,13.827237129211426,26.200000762939453,26.3700008392334,26.030000686645508,26.290000915527344,37331100.0
2019-06-05,PETR4,13.647799491882324,25.86000061035156,26.290000915527344,25.559999465942383,26.18000030517578,65282100.0
2019-06-06,PETR4,13.869458198547363,26.280000686645508,26.6299991607666,25.71999931335449,26.170000076293945,87836900.0
2019-06-07,PETR4,14.122780799865724,26.76000022888184,26.82999992370605,26.3700008392334,26.690000534057617,52235500.0
2019-06-10,PETR4,14.064725875854492,26.64999961853028,26.88999938964844,26.520000457763672,26.600000381469727,39666800.0
2019-06-11,PETR4,14.333885192871094,27.15999984741211,27.290000915527344,26.709999084472656,26.88999938964844,52437000.0
2019-06-12,PETR4,14.170279502868652,26.850000381469727,27.1200008392334,26.63999938964844,27.020000457763672,43392200.0
2019-06-13,PETR4,14.344440460205078,27.18000030517578,27.38999938964844,27.07999992370605,27.14999961853028,48981600.0
2019-06-14,PETR4,14.281107902526855,27.059999465942383,27.25,26.89999961853028,27.200000762939453,42802400.0
2019-06-17,PETR4,14.3074951171875,27.11000061035156,27.43000030517578,26.959999084472656,27.07999992370605,49290000.0
2019-06-18,PETR4,14.486933708190918,27.450000762939453,27.520000457763672,27.25,27.299999237060547,31332800.0
2019-06-19,PETR4,14.523874282836914,27.520000457763672,27.59000015258789,27.21999931335449,27.350000381469727,33286300.0
2019-06-21,PETR4,14.924972534179688,28.280000686645508,28.38999938964844,27.950000762939453,27.950000762939453,58424700.0
2019-06-24,PETR4,14.909139633178713,28.25,28.3799991607666,28.1200008392334,28.31999969482422,27365000.0
2019-06-25,PETR4,14.518597602844238,27.51000022888184,28.15999984741211,27.3799991607666,28.13999938964844,56472100.0
2019-06-26,PETR4,14.603038787841797,27.670000076293945,27.93000030517578,27.520000457763672,27.549999237060547,48901500.0
2019-06-27,PETR4,14.370826721191406,27.229999542236328,27.549999237060547,27.01000022888184,27.440000534057617,55219200.0
2019-06-28,PETR4,14.465825080871582,27.40999984741211,27.61000061035156,27.11000061035156,27.450000762939453,40262000.0
2019-07-01,PETR4,14.3866605758667,27.26000022888184,28.030000686645508,27.209999084472656,27.84000015258789,46759100.0
2019-07-02,PETR4,14.154443740844728,26.81999969482422,27.26000022888184,26.64999961853028,27.26000022888184,57954200.0
2019-07-03,PETR4,14.344440460205078,27.18000030517578,27.200000762939453,26.88999938964844,27.040000915527344,29291800.0
2019-07-04,PETR4,14.455269813537598,27.38999938964844,27.57999992370605,27.31999969482422,27.3799991607666,28577400.0
2019-07-05,PETR4,14.46054458618164,27.39999961853028,27.59000015258789,27.1299991607666,27.270000457763672,27414700.0
2019-07-08,PETR4,14.592485427856444,27.64999961853028,27.71999931335449,27.440000534057617,27.5,25318200.0
2019-07-10,PETR4,14.814142227172852,28.06999969482422,28.270000457763672,27.96999931335449,28.0,50715800.0
2019-07-11,PETR4,14.988304138183594,28.39999961853028,28.51000022888184,28.15999984741211,28.200000762939453,48206900.0
2019-07-12,PETR4,15.056909561157228,28.530000686645508,28.739999771118164,28.40999984741211,28.540000915527344,40908900.0
2019-07-15,PETR4,14.87219524383545,28.18000030517578,28.64999961853028,28.18000030517578,28.59000015258789,36592400.0
2019-07-16,PETR4,14.687481880187988,27.82999992370605,28.32999992370605,27.600000381469727,28.280000686645508,54789300.0
2019-07-17,PETR4,14.608317375183104,27.68000030517578,28.0,27.63999938964844,27.989999771118164,28923500.0
2019-07-18,PETR4,14.518597602844238,27.51000022888184,27.809999465942383,27.43000030517578,27.76000022888184,35830700.0
2019-07-19,PETR4,14.48165512084961,27.440000534057617,27.600000381469727,27.3700008392334,27.5,28418900.0
2019-07-22,PETR4,14.508044242858888,27.489999771118164,27.75,27.36000061035156,27.6200008392334,22304400.0
2019-07-23,PETR4,14.523874282836914,27.520000457763672,27.6299991607666,27.39999961853028,27.51000022888184,21124400.0
2019-07-24,PETR4,14.434157371520996,27.350000381469727,27.63999938964844,27.299999237060547,27.59000015258789,27939600.0
2019-07-25,PETR4,14.19139003753662,26.88999938964844,27.5,26.809999465942383,27.46999931335449,26892300.0
2019-07-26,PETR4,13.795571327209473,26.13999938964844,26.799999237060547,26.100000381469727,26.799999237060547,75644000.0
2019-07-29,PETR4,13.922231674194336,26.3799991607666,26.440000534057617,25.959999084472656,26.21999931335449,26493300.0
2019-07-30,PETR4,13.848345756530762,26.239999771118164,26.489999771118164,26.18000030517578,26.350000381469727,38201600.0
2019-07-31,PETR4,13.763906478881836,26.07999992370605,26.5,26.020000457763672,26.38999938964844,39890200.0
2019-08-01,PETR4,13.853625297546388,26.25,26.559999465942383,25.15999984741211,26.299999237060547,91345800.0
2019-08-02,PETR4,13.99612045288086,26.520000457763672,26.88999938964844,26.280000686645508,26.3700008392334,64112900.0
2019-08-05,PETR4,13.484196662902832,25.549999237060547,26.1299991607666,25.520000457763672,25.799999237060547,48277000.0
2019-08-06,PETR4,13.658353805541992,25.8799991607666,26.21999931335449,25.68000030517578,25.89999961853028,44208100.0
2019-08-07,PETR4,13.510581970214844,25.600000381469727,25.729999542236328,25.0,25.440000534057617,67698500.0
2019-08-08,PETR4,13.906401634216309,26.350000381469727,26.350000381469727,25.86000061035156,26.100000381469727,50256700.0
2019-08-09,PETR4,13.869458198547363,26.280000686645508,26.690000534057617,26.100000381469727,26.299999237060547,36641500.0
2019-08-12,PETR4,13.536970138549805,25.64999961853028,25.920000076293945,25.540000915527344,25.920000076293945,36122000.0
2019-08-13,PETR4,13.717816352844238,25.790000915527344,26.1299991607666,25.229999542236328,25.36000061035156,45330500.0
2019-08-14,PETR4,13.255060195922852,24.920000076293945,25.3799991607666,24.780000686645508,25.26000022888184,54401100.0
2019-08-15,PETR4,12.88804817199707,24.229999542236328,25.0,24.13999938964844,24.989999771118164,53894500.0
2019-08-16,PETR4,12.717836380004885,23.90999984741211,24.770000457763672,23.88999938964844,24.71999931335449,56782000.0
2019-08-19,PETR4,12.78166675567627,24.030000686645508,24.5,23.850000381469727,24.299999237060547,50699300.0
2019-08-20,PETR4,12.776348114013672,24.020000457763672,24.190000534057617,23.68000030517578,23.90999984741211,37141700.0
2019-08-21,PETR4,13.536970138549805,25.450000762939453,25.989999771118164,24.18000030517578,24.350000381469727,87840800.0
2019-08-22,PETR4,13.414630889892578,25.21999931335449,25.71999931335449,25.15999984741211,25.5,40808800.0
2019-08-23,PETR4,12.914643287658691,24.280000686645508,25.3700008392334,24.229999542236328,24.780000686645508,58032300.0
2019-08-26,PETR4,12.744433403015137,23.959999084472656,24.68000030517578,23.770000457763672,24.57999992370605,39688800.0
2019-08-27,PETR4,12.946556091308594,24.34000015258789,24.81999969482422,23.809999465942383,24.170000076293945,70475200.0
2019-08-28,PETR4,13.0795316696167,24.59000015258789,24.700000762939453,24.1200008392334,24.200000762939453,41981500.0
2019-08-29,PETR4,13.563565254211426,25.5,25.5,24.68000030517578,24.89999961853028,61008800.0
2019-08-30,PETR4,13.563565254211426,25.5,25.690000534057617,25.170000076293945,25.530000686645508,54958200.0
2019-09-02,PETR4,13.457183837890623,25.299999237060547,25.57999992370605,25.25,25.38999938964844,19049900.0
2019-09-03,PETR4,13.616754531860352,25.600000381469727,25.65999984741211,25.030000686645508,25.11000061035156,47829600.0
2019-09-04,PETR4,13.967814445495604,26.26000022888184,26.3700008392334,26.0,26.15999984741211,56179000.0
2019-09-05,PETR4,14.036961555480955,26.38999938964844,26.790000915527344,26.34000015258789,26.600000381469727,48586800.0
2019-09-06,PETR4,14.106106758117676,26.520000457763672,26.86000061035156,26.200000762939453,26.39999961853028,48502200.0
2019-09-09,PETR4,14.324188232421877,26.93000030517578,27.020000457763672,26.700000762939453,26.75,37303000.0
2019-09-10,PETR4,14.414612770080566,27.100000381469727,27.350000381469727,26.780000686645508,27.049999237060547,44109400.0
2019-09-11,PETR4,14.292277336120604,26.8700008392334,27.350000381469727,26.82999992370605,27.350000381469727,51540400.0
2019-09-12,PETR4,14.393335342407228,27.059999465942383,27.13999938964844,26.63999938964844,26.86000061035156,41028300.0
2019-09-13,PETR4,14.297592163085938,26.8799991607666,27.200000762939453,26.81999969482422,27.1200008392334,24709400.0
2019-09-16,PETR4,14.925240516662598,28.059999465942383,28.239999771118164,27.690000534057617,28.1200008392334,167634600.0
2019-09-17,PETR4,14.728436470031738,27.690000534057617,27.75,27.15999984741211,27.65999984741211,67414800.0
2019-09-18,PETR4,14.47844123840332,27.21999931335449,27.489999771118164,27.21999931335449,27.3700008392334,40567100.0
2019-09-19,PETR4,14.515674591064451,27.290000915527344,27.850000381469727,27.21999931335449,27.82999992370605,42155100.0
2019-09-20,PETR4,14.361421585083008,27.0,27.43000030517578,27.0,27.350000381469727,51946900.0
2019-09-23,PETR4,14.61673641204834,27.479999542236328,27.489999771118164,26.920000076293945,27.0,32643100.0
2019-09-24,PETR4,14.505035400390623,27.270000457763672,27.540000915527344,27.14999961853028,27.420000076293945,36643400.0
2019-09-25,PETR4,14.54227066040039,27.34000015258789,27.350000381469727,26.780000686645508,27.030000686645508,29038400.0
2019-09-26,PETR4,14.733756065368652,27.700000762939453,27.700000762939453,27.229999542236328,27.39999961853028,33705900.0
2019-09-27,PETR4,14.712477684020996,27.65999984741211,27.950000762939453,27.520000457763672,27.549999237060547,31886800.0
2019-09-30,PETR4,14.653968811035156,27.549999237060547,27.63999938964844,27.39999961853028,27.559999465942383,23143400.0
2019-10-01,PETR4,14.63269329071045,27.51000022888184,27.729999542236328,27.36000061035156,27.600000381469727,32423200.0
2019-10-02,PETR4,14.212486267089844,26.71999931335449,27.26000022888184,26.61000061035156,27.21999931335449,51261200.0
2019-10-03,PETR4,14.223125457763672,26.739999771118164,26.809999465942383,26.280000686645508,26.75,46076300.0
2019-10-04,PETR4,14.100788116455078,26.51000022888184,26.920000076293945,26.270000457763672,26.850000381469727,47951600.0
2019-10-07,PETR4,13.919941902160645,26.170000076293945,26.600000381469727,26.100000381469727,26.3700008392334,26252500.0
2019-10-08,PETR4,13.84015655517578,26.020000457763672,26.440000534057617,25.950000762939453,26.170000076293945,30418900.0
2019-10-09,PETR4,14.106106758117676,26.520000457763672,26.709999084472656,26.14999961853028,26.350000381469727,35141400.0
2019-10-10,PETR4,14.223125457763672,26.739999771118164,26.8799991607666,26.540000915527344,26.59000015258789,31056500.0
2019-10-11,PETR4,14.499717712402344,27.26000022888184,27.36000061035156,26.93000030517578,26.93000030517578,37055300.0
2019-10-14,PETR4,14.526311874389648,27.309999465942383,27.32999992370605,26.940000534057617,27.040000915527344,20809900.0
2019-10-15,PETR4,14.680564880371094,27.600000381469727,27.8799991607666,27.309999465942383,27.309999465942383,30455300.0
2019-10-16,PETR4,14.85609245300293,27.93000030517578,27.96999931335449,27.36000061035156,27.549999237060547,31381300.0
2019-10-17,PETR4,14.712477684020996,27.65999984741211,28.0,27.59000015258789,27.93000030517578,31405400.0
2019-10-18,PETR4,14.680564880371094,27.600000381469727,27.989999771118164,27.600000381469727,27.88999938964844,36070900.0
2019-10-21,PETR4,14.770987510681152,27.770000457763672,27.809999465942383,27.600000381469727,27.75,43337700.0
2019-10-22,PETR4,15.196511268615724,28.56999969482422,28.68000030517578,27.770000457763672,27.799999237060547,64228700.0
2019-10-23,PETR4,15.398635864257812,28.950000762939453,29.07999992370605,28.450000762939453,28.530000686645508,45930600.0
2019-10-24,PETR4,15.0635347366333,28.31999969482422,29.25,28.229999542236328,29.14999961853028,60529900.0
2019-10-25,PETR4,15.55820655822754,29.25,29.549999237060547,29.01000022888184,29.200000762939453,74476900.0
2019-10-28,PETR4,15.744373321533203,29.600000381469727,29.65999984741211,29.1200008392334,29.21999931335449,37461800.0
2019-10-29,PETR4,15.861392974853516,29.81999969482422,29.940000534057617,29.26000022888184,29.39999961853028,49994200.0
2019-10-30,PETR4,15.99968719482422,30.07999992370605,30.09000015258789,29.46999931335449,29.770000457763672,63001200.0
2019-10-31,PETR4,16.16457748413086,30.38999938964844,30.459999084472656,29.63999938964844,29.86000061035156,67070400.0
2019-11-01,PETR4,16.185855865478516,30.43000030517578,31.229999542236328,29.84000015258789,30.59000015258789,101210200.0
2019-11-04,PETR4,16.148622512817383,30.36000061035156,31.21999931335449,29.959999084472656,30.88999938964844,81023400.0
2019-11-05,PETR4,15.770968437194824,29.64999961853028,30.600000381469727,29.57999992370605,30.40999984741211,92980900.0
2019-11-06,PETR4,15.802884101867676,29.709999084472656,30.700000762939453,28.100000381469727,30.049999237060547,154003100.0
2019-11-07,PETR4,16.435850143432617,30.89999961853028,31.06999969482422,29.540000915527344,30.0,96329000.0
2019-11-08,PETR4,15.967774391174316,30.020000457763672,30.790000915527344,29.93000030517578,30.450000762939453,61567700.0
2019-11-11,PETR4,16.196491241455078,30.450000762939453,30.450000762939453,29.790000915527344,29.850000381469727,30570500.0
2019-11-12,PETR4,16.073837280273438,30.020000457763672,30.61000061035156,30.01000022888184,30.040000915527344,41655600.0
2019-11-13,PETR4,16.009584426879883,29.89999961853028,30.1299991607666,29.61000061035156,29.950000762939453,41827700.0
2019-11-14,PETR4,15.688322067260742,29.299999237060547,30.100000381469727,29.270000457763672,29.8799991607666,44595200.0
2019-11-18,PETR4,15.570526123046877,29.07999992370605,29.850000381469727,29.06999969482422,29.700000762939453,54468100.0
2019-11-19,PETR4,15.409893989562988,28.780000686645508,29.489999771118164,28.729999542236328,29.25,33740200.0
2019-11-21,PETR4,15.98281192779541,29.850000381469727,29.850000381469727,28.8799991607666,28.93000030517578,53033100.0
2019-11-22,PETR4,16.052419662475586,29.979999542236328,30.34000015258789,29.559999465942383,29.76000022888184,34786000.0
2019-11-25,PETR4,15.918559074401855,29.729999542236328,30.100000381469727,29.6299991607666,29.920000076293945,29868400.0
2019-11-26,PETR4,15.629423141479492,29.190000534057617,29.729999542236328,29.100000381469727,29.6200008392334,54147800.0
2019-11-27,PETR4,15.704383850097656,29.32999992370605,29.64999961853028,29.13999938964844,29.350000381469727,33072500.0
2019-11-28,PETR4,15.81147289276123,29.530000686645508,29.540000915527344,28.809999465942383,29.31999969482422,46602800.0
2019-11-29,PETR4,15.608004570007324,29.14999961853028,29.559999465942383,29.01000022888184,29.489999771118164,37699000.0
2019-12-02,PETR4,15.565170288085938,29.06999969482422,29.5,29.06999969482422,29.39999961853028,31353600.0
2019-12-03,PETR4,15.516984939575195,28.979999542236328,29.190000534057617,28.729999542236328,29.170000076293945,29194000.0
2019-12-04,PETR4,15.881080627441406,29.65999984741211,29.65999984741211,29.11000061035156,29.26000022888184,44960000.0
2019-12-05,PETR4,16.08989906311035,30.049999237060547,30.38999938964844,29.520000457763672,29.63999938964844,50447000.0
2019-12-06,PETR4,16.250530242919922,30.350000381469727,30.59000015258789,30.1299991607666,30.14999961853028,44348600.0
2019-12-09,PETR4,16.17557144165039,30.209999084472656,30.479999542236328,30.1200008392334,30.299999237060547,34694100.0
2019-12-10,PETR4,16.298723220825195,30.440000534057617,30.440000534057617,29.89999961853028,30.100000381469727,27532700.0
2019-12-11,PETR4,16.277301788330078,30.39999961853028,30.709999084472656,30.26000022888184,30.51000022888184,38458300.0
2019-12-12,PETR4,16.582502365112305,30.96999931335449,31.049999237060547,30.479999542236328,30.63999938964844,47797800.0
2019-12-13,PETR4,16.052419662475586,29.979999542236328,30.96999931335449,29.8700008392334,30.88999938964844,105004400.0
2019-12-16,PETR4,15.747221946716309,29.40999984741211,30.170000076293945,29.40999984741211,30.049999237060547,68871000.0
2019-12-17,PETR4,15.98281192779541,29.850000381469727,29.89999961853028,29.43000030517578,29.63999938964844,40679900.0
2019-12-18,PETR4,16.352266311645508,30.540000915527344,30.56999969482422,29.700000762939453,29.75,64201600.0
2019-12-19,PETR4,16.389747619628906,30.61000061035156,30.75,30.420000076293945,30.450000762939453,39696000.0
2019-12-20,PETR4,16.202341079711914,30.26000022888184,30.600000381469727,30.020000457763672,30.600000381469727,93064900.0
2019-12-23,PETR4,16.330846786499023,30.5,30.5,30.030000686645508,30.190000534057617,21970200.0
2019-12-26,PETR4,16.55038070678711,30.90999984741211,30.93000030517578,30.5,30.59000015258789,24810500.0
2019-12-27,PETR4,16.567718505859375,30.520000457763672,30.920000076293945,30.290000915527344,30.690000534057617,24995100.0
2019-12-30,PETR4,16.383150100708008,30.18000030517578,30.709999084472656,30.14999961853028,30.549999237060547,22111600.0
2020-01-02,PETR4,16.665430068969727,30.700000762939453,30.700000762939453,30.309999465942383,30.51000022888184,37774500.0
2020-01-03,PETR4,16.52971839904785,30.450000762939453,31.239999771118164,30.450000762939453,30.8799991607666,71595600.0
2020-01-06,PETR4,16.725143432617188,30.809999465942383,30.940000534057617,29.950000762939453,30.43000030517578,81844000.0
2020-01-07,PETR4,16.65999984741211,30.690000534057617,30.8799991607666,30.46999931335449,30.81999969482422,32822000.0
2020-01-08,PETR4,16.556859970092773,30.5,30.770000457763672,30.239999771118164,30.690000534057617,48215600.0
2020-01-09,PETR4,16.502573013305664,30.39999961853028,30.6200008392334,30.25,30.46999931335449,36102700.0
2020-01-10,PETR4,16.432004928588867,30.270000457763672,30.440000534057617,30.1299991607666,30.38999938964844,25397500.0
2020-01-13,PETR4,16.464574813842773,30.32999992370605,30.43000030517578,30.209999084472656,30.350000381469727,30676800.0
2020-01-14,PETR4,16.28543472290039,30.0,30.270000457763672,29.770000457763672,30.229999542236328,39796500.0
2020-01-15,PETR4,16.041154861450195,29.549999237060547,29.93000030517578,29.540000915527344,29.89999961853028,34405700.0
2020-01-16,PETR4,16.024869918823242,29.520000457763672,29.700000762939453,29.32999992370605,29.600000381469727,28997400.0
2020-01-17,PETR4,16.204008102416992,29.850000381469727,29.850000381469727,29.540000915527344,29.71999931335449,34908000.0
2020-01-20,PETR4,16.28543472290039,30.0,30.100000381469727,29.64999961853028,29.700000762939453,31241400.0
2020-01-21,PETR4,16.07915496826172,29.6200008392334,29.940000534057617,29.549999237060547,29.799999237060547,28577400.0
2020-01-22,PETR4,15.900012969970703,29.290000915527344,29.809999465942383,29.270000457763672,29.729999542236328,32491500.0
2020-01-23,PETR4,16.09543800354004,29.64999961853028,29.76000022888184,28.81999969482422,29.09000015258789,53752100.0
2020-01-24,PETR4,15.905440330505373,29.299999237060547,29.780000686645508,29.13999938964844,29.559999465942383,36898700.0
2020-01-27,PETR4,15.216025352478027,28.030000686645508,28.63999938964844,27.670000076293945,28.6299991607666,66105300.0
2020-01-28,PETR4,15.63401699066162,28.799999237060547,29.13999938964844,28.420000076293945,28.43000030517578,47259100.0
2020-01-29,PETR4,15.66115951538086,28.850000381469727,29.07999992370605,28.670000076293945,29.0,42297500.0
2020-01-30,PETR4,15.710017204284668,28.940000534057617,29.040000915527344,28.18000030517578,28.280000686645508,44266800.0
2020-01-31,PETR4,15.444021224975586,28.450000762939453,28.84000015258789,28.309999465942383,28.6299991607666,55446700.0
2020-02-03,PETR4,15.297451972961426,28.18000030517578,28.729999542236328,28.15999984741211,28.520000457763672,39452800.0
2020-02-04,PETR4,15.541733741760254,28.6299991607666,29.040000915527344,28.559999465942383,28.64999961853028,57658400.0
2020-02-05,PETR4,15.41145133972168,28.38999938964844,29.21999931335449,28.38999938964844,29.049999237060547,67994500.0
2020-02-06,PETR4,15.840302467346191,29.18000030517578,29.51000022888184,28.1200008392334,28.700000762939453,126114000.0
2020-02-07,PETR4,15.704587936401367,28.93000030517578,29.350000381469727,28.729999542236328,29.0,54514600.0
2020-02-10,PETR4,15.813157081604004,29.1299991607666,29.1299991607666,28.63999938964844,28.88999938964844,45328100.0
2020-02-11,PETR4,16.003154754638672,29.479999542236328,29.6299991607666,29.26000022888184,29.39999961853028,37518200.0
2020-02-12,PETR4,16.356002807617188,30.1299991607666,30.280000686645508,29.6299991607666,29.63999938964844,64851000.0
2020-02-13,PETR4,16.13343620300293,29.71999931335449,30.209999084472656,29.63999938964844,29.770000457763672,55277100.0
2020-02-14,PETR4,15.970584869384766,29.420000076293945,29.959999084472656,29.34000015258789,29.86000061035156,30399900.0
2020-02-17,PETR4,15.938011169433594,29.36000061035156,29.770000457763672,29.309999465942383,29.6299991607666,38684900.0
2020-02-18,PETR4,16.14972496032715,29.75,29.770000457763672,28.950000762939453,29.059999465942383,33890900.0
2020-02-19,PETR4,16.583999633789062,30.549999237060547,30.549999237060547,29.76000022888184,29.8700008392334,44181800.0
2020-02-20,PETR4,16.242008209228516,29.920000076293945,30.88999938964844,29.75,30.799999237060547,73522900.0
2020-02-21,PETR4,15.81858730316162,29.13999938964844,29.68000030517578,29.030000686645508,29.51000022888184,47805100.0
2020-02-26,PETR4,14.228042602539062,26.209999084472656,27.38999938964844,26.030000686645508,27.040000915527344,89207100.0
2020-02-27,PETR4,13.734050750732422,25.299999237060547,26.530000686645508,24.88999938964844,25.71999931335449,100112100.0
2020-02-28,PETR4,13.755766868591309,25.34000015258789,25.559999465942383,24.6200008392334,25.15999984741211,89095300.0
2020-03-02,PETR4,14.401753425598145,26.530000686645508,26.75,25.479999542236328,25.5,71596400.0
2020-03-03,PETR4,14.14118480682373,26.049999237060547,27.479999542236328,25.76000022888184,26.56999969482422,86855700.0
2020-03-04,PETR4,14.59717845916748,26.88999938964844,26.940000534057617,26.239999771118164,26.90999984741211,42320500.0
2020-03-05,PETR4,13.72862148284912,25.290000915527344,26.670000076293945,24.709999084472656,26.32999992370605,69722300.0
2020-03-06,PETR4,12.393216133117676,22.82999992370605,24.1299991607666,22.549999237060547,24.100000381469727,138597600.0
2020-03-09,PETR4,8.71270751953125,16.049999237060547,18.229999542236328,15.40999984741211,17.809999465942383,254813800.0
2020-03-10,PETR4,9.532407760620115,17.559999465942383,18.64999961853028,16.3700008392334,18.64999961853028,170478000.0
2020-03-11,PETR4,8.604138374328613,15.850000381469728,17.1299991607666,15.0,16.700000762939453,132482400.0
2020-03-12,PETR4,6.839882373809815,12.600000381469728,13.859999656677246,11.079999923706056,13.65999984741211,151535900.0
2020-03-13,PETR4,8.359856605529785,15.399999618530272,15.399999618530272,12.699999809265137,15.100000381469728,174972600.0
2020-03-16,PETR4,7.105878829956055,13.09000015258789,14.100000381469728,12.550000190734863,12.90999984741211,126432800.0
2020-03-17,PETR4,7.057023048400879,13.0,13.84000015258789,13.0,13.600000381469728,149228500.0
2020-03-18,PETR4,6.128752708435059,11.289999961853027,12.270000457763672,10.869999885559082,11.789999961853027,162515200.0
2020-03-19,PETR4,6.628172397613525,12.210000038146973,13.06999969482422,10.850000381469728,11.06999969482422,157065200.0
2020-03-20,PETR4,6.514174461364746,12.0,13.5,11.829999923706056,13.109999656677246,149029900.0
2020-03-23,PETR4,6.24275016784668,11.5,12.18000030517578,11.279999732971191,12.109999656677246,107092400.0
2020-03-24,PETR4,7.192734718322754,13.25,13.539999961853027,12.279999732971191,12.56999969482422,114259200.0
2020-03-25,PETR4,7.773580551147461,14.31999969482422,14.789999961853027,12.829999923706056,13.239999771118164,158286200.0
2020-03-26,PETR4,7.811580657958984,14.390000343322754,15.1899995803833,13.8100004196167,14.399999618530272,130618400.0
2020-03-27,PETR4,7.21987771987915,13.300000190734863,13.6899995803833,13.25,13.300000190734863,101405900.0
2020-03-30,PETR4,7.263304233551025,13.380000114440918,13.739999771118164,12.829999923706056,13.149999618530272,110947200.0
2020-03-31,PETR4,7.594441413879394,13.989999771118164,14.539999961853027,13.600000381469728,13.600000381469728,156116500.0
2020-04-01,PETR4,7.762724876403809,14.300000190734863,14.550000190734863,13.31999969482422,13.449999809265137,114455000.0
2020-04-02,PETR4,8.419570922851562,15.510000228881836,16.549999237060547,15.010000228881836,15.399999618530272,234951200.0
2020-04-03,PETR4,8.327285766601562,15.34000015258789,16.360000610351562,14.93000030517578,16.299999237060547,142898700.0
2020-04-06,PETR4,8.560710906982422,15.770000457763672,16.100000381469727,15.18000030517578,16.049999237060547,123934200.0
2020-04-07,PETR4,8.902705192565918,16.399999618530273,17.06999969482422,16.34000015258789,16.610000610351562,140498900.0
2020-04-08,PETR4,9.402125358581545,17.31999969482422,17.530000686645508,16.399999618530273,16.5,116151600.0
2020-04-09,PETR4,9.130701065063477,16.81999969482422,18.690000534057617,16.5,17.940000534057617,185771300.0
2020-04-13,PETR4,9.190414428710938,16.93000030517578,17.09000015258789,16.329999923706055,16.81999969482422,93724000.0
2020-04-14,PETR4,9.081843376159668,16.729999542236328,17.299999237060547,16.610000610351562,17.020000457763672,91017200.0
2020-04-15,PETR4,8.891847610473633,16.3799991607666,16.469999313354492,15.859999656677246,16.040000915527344,86749600.0
2020-04-16,PETR4,8.533567428588867,15.720000267028809,16.760000228881836,15.529999732971191,16.670000076293945,115633300.0
2020-04-17,PETR4,8.756134986877441,16.1299991607666,16.1299991607666,15.5600004196167,15.75,116733000.0
2020-04-20,PETR4,8.658422470092773,15.949999809265137,16.329999923706055,15.34000015258789,15.479999542236328,133739400.0
2020-04-22,PETR4,9.092700958251951,16.75,16.75,15.779999732971191,15.850000381469728,114967100.0
2020-04-23,PETR4,9.201518058776855,16.950000762939453,17.43000030517578,16.6200008392334,17.200000762939453,94759000.0
2020-04-24,PETR4,8.658655166625977,15.949999809265137,16.790000915527344,15.279999732971191,16.690000534057617,161188800.0
2020-04-27,PETR4,8.93008804321289,16.450000762939453,16.530000686645508,15.779999732971191,16.139999389648438,85944900.0
2020-04-28,PETR4,9.364632606506348,17.25,17.25,16.6299991607666,17.040000915527344,91613600.0
2020-04-29,PETR4,9.880366325378418,18.200000762939453,18.479999542236328,17.530000686645508,17.799999237060547,94528400.0
2020-04-30,PETR4,9.79893398284912,18.049999237060547,18.420000076293945,17.700000762939453,17.979999542236328,80263900.0
2020-05-04,PETR4,9.435206413269045,17.3799991607666,17.6200008392334,17.18000030517578,17.43000030517578,60268400.0
2020-05-05,PETR4,9.739217758178713,17.940000534057617,18.479999542236328,17.8700008392334,17.899999618530273,75043400.0
2020-05-06,PETR4,9.380919456481934,17.280000686645508,18.059999465942383,17.280000686645508,17.8700008392334,67937500.0
2020-05-07,PETR4,9.467779159545898,17.440000534057617,17.8700008392334,17.350000381469727,17.75,81265100.0
2020-05-08,PETR4,10.032371520996094,18.479999542236328,18.57999992370605,17.709999084472656,17.739999771118164,83232700.0
2020-05-11,PETR4,9.853221893310549,18.14999961853028,18.93000030517578,18.11000061035156,18.299999237060547,65061500.0
2020-05-12,PETR4,9.847792625427246,18.13999938964844,18.82999992370605,18.1299991607666,18.530000686645508,71837200.0
2020-05-13,PETR4,9.54921054840088,17.59000015258789,18.350000381469727,17.520000457763672,18.26000022888184,87222300.0
2020-05-14,PETR4,9.446063995361328,17.399999618530273,17.469999313354492,16.719999313354492,17.399999618530273,119653200.0
2020-05-15,PETR4,9.310343742370604,17.149999618530273,18.190000534057617,17.149999618530273,17.989999771118164,133733100.0
2020-05-18,PETR4,10.06494426727295,18.540000915527344,18.540000915527344,17.920000076293945,18.100000381469727,116999500.0
2020-05-19,PETR4,10.140946388244627,18.68000030517578,18.93000030517578,18.40999984741211,18.51000022888184,80131600.0
2020-05-20,PETR4,10.477530479431152,19.299999237060547,19.440000534057617,19.059999465942383,19.09000015258789,74595100.0
2020-05-21,PETR4,10.41781520843506,19.190000534057617,19.770000457763672,19.06999969482422,19.5,81327000.0
2020-05-22,PETR4,10.135518074035645,18.670000076293945,18.89999961853028,18.350000381469727,18.799999237060547,71259400.0
2020-05-25,PETR4,10.57524871826172,19.479999542236328,19.559999465942383,19.26000022888184,19.479999542236328,38033000.0
2020-05-26,PETR4,10.678396224975586,19.670000076293945,20.09000015258789,19.32999992370605,19.979999542236328,68716900.0
2020-05-27,PETR4,10.81954288482666,19.93000030517578,19.93000030517578,19.14999961853028,19.799999237060547,74790800.0
2020-05-28,PETR4,10.73268222808838,19.770000457763672,20.07999992370605,19.450000762939453,19.690000534057617,65023000.0
2020-05-29,PETR4,11.042122840881348,20.34000015258789,20.34000015258789,19.299999237060547,19.549999237060547,128832600.0
2020-06-01,PETR4,11.036693572998049,20.32999992370605,20.559999465942383,20.0,20.14999961853028,86579500.0
2020-06-02,PETR4,11.617572784423828,21.39999961853028,21.39999961853028,20.600000381469727,20.75,77235100.0
2020-06-03,PETR4,11.655573844909668,21.46999931335449,21.90999984741211,21.40999984741211,21.86000061035156,86219700.0
2020-06-04,PETR4,11.633859634399414,21.43000030517578,21.780000686645508,21.040000915527344,21.38999938964844,107401400.0
2020-06-05,PETR4,11.997587203979492,22.100000381469727,23.030000686645508,22.059999465942383,22.290000915527344,114137700.0
2020-06-08,PETR4,12.231024742126465,22.530000686645508,22.59000015258789,22.01000022888184,22.549999237060547,82444400.0
2020-06-09,PETR4,11.791293144226074,21.71999931335449,22.040000915527344,21.63999938964844,22.030000686645508,96488300.0
2020-06-10,PETR4,11.617572784423828,21.39999961853028,21.89999961853028,21.0,21.88999938964844,102551100.0
2020-06-12,PETR4,11.183270454406738,20.600000381469727,21.170000076293945,20.100000381469727,20.6200008392334,116746700.0
2020-06-15,PETR4,11.23755931854248,20.700000762939453,21.09000015258789,19.540000915527344,19.809999465942383,99931000.0
2020-06-16,PETR4,11.60128688812256,21.3700008392334,21.90999984741211,21.170000076293945,21.559999465942383,94510600.0
2020-06-17,PETR4,11.639286994934082,21.440000534057617,21.850000381469727,21.14999961853028,21.479999542236328,63268700.0
2020-06-18,PETR4,11.726149559020996,21.600000381469727,21.770000457763672,21.07999992370605,21.18000030517578,56893300.0
2020-06-19,PETR4,11.655573844909668,21.46999931335449,22.21999931335449,21.21999931335449,22.0,91139800.0
2020-06-22,PETR4,11.37327766418457,20.950000762939453,21.600000381469727,20.89999961853028,21.600000381469727,45419000.0
2020-06-23,PETR4,11.753292083740234,21.64999961853028,22.06999969482422,21.13999938964844,21.21999931335449,78950900.0
2020-06-24,PETR4,11.400421142578123,21.0,21.559999465942383,20.709999084472656,21.489999771118164,65162400.0
2020-06-25,PETR4,11.655573844909668,21.46999931335449,21.46999931335449,20.729999542236328,20.90999984741211,47263500.0
2020-06-26,PETR4,11.313560485839844,20.84000015258789,21.46999931335449,20.780000686645508,21.209999084472656,55499300.0
2020-06-29,PETR4,11.758719444274902,21.65999984741211,21.65999984741211,20.93000030517578,21.100000381469727,59809600.0
2020-06-30,PETR4,11.699004173278809,21.549999237060547,21.799999237060547,21.09000015258789,21.34000015258789,65010600.0
2020-07-01,PETR4,11.78586483001709,21.709999084472656,22.25,21.520000457763672,21.75,78983900.0
2020-07-02,PETR4,11.975870132446287,22.059999465942383,22.209999084472656,21.86000061035156,22.100000381469727,56345900.0
2020-07-03,PETR4,11.932440757751465,21.979999542236328,22.18000030517578,21.799999237060547,21.950000762939453,24060000.0
2020-07-06,PETR4,12.22016716003418,22.51000022888184,22.86000061035156,22.309999465942383,22.38999938964844,58070900.0
2020-07-07,PETR4,12.068161010742188,22.229999542236328,22.46999931335449,22.13999938964844,22.34000015258789,46591300.0
2020-07-08,PETR4,12.29616928100586,22.64999961853028,22.76000022888184,22.39999961853028,22.450000762939453,49136300.0
2020-07-09,PETR4,12.01930332183838,22.13999938964844,22.809999465942383,22.059999465942383,22.780000686645508,57151500.0
2020-07-10,PETR4,12.22016716003418,22.51000022888184,22.64999961853028,22.059999465942383,22.190000534057617,57428300.0
2020-07-13,PETR4,12.030158996582031,22.15999984741211,22.64999961853028,22.15999984741211,22.61000061035156,55425500.0
2020-07-14,PETR4,12.431888580322266,22.89999961853028,22.959999084472656,21.86000061035156,22.1299991607666,89380500.0
2020-07-15,PETR4,12.670754432678224,23.34000015258789,23.43000030517578,22.850000381469727,23.200000762939453,58390600.0
2020-07-16,PETR4,12.3341703414917,22.71999931335449,23.280000686645508,22.520000457763672,23.15999984741211,69698700.0
2020-07-17,PETR4,12.3450288772583,22.739999771118164,23.030000686645508,22.57999992370605,22.82999992370605,49927600.0
2020-07-20,PETR4,12.3450288772583,22.739999771118164,22.90999984741211,22.520000457763672,22.700000762939453,48679800.0
2020-07-21,PETR4,12.687041282653809,23.3700008392334,23.600000381469727,23.13999938964844,23.14999961853028,101769600.0
2020-07-22,PETR4,12.513320922851562,23.049999237060547,23.40999984741211,23.01000022888184,23.299999237060547,43085500.0
2020-07-23,PETR4,12.252984046936035,22.56999969482422,23.229999542236328,22.540000915527344,23.15999984741211,64072100.0
2020-07-24,PETR4,12.339845657348633,22.729999542236328,23.059999465942383,22.420000076293945,22.540000915527344,43380300.0
2020-07-27,PETR4,12.59500503540039,23.200000762939453,23.25,22.450000762939453,22.8700008392334,56539600.0
2020-07-28,PETR4,12.377849578857422,22.799999237060547,23.31999969482422,22.799999237060547,23.040000915527344,48353000.0
2020-07-29,PETR4,12.578718185424805,23.170000076293945,23.25,22.920000076293945,23.030000686645508,44011500.0
2020-07-30,PETR4,12.388705253601074,22.81999969482422,22.920000076293945,22.5,22.920000076293945,57859000.0
2020-07-31,PETR4,12.052116394042969,22.200000762939453,23.13999938964844,22.15999984741211,22.920000076293945,75397300.0
2020-08-03,PETR4,11.8349609375,21.799999237060547,22.549999237060547,21.71999931335449,22.540000915527344,63598500.0
2020-08-04,PETR4,11.824102401733398,21.780000686645508,22.049999237060547,21.25,21.459999084472656,63011900.0
2020-08-05,PETR4,12.584145545959473,23.18000030517578,23.280000686645508,22.229999542236328,22.229999542236328,137214700.0
2020-08-06,PETR4,12.605862617492676,23.21999931335449,23.530000686645508,23.01000022888184,23.280000686645508,56375100.0
2020-08-07,PETR4,12.37242031097412,22.790000915527344,22.90999984741211,22.549999237060547,22.86000061035156,56040200.0
2020-08-10,PETR4,12.730727195739746,23.450000762939453,23.450000762939453,22.63999938964844,22.89999961853028,52390100.0
2020-08-11,PETR4,12.529857635498049,23.07999992370605,23.8799991607666,23.059999465942383,23.709999084472656,66342300.0
2020-08-12,PETR4,12.7470121383667,23.479999542236328,23.68000030517578,23.07999992370605,23.36000061035156,67008500.0
2020-08-13,PETR4,12.399564743041992,22.84000015258789,23.57999992370605,22.709999084472656,23.450000762939453,44588200.0
2020-08-14,PETR4,12.307273864746094,22.670000076293945,22.979999542236328,22.530000686645508,22.770000457763672,38422000.0
2020-08-17,PETR4,12.26927089691162,22.600000381469727,22.84000015258789,22.14999961853028,22.68000030517578,52064300.0
2020-08-18,PETR4,12.497284889221191,23.020000457763672,23.239999771118164,22.770000457763672,22.93000030517578,49361300.0
2020-08-19,PETR4,12.426708221435549,22.88999938964844,23.31999969482422,22.75,22.950000762939453,51982100.0
2020-08-20,PETR4,12.339845657348633,22.729999542236328,22.8700008392334,22.350000381469727,22.520000457763672,55251700.0
2020-08-21,PETR4,12.24755573272705,22.559999465942383,22.6299991607666,22.350000381469727,22.540000915527344,38668300.0
2020-08-24,PETR4,12.470137596130373,22.96999931335449,23.1299991607666,22.799999237060547,22.86000061035156,51841900.0
2020-08-25,PETR4,12.415851593017578,22.8700008392334,23.14999961853028,22.690000534057617,23.09000015258789,37981400.0
2020-08-26,PETR4,12.062973976135254,22.21999931335449,22.89999961853028,22.040000915527344,22.780000686645508,69925300.0
2020-08-27,PETR4,12.02497100830078,22.14999961853028,22.46999931335449,22.040000915527344,22.31999969482422,35489800.0
2020-08-28,PETR4,12.236698150634766,22.540000915527344,22.540000915527344,22.059999465942383,22.25,31071000.0
2020-08-31,PETR4,11.883819580078123,21.88999938964844,22.43000030517578,21.88999938964844,22.31999969482422,48539700.0
2020-09-01,PETR4,12.415851593017578,22.8700008392334,22.88999938964844,22.1200008392334,22.200000762939453,66299700.0
2020-09-02,PETR4,12.377849578857422,22.799999237060547,23.100000381469727,22.520000457763672,22.93000030517578,53618000.0
2020-09-03,PETR4,12.421279907226562,22.8799991607666,23.1200008392334,22.56999969482422,22.61000061035156,87642400.0
2020-09-04,PETR4,12.442995071411133,22.920000076293945,23.030000686645508,22.57999992370605,23.0,52351100.0
2020-09-08,PETR4,12.08469009399414,22.26000022888184,22.5,21.90999984741211,22.5,74490200.0
2020-09-09,PETR4,12.339845657348633,22.729999542236328,22.770000457763672,22.489999771118164,22.489999771118164,42143500.0
2020-09-10,PETR4,12.008685111999512,22.1200008392334,22.57999992370605,22.11000061035156,22.57999992370605,58350000.0
2020-09-11,PETR4,11.87839126586914,21.8799991607666,22.26000022888184,21.75,22.1200008392334,71013700.0
2020-09-14,PETR4,11.769814491271973,21.68000030517578,21.979999542236328,21.43000030517578,21.940000534057617,46453300.0
2020-09-15,PETR4,11.764386177062988,21.670000076293945,22.07999992370605,21.549999237060547,21.979999542236328,58546700.0
2020-09-16,PETR4,11.796957969665527,21.729999542236328,21.989999771118164,21.600000381469727,21.850000381469727,50379500.0
2020-09-17,PETR4,12.02497100830078,22.14999961853028,22.170000076293945,21.459999084472656,21.51000022888184,60432200.0
2020-09-18,PETR4,11.75352668762207,21.64999961853028,22.14999961853028,21.549999237060547,21.989999771118164,64243500.0
2020-09-21,PETR4,11.34636116027832,20.89999961853028,21.459999084472656,20.809999465942383,21.290000915527344,73300000.0
2020-09-22,PETR4,11.292073249816896,20.799999237060547,21.350000381469727,20.75,20.959999084472656,47207700.0
2020-09-23,PETR4,10.982626914978027,20.229999542236328,20.959999084472656,20.200000762939453,20.799999237060547,57106300.0
2020-09-24,PETR4,11.074917793273926,20.39999961853028,20.709999084472656,20.059999465942383,20.239999771118164,76310000.0
2020-09-25,PETR4,10.928338050842283,20.1299991607666,20.26000022888184,19.8700008392334,20.14999961853028,40150400.0
2020-09-28,PETR4,10.656892776489258,19.6299991607666,20.559999465942383,19.6299991607666,20.32999992370605,48797400.0
2020-09-29,PETR4,10.483168601989746,19.309999465942383,19.86000061035156,19.25,19.6299991607666,52878100.0
2020-09-30,PETR4,10.646036148071287,19.61000061035156,20.040000915527344,19.43000030517578,19.5,69505000.0
2020-10-01,PETR4,10.776329040527344,19.850000381469727,20.059999465942383,19.1299991607666,19.63999938964844,77537300.0
2020-10-02,PETR4,10.325732231140137,19.020000457763672,19.739999771118164,19.020000457763672,19.729999542236328,85306000.0
2020-10-05,PETR4,10.874049186706545,20.030000686645508,20.15999984741211,19.239999771118164,19.36000061035156,73288500.0
2020-10-06,PETR4,10.8197603225708,19.93000030517578,20.700000762939453,19.93000030517578,20.46999931335449,77064600.0
2020-10-07,PETR4,10.743755340576172,19.790000915527344,20.049999237060547,19.559999465942383,20.0,53521000.0
2020-10-08,PETR4,11.096634864807127,20.440000534057617,20.59000015258789,19.86000061035156,20.040000915527344,78070400.0
2020-10-09,PETR4,10.749183654785156,19.799999237060547,20.38999938964844,19.799999237060547,20.34000015258789,67962300.0
2020-10-13,PETR4,10.928338050842283,20.1299991607666,20.1299991607666,19.729999542236328,19.90999984741211,55330600.0
2020-10-14,PETR4,10.841474533081056,19.96999931335449,20.3700008392334,19.96999931335449,20.09000015258789,44584300.0
2020-10-15,PETR4,10.722041130065918,19.75,19.770000457763672,19.440000534057617,19.6200008392334,56952100.0
2020-10-16,PETR4,10.494027137756348,19.32999992370605,19.709999084472656,19.31999969482422,19.670000076293945,49929000.0
2020-10-19,PETR4,10.597175598144531,19.520000457763672,19.940000534057617,19.25,19.40999984741211,107419300.0
2020-10-20,PETR4,10.95548152923584,20.18000030517578,20.270000457763672,19.59000015258789,19.670000076293945,68407700.0
2020-10-21,PETR4,10.944624900817873,20.15999984741211,20.32999992370605,19.82999992370605,20.15999984741211,60594900.0
2020-10-22,PETR4,11.313788414001465,20.84000015258789,20.84000015258789,20.049999237060547,20.100000381469727,98926900.0
2020-10-23,PETR4,11.167207717895508,20.56999969482422,21.13999938964844,20.540000915527344,20.940000534057617,61711200.0
2020-10-26,PETR4,10.993484497070312,20.25,20.530000686645508,20.030000686645508,20.32999992370605,58229100.0
2020-10-27,PETR4,10.79261589050293,19.8799991607666,20.3700008392334,19.809999465942383,20.26000022888184,48978400.0
2020-10-28,PETR4,10.13572120666504,18.670000076293945,19.440000534057617,18.670000076293945,19.350000381469727,79247400.0
2020-10-29,PETR4,10.472312927246094,19.290000915527344,19.3700008392334,17.739999771118164,18.43000030517578,86794800.0
2020-10-30,PETR4,10.282301902770996,18.940000534057617,19.540000915527344,18.8700008392334,19.13999938964844,64185100.0
2020-11-03,PETR4,10.66775131225586,19.64999961853028,19.89999961853028,19.32999992370605,19.51000022888184,66292400.0
2020-11-04,PETR4,10.7057523727417,19.71999931335449,20.06999969482422,19.270000457763672,20.01000022888184,65777600.0
2020-11-05,PETR4,10.798044204711914,19.88999938964844,19.989999771118164,19.71999931335449,19.950000762939453,40874800.0
2020-11-06,PETR4,10.722041130065918,19.75,19.950000762939453,19.540000915527344,19.549999237060547,37273300.0
2020-11-09,PETR4,11.7318115234375,21.61000061035156,22.690000534057617,21.040000915527344,21.11000061035156,164904100.0
2020-11-10,PETR4,12.529857635498049,23.07999992370605,23.14999961853028,21.809999465942383,21.88999938964844,163732600.0
2020-11-11,PETR4,12.421279907226562,22.8799991607666,23.36000061035156,22.39999961853028,23.350000381469727,93072900.0
2020-11-12,PETR4,11.894678115844728,21.90999984741211,22.81999969482422,21.770000457763672,22.739999771118164,77275000.0
2020-11-13,PETR4,12.285558700561523,22.6299991607666,22.799999237060547,21.88999938964844,22.020000457763672,66065200.0
2020-11-16,PETR4,12.643863677978516,23.290000915527344,23.6299991607666,23.1299991607666,23.200000762939453,101583300.0
2020-11-17,PETR4,12.861021041870115,23.690000534057617,24.13999938964844,22.979999542236328,23.049999237060547,94082100.0
2020-11-18,PETR4,12.785015106201172,23.549999237060547,24.1299991607666,23.549999237060547,23.989999771118164,68540400.0
2020-11-19,PETR4,12.931595802307127,23.81999969482422,23.940000534057617,23.3700008392334,23.549999237060547,65382100.0
2020-11-23,PETR4,13.62649154663086,25.100000381469727,25.100000381469727,24.040000915527344,24.049999237060547,125649000.0
2020-11-24,PETR4,14.234525680541992,26.21999931335449,26.670000076293945,25.63999938964844,25.63999938964844,153293500.0
2020-11-25,PETR4,14.250811576843262,26.25,26.5,25.670000076293945,26.200000762939453,73971200.0
2020-11-26,PETR4,14.017370223999023,25.81999969482422,25.950000762939453,25.559999465942383,25.940000534057617,41935900.0
2020-11-27,PETR4,13.843646049499512,25.5,26.059999465942383,25.450000762939453,25.920000076293945,49863500.0
2020-11-30,PETR4,13.517913818359377,24.89999961853028,25.8799991607666,24.84000015258789,25.26000022888184,90207700.0
2020-12-01,PETR4,13.89793586730957,25.600000381469727,25.770000457763672,25.290000915527344,25.39999961853028,58866000.0
2020-12-02,PETR4,14.066231727600098,25.90999984741211,26.5,25.32999992370605,25.600000381469727,88093300.0
2020-12-03,PETR4,14.462538719177246,26.63999938964844,26.88999938964844,26.049999237060547,26.14999961853028,62424500.0
2020-12-04,PETR4,14.945709228515623,27.530000686645508,27.56999969482422,27.059999465942383,27.190000534057617,61652400.0
2020-12-07,PETR4,14.657977104187012,27.0,27.790000915527344,26.670000076293945,27.270000457763672,72664200.0
2020-12-08,PETR4,14.473398208618164,26.65999984741211,27.13999938964844,26.459999084472656,26.809999465942383,46276700.0
2020-12-09,PETR4,14.625406265258787,26.940000534057617,26.96999931335449,26.39999961853028,26.6299991607666,52448300.0
2020-12-10,PETR4,15.10314655303955,27.81999969482422,28.200000762939453,27.1299991607666,27.190000534057617,97537100.0
2020-12-11,PETR4,14.967424392700195,27.56999969482422,27.84000015258789,27.280000686645508,27.489999771118164,48334300.0
2020-12-14,PETR4,14.994568824768066,27.6200008392334,28.270000457763672,27.6200008392334,28.030000686645508,53159500.0
2020-12-15,PETR4,15.119433403015137,27.850000381469727,27.989999771118164,27.6200008392334,27.6200008392334,47208200.0
2020-12-16,PETR4,15.30401611328125,28.190000534057617,28.239999771118164,27.46999931335449,27.850000381469727,59399200.0
2020-12-17,PETR4,15.331159591674805,28.239999771118164,28.38999938964844,28.06999969482422,28.299999237060547,39297700.0
2020-12-18,PETR4,15.255155563354492,28.100000381469727,28.31999969482422,28.020000457763672,28.100000381469727,44707900.0
2020-12-21,PETR4,14.668838500976562,27.020000457763672,27.489999771118164,26.520000457763672,27.190000534057617,99988800.0
2020-12-22,PETR4,14.809988021850586,27.280000686645508,27.46999931335449,27.049999237060547,27.200000762939453,46513200.0
2020-12-23,PETR4,15.173725128173828,27.950000762939453,28.25,27.350000381469727,27.43000030517578,49038900.0
2020-12-28,PETR4,15.29858684539795,28.18000030517578,28.520000457763672,28.18000030517578,28.36000061035156,36313300.0
2020-12-29,PETR4,15.34744930267334,28.270000457763672,28.43000030517578,27.989999771118164,28.3799991607666,29891100.0
2020-12-30,PETR4,15.385449409484863,28.34000015258789,28.489999771118164,28.200000762939453,28.350000381469727,36968200.0
2021-01-04,PETR4,15.694894790649414,28.90999984741211,29.18000030517578,28.530000686645508,28.64999961853028,74719700.0
2021-01-05,PETR4,16.308361053466797,30.040000915527344,30.18000030517578,28.239999771118164,28.89999961853028,95181100.0
2021-01-06,PETR4,16.340930938720703,30.100000381469727,30.89999961853028,30.049999237060547,30.15999984741211,96562500.0
2021-01-07,PETR4,16.829530715942383,31.0,31.14999961853028,30.34000015258789,30.34000015258789,56171300.0
2021-01-08,PETR4,16.894678115844727,31.1200008392334,31.76000022888184,30.350000381469727,31.459999084472656,67136300.0
2021-01-11,PETR4,16.75352668762207,30.86000061035156,31.059999465942383,30.39999961853028,30.61000061035156,48744700.0
2021-01-12,PETR4,16.628662109375,30.6299991607666,31.559999465942383,30.6299991607666,31.1200008392334,65691900.0
2021-01-13,PETR4,15.825189590454102,29.14999961853028,30.86000061035156,29.0,30.68000030517578,93826600.0
2021-01-14,PETR4,15.988056182861328,29.450000762939453,29.670000076293945,28.71999931335449,29.170000076293945,50745400.0
2021-01-15,PETR4,15.266013145446776,28.1200008392334,29.07999992370605,28.030000686645508,29.049999237060547,80673300.0
2021-01-18,PETR4,15.238869667053224,28.06999969482422,28.850000381469727,28.01000022888184,28.309999465942383,68855700.0
2021-01-19,PETR4,15.57546043395996,28.690000534057617,28.86000061035156,27.63999938964844,28.479999542236328,61656000.0
2021-01-20,PETR4,15.31487274169922,28.209999084472656,29.1200008392334,28.11000061035156,28.950000762939453,60306200.0
2021-01-21,PETR4,14.956567764282228,27.549999237060547,28.39999961853028,27.51000022888184,28.020000457763672,41284900.0
2021-01-22,PETR4,14.706839561462402,27.09000015258789,27.239999771118164,26.559999465942383,26.93000030517578,51181900.0
2021-01-26,PETR4,14.657977104187012,27.0,27.96999931335449,26.81999969482422,27.25,64514600.0
2021-01-27,PETR4,14.875134468078612,27.39999961853028,28.170000076293945,26.530000686645508,26.809999465942383,68337800.0
2021-01-28,PETR4,15.070574760437012,27.76000022888184,28.450000762939453,27.309999465942383,27.31999969482422,67827000.0
2021-01-29,PETR4,14.489684104919434,26.690000534057617,27.68000030517578,26.690000534057617,27.520000457763672,67555300.0
2021-02-01,PETR4,14.945709228515623,27.530000686645508,27.68000030517578,26.82999992370605,27.26000022888184,44449500.0
2021-02-02,PETR4,15.559173583984377,28.65999984741211,29.13999938964844,28.200000762939453,28.39999961853028,91663000.0
2021-02-03,PETR4,15.711182594299316,28.940000534057617,29.13999938964844,28.65999984741211,28.979999542236328,47486800.0
2021-02-04,PETR4,15.646034240722656,28.81999969482422,28.989999771118164,28.209999084472656,28.82999992370605,41444100.0
2021-02-05,PETR4,15.65689468383789,28.84000015258789,30.09000015258789,28.31999969482422,28.979999542236328,121098700.0
2021-02-08,PETR4,15.260584831237791,28.11000061035156,29.299999237060547,27.799999237060547,28.51000022888184,98821700.0
2021-02-09,PETR4,14.95114040374756,27.540000915527344,28.3700008392334,27.3799991607666,28.049999237060547,63662200.0
2021-02-10,PETR4,15.092289924621582,27.799999237060547,28.040000915527344,27.1200008392334,27.739999771118164,52949900.0
2021-02-11,PETR4,15.24429702758789,28.07999992370605,28.5,27.8700008392334,28.13999938964844,61158600.0
2021-02-12,PETR4,15.439737319946287,28.440000534057617,28.489999771118164,27.61000061035156,27.809999465942383,47801100.0
2021-02-17,PETR4,16.06406021118164,29.59000015258789,29.600000381469727,28.1299991607666,28.520000457763672,54973400.0
2021-02-18,PETR4,15.890336990356444,29.270000457763672,30.920000076293945,29.040000915527344,30.3799991607666,105539200.0
2021-02-19,PETR4,14.837132453918455,27.32999992370605,28.489999771118164,27.170000076293945,28.030000686645508,215834800.0
2021-02-22,PETR4,11.764386177062988,21.670000076293945,23.200000762939453,21.39999961853028,22.799999237060547,490230400.0
2021-02-23,PETR4,13.06188678741455,24.059999465942383,24.26000022888184,22.709999084472656,23.049999237060547,293503100.0
2021-02-24,PETR4,13.246471405029297,24.39999961853028,25.0,24.01000022888184,24.549999237060547,155246400.0
2021-02-25,PETR4,12.58957576751709,23.190000534057617,25.25,23.100000381469727,25.0,170233000.0
2021-02-26,PETR4,12.07383155822754,22.239999771118164,23.420000076293945,21.96999931335449,23.200000762939453,159881000.0
2021-03-01,PETR4,11.943537712097168,22.0,23.040000915527344,21.920000076293945,22.799999237060547,90330100.0
2021-03-02,PETR4,11.938109397888184,21.989999771118164,22.32999992370605,20.670000076293945,21.84000015258789,147772300.0
2021-03-03,PETR4,11.503799438476562,21.190000534057617,21.88999938964844,20.479999542236328,21.799999237060547,185688500.0
2021-03-04,PETR4,12.062973976135254,22.21999931335449,22.39999961853028,21.1200008392334,21.299999237060547,127843200.0
2021-03-05,PETR4,12.155264854431152,22.38999938964844,23.21999931335449,22.290000915527344,22.440000534057617,126306300.0
2021-03-08,PETR4,11.454938888549805,21.100000381469727,22.280000686645508,20.959999084472656,21.940000534057617,141142800.0
2021-03-09,PETR4,11.720954895019531,21.59000015258789,21.950000762939453,20.86000061035156,21.36000061035156,122648000.0
2021-03-10,PETR4,12.12812042236328,22.34000015258789,22.34000015258789,21.57999992370605,21.940000534057617,111744100.0
2021-03-11,PETR4,12.643863677978516,23.290000915527344,23.489999771118164,22.61000061035156,22.6200008392334,130577500.0
2021-03-12,PETR4,12.578718185424805,23.170000076293945,23.3799991607666,22.86000061035156,23.14999961853028,68123200.0
2021-03-15,PETR4,12.839303970336914,23.64999961853028,23.670000076293945,23.100000381469727,23.11000061035156,68295000.0
2021-03-16,PETR4,12.638434410095217,23.280000686645508,23.68000030517578,23.229999542236328,23.6299991607666,43407900.0
2021-03-17,PETR4,13.072744369506836,24.07999992370605,24.1299991607666,23.11000061035156,23.13999938964844,77966400.0
2021-03-18,PETR4,12.616719245910645,23.239999771118164,23.89999961853028,23.06999969482422,23.8799991607666,77198900.0
2021-03-19,PETR4,13.029314994812012,24.0,24.040000915527344,23.18000030517578,23.270000457763672,90244500.0
2021-03-22,PETR4,12.768728256225586,23.520000457763672,23.780000686645508,23.229999542236328,23.690000534057617,44129300.0
2021-03-23,PETR4,12.377849578857422,22.799999237060547,23.6299991607666,22.799999237060547,23.170000076293945,57124700.0
2021-03-24,PETR4,12.388705253601074,22.81999969482422,23.540000915527344,22.81999969482422,23.190000534057617,63338300.0
2021-03-25,PETR4,12.59500503540039,23.200000762939453,23.299999237060547,22.15999984741211,22.700000762939453,79214500.0
2021-03-26,PETR4,12.73615550994873,23.459999084472656,23.8799991607666,23.11000061035156,23.479999542236328,60918600.0
2021-03-29,PETR4,12.93702507019043,23.82999992370605,23.82999992370605,23.280000686645508,23.34000015258789,50099700.0
2021-03-30,PETR4,12.93702507019043,23.82999992370605,23.989999771118164,23.56999969482422,23.63999938964844,41959100.0
2021-03-31,PETR4,13.08360481262207,24.100000381469727,24.229999542236328,23.780000686645508,23.799999237060547,68609400.0
2021-04-01,PETR4,12.969597816467283,23.88999938964844,24.38999938964844,23.780000686645508,24.290000915527344,47232900.0
2021-04-05,PETR4,13.051031112670898,24.040000915527344,24.200000762939453,23.68000030517578,24.1299991607666,40454400.0
2021-04-06,PETR4,13.04017448425293,24.020000457763672,24.3700008392334,23.90999984741211,24.18000030517578,45934300.0
2021-04-07,PETR4,13.029314994812012,24.0,24.34000015258789,23.93000030517578,23.940000534057617,55892200.0
2021-04-08,PETR4,12.866448402404783,23.700000762939453,24.040000915527344,23.3700008392334,23.979999542236328,63231300.0
2021-04-09,PETR4,12.839303970336914,23.64999961853028,23.780000686645508,23.3700008392334,23.5,47494400.0
2021-04-12,PETR4,12.969597816467283,23.88999938964844,24.3700008392334,23.780000686645508,23.959999084472656,50592900.0
2021-04-13,PETR4,13.01302719116211,23.96999931335449,24.11000061035156,23.690000534057617,23.979999542236328,53612300.0
2021-04-14,PETR4,13.219324111938477,24.350000381469727,24.57999992370605,23.979999542236328,24.200000762939453,90836500.0
2021-04-15,PETR4,12.957170486450195,23.09000015258789,23.82999992370605,23.020000457763672,23.700000762939453,64193600.0
2021-04-16,PETR4,12.878609657287598,22.950000762939453,23.239999771118164,22.809999465942383,23.1299991607666,59567300.0
2021-04-19,PETR4,13.624950408935549,24.280000686645508,24.88999938964844,22.770000457763672,22.950000762939453,196519100.0
2021-04-20,PETR4,13.36681842803955,23.81999969482422,24.59000015258789,23.76000022888184,24.32999992370605,94965400.0
2021-04-22,PETR4,13.305089950561523,23.709999084472656,24.190000534057617,23.64999961853028,24.13999938964844,46600100.0
2021-04-23,PETR4,13.293868064880373,23.690000534057617,23.940000534057617,23.51000022888184,23.8799991607666,60341000.0
2021-04-26,PETR4,13.344371795654297,23.780000686645508,24.049999237060547,23.61000061035156,23.850000381469727,33281000.0
2021-04-27,PETR4,12.96278190612793,23.100000381469727,24.170000076293945,23.100000381469727,23.81999969482422,76684900.0
2021-04-28,PETR4,13.43415641784668,23.940000534057617,24.09000015258789,23.36000061035156,23.39999961853028,66374200.0
2021-04-29,PETR4,13.254586219787598,23.6200008392334,24.290000915527344,23.420000076293945,24.1200008392334,49775900.0
2021-04-30,PETR4,13.254586219787598,23.6200008392334,23.93000030517578,23.280000686645508,23.39999961853028,61039200.0
2021-05-03,PETR4,13.147966384887695,23.43000030517578,23.809999465942383,23.299999237060547,23.799999237060547,49039900.0
2021-05-04,PETR4,12.84493923187256,22.88999938964844,23.63999938964844,22.8799991607666,23.540000915527344,44765000.0
2021-05-05,PETR4,13.372429847717283,23.82999992370605,23.950000762939453,23.1200008392334,23.170000076293945,75611900.0
2021-05-06,PETR4,13.187247276306152,23.5,23.850000381469727,23.39999961853028,23.709999084472656,54091600.0
2021-05-07,PETR4,13.681066513061523,24.3799991607666,24.450000762939453,23.459999084472656,23.63999938964844,74118200.0
2021-05-10,PETR4,13.860638618469238,24.700000762939453,24.979999542236328,24.57999992370605,24.799999237060547,73804500.0
2021-05-11,PETR4,14.1131591796875,25.14999961853028,25.170000076293945,24.31999969482422,24.440000534057617,73729900.0
2021-05-12,PETR4,13.90553092956543,24.780000686645508,25.530000686645508,24.690000534057617,24.950000762939453,89980700.0
2021-05-13,PETR4,14.0233736038208,24.989999771118164,25.100000381469727,24.43000030517578,24.76000022888184,77282100.0
2021-05-14,PETR4,14.758493423461914,26.299999237060547,26.3799991607666,25.549999237060547,25.799999237060547,196135500.0
2021-05-17,PETR4,14.960511207580566,26.65999984741211,26.65999984741211,26.200000762939453,26.299999237060547,83512600.0
2021-05-18,PETR4,14.786551475524902,26.350000381469727,26.799999237060547,26.270000457763672,26.700000762939453,63510600.0
2021-05-19,PETR4,14.67431926727295,26.14999961853028,26.350000381469727,25.799999237060547,25.850000381469727,84700500.0
2021-05-20,PETR4,14.550864219665527,25.93000030517578,26.280000686645508,25.71999931335449,26.14999961853028,71371100.0
2021-05-21,PETR4,14.562088012695312,25.950000762939453,26.309999465942383,25.940000534057617,26.07999992370605,82884500.0
2021-05-24,PETR4,14.80899715423584,26.38999938964844,26.520000457763672,25.989999771118164,26.280000686645508,63029600.0
2021-05-25,PETR4,14.500359535217283,25.84000015258789,26.6200008392334,25.780000686645508,26.479999542236328,63672000.0
2021-05-26,PETR4,14.64064884185791,26.09000015258789,26.18000030517578,25.64999961853028,25.90999984741211,46646900.0
2021-05-27,PETR4,14.539640426635742,25.90999984741211,26.25,25.770000457763672,26.07999992370605,48877800.0
2021-05-28,PETR4,15.145692825317385,26.989999771118164,27.020000457763672,26.14999961853028,26.200000762939453,129526400.0
2021-05-31,PETR4,15.078353881835938,26.8700008392334,27.200000762939453,26.780000686645508,26.959999084472656,46298900.0
2021-06-01,PETR4,15.314040184020996,27.290000915527344,27.700000762939453,27.01000022888184,27.39999961853028,90744900.0
2021-06-02,PETR4,15.639512062072754,27.8700008392334,28.06999969482422,27.26000022888184,27.350000381469727,103985100.0
2021-06-04,PETR4,15.9930419921875,28.5,28.6200008392334,27.920000076293945,28.059999465942383,102757300.0
2021-06-07,PETR4,15.875200271606444,28.290000915527344,28.549999237060547,28.01000022888184,28.5,74548900.0
2021-06-08,PETR4,16.082828521728516,28.65999984741211,28.799999237060547,27.959999084472656,28.170000076293945,88398600.0
2021-06-09,PETR4,16.082828521728516,28.65999984741211,29.07999992370605,28.520000457763672,28.71999931335449,60724200.0
2021-06-10,PETR4,16.094053268432617,28.68000030517578,29.030000686645508,28.56999969482422,28.82999992370605,35871000.0
2021-06-11,PETR4,16.032325744628906,28.56999969482422,28.850000381469727,28.26000022888184,28.799999237060547,54894400.0
2021-06-14,PETR4,16.133333206176758,28.75,29.350000381469727,28.61000061035156,28.89999961853028,64286600.0
2021-06-15,PETR4,16.29045867919922,29.030000686645508,29.059999465942383,28.6299991607666,28.959999084472656,42597100.0
2021-06-16,PETR4,16.35218620300293,29.13999938964844,29.290000915527344,28.770000457763672,29.07999992370605,77432900.0
2021-06-17,PETR4,15.78541374206543,28.1299991607666,29.200000762939453,27.90999984741211,29.01000022888184,95264600.0
2021-06-18,PETR4,15.892035484313965,28.31999969482422,28.420000076293945,27.63999938964844,28.0,115250700.0
2021-06-21,PETR4,16.24556541442871,28.950000762939453,29.0,28.39999961853028,28.39999961853028,50709600.0
2021-06-22,PETR4,16.329740524291992,29.100000381469727,29.270000457763672,28.670000076293945,29.0,41602700.0
2021-06-23,PETR4,16.441970825195312,29.299999237060547,29.520000457763672,29.0,29.25,57278500.0
2021-06-24,PETR4,16.638376235961914,29.64999961853028,29.64999961853028,29.21999931335449,29.489999771118164,51447000.0
2021-06-25,PETR4,16.329740524291992,29.100000381469727,29.790000915527344,28.950000762939453,29.690000534057617,84950900.0
2021-06-28,PETR4,16.301679611206055,29.049999237060547,29.270000457763672,28.670000076293945,29.18000030517578,40341200.0
2021-06-29,PETR4,16.374631881713867,29.18000030517578,29.18000030517578,28.739999771118164,29.09000015258789,43215200.0
2021-06-30,PETR4,16.514921188354492,29.43000030517578,29.56999969482422,28.920000076293945,29.030000686645508,71367600.0
2021-07-01,PETR4,16.307292938232422,29.059999465942383,29.8799991607666,28.920000076293945,29.739999771118164,65084000.0
2021-07-02,PETR4,16.374631881713867,29.18000030517578,29.3799991607666,28.729999542236328,29.299999237060547,37336700.0
2021-07-05,PETR4,16.189449310302734,28.850000381469727,29.15999984741211,28.3700008392334,29.01000022888184,56028600.0
2021-07-06,PETR4,15.527281761169434,27.670000076293945,28.799999237060547,27.670000076293945,28.700000762939453,97839700.0
2021-07-07,PETR4,15.740520477294922,28.049999237060547,28.14999961853028,27.40999984741211,28.14999961853028,73793500.0
2021-07-08,PETR4,15.42627239227295,27.489999771118164,27.68000030517578,27.270000457763672,27.39999961853028,80574200.0
2021-07-12,PETR4,15.56095027923584,27.729999542236328,27.780000686645508,27.280000686645508,27.57999992370605,53001200.0
2021-07-13,PETR4,15.65634822845459,27.89999961853028,27.96999931335449,27.3799991607666,27.559999465942383,41594300.0
2021-07-14,PETR4,15.527281761169434,27.670000076293945,28.200000762939453,27.540000915527344,28.100000381469727,51654600.0
2021-07-15,PETR4,15.19619846343994,27.07999992370605,27.6299991607666,26.920000076293945,27.489999771118164,67982600.0
2021-07-16,PETR4,14.971734046936035,26.68000030517578,27.3799991607666,26.57999992370605,27.229999542236328,69024100.0
2021-07-19,PETR4,14.724822998046877,26.239999771118164,26.450000762939453,25.86000061035156,25.96999931335449,80087700.0
2021-07-20,PETR4,14.921229362487791,26.59000015258789,26.940000534057617,25.90999984741211,26.190000534057617,63408800.0
2021-07-21,PETR4,15.128857612609863,26.959999084472656,27.239999771118164,26.59000015258789,26.790000915527344,51116600.0
2021-07-22,PETR4,15.095187187194824,26.89999961853028,27.21999931335449,26.709999084472656,27.0,37736500.0
2021-07-23,PETR4,15.00540256500244,26.739999771118164,27.170000076293945,26.68000030517578,27.100000381469727,34025500.0
2021-07-26,PETR4,15.415047645568848,27.46999931335449,27.46999931335449,26.71999931335449,26.739999771118164,46802600.0
2021-07-27,PETR4,15.235478401184082,27.14999961853028,27.39999961853028,26.89999961853028,27.350000381469727,51901800.0
2021-07-28,PETR4,15.549727439880373,27.709999084472656,27.89999961853028,27.200000762939453,27.43000030517578,46727100.0
2021-07-29,PETR4,15.605844497680664,27.809999465942383,27.920000076293945,27.5,27.799999237060547,43916600.0
2021-07-30,PETR4,15.100799560546877,26.90999984741211,27.82999992370605,26.82999992370605,27.600000381469727,74150400.0
2021-08-02,PETR4,14.820219993591309,26.40999984741211,27.40999984741211,26.3700008392334,27.200000762939453,70528800.0
2021-08-03,PETR4,15.067131042480469,26.850000381469727,26.8700008392334,25.790000915527344,26.36000061035156,71850400.0
2021-08-04,PETR4,14.747270584106444,26.280000686645508,26.770000457763672,25.950000762939453,26.549999237060547,87970600.0
2021-08-05,PETR4,15.908869743347168,28.350000381469727,28.979999542236328,28.059999465942383,28.75,223915900.0
2021-08-06,PETR4,15.931314468383787,28.38999938964844,28.540000915527344,28.020000457763672,28.5,51106100.0
2021-08-09,PETR4,15.819084167480469,28.190000534057617,28.209999084472656,27.670000076293945,27.950000762939453,75381900.0
2021-08-10,PETR4,15.869589805603027,28.280000686645508,28.780000686645508,28.239999771118164,28.299999237060547,84380900.0
2021-08-11,PETR4,16.08843994140625,28.670000076293945,28.989999771118164,27.96999931335449,28.15999984741211,97863500.0
2021-08-12,PETR4,16.329740524291992,29.100000381469727,29.190000534057617,28.5,28.65999984741211,95319300.0
2021-08-13,PETR4,16.470029830932617,29.350000381469727,29.61000061035156,29.020000457763672,29.059999465942383,85201800.0
2021-08-16,PETR4,16.071605682373047,28.63999938964844,29.239999771118164,28.239999771118164,29.200000762939453,101262100.0
2021-08-17,PETR4,16.07155418395996,27.030000686645508,27.6299991607666,26.450000762939453,26.84000015258789,93623700.0
2021-08-18,PETR4,15.928853034973145,26.790000915527344,27.309999465942383,26.64999961853028,27.030000686645508,86103100.0
2021-08-19,PETR4,15.839665412902832,26.63999938964844,26.8700008392334,26.1299991607666,26.26000022888184,80808200.0
2021-08-20,PETR4,15.81588363647461,26.600000381469727,26.6299991607666,26.170000076293945,26.39999961853028,88445600.0
2021-08-23,PETR4,16.06560707092285,27.020000457763672,27.309999465942383,26.770000457763672,26.940000534057617,70161500.0
2021-08-24,PETR4,16.39857292175293,27.57999992370605,27.6299991607666,27.239999771118164,27.290000915527344,49831400.0
2021-08-25,PETR4,16.487760543823242,27.729999542236328,27.82999992370605,27.3799991607666,27.6299991607666,46031200.0
2021-08-26,PETR4,16.345062255859375,27.489999771118164,27.8799991607666,27.46999931335449,27.57999992370605,41061300.0
2021-08-27,PETR4,16.93964195251465,28.489999771118164,28.489999771118164,27.670000076293945,27.700000762939453,76465300.0
2021-08-30,PETR4,16.826669692993164,28.299999237060547,28.709999084472656,28.26000022888184,28.39999961853028,61054000.0
2021-08-31,PETR4,16.166685104370117,27.190000534057617,28.229999542236328,26.989999771118164,28.200000762939453,110574300.0
2021-09-01,PETR4,16.077499389648438,27.040000915527344,27.34000015258789,26.32999992370605,27.31999969482422,69430400.0
2021-09-02,PETR4,15.81588363647461,26.600000381469727,27.350000381469727,26.459999084472656,27.0,56052000.0
2021-09-03,PETR4,15.655345916748049,26.32999992370605,26.780000686645508,26.100000381469727,26.64999961853028,58182700.0
2021-09-06,PETR4,15.732638359069824,26.459999084472656,26.709999084472656,26.14999961853028,26.209999084472656,26770700.0
2021-09-08,PETR4,14.846713066101074,24.96999931335449,26.350000381469727,24.790000915527344,26.290000915527344,80378400.0
2021-09-09,PETR4,15.16184139251709,25.5,25.8799991607666,24.13999938964844,25.07999992370605,156617100.0
2021-09-10,PETR4,15.066709518432615,25.34000015258789,26.13999938964844,25.32999992370605,26.020000457763672,78379900.0
2021-09-13,PETR4,15.595887184143066,26.229999542236328,26.38999938964844,25.63999938964844,25.799999237060547,63317900.0
2021-09-14,PETR4,15.387782096862791,25.8799991607666,26.25,25.71999931335449,25.950000762939453,65497300.0
2021-09-15,PETR4,15.655345916748049,26.32999992370605,26.459999084472656,25.8700008392334,26.0,67274100.0
2021-09-16,PETR4,15.51859188079834,26.100000381469727,26.239999771118164,25.51000022888184,26.07999992370605,65567700.0
2021-09-17,PETR4,14.822931289672852,24.93000030517578,26.020000457763672,24.770000457763672,25.96999931335449,131694100.0
2021-09-20,PETR4,14.656447410583496,24.64999961853028,24.64999961853028,23.790000915527344,24.07999992370605,80260600.0
2021-09-21,PETR4,14.989413261413574,25.209999084472656,25.290000915527344,24.530000686645508,25.07999992370605,64570200.0
2021-09-22,PETR4,15.369945526123049,25.850000381469727,26.21999931335449,25.520000457763672,25.530000686645508,70231800.0
2021-09-23,PETR4,15.95858097076416,26.84000015258789,26.950000762939453,25.90999984741211,25.950000762939453,84480600.0
2021-09-24,PETR4,15.994256019592283,26.89999961853028,27.059999465942383,26.46999931335449,26.549999237060547,44821500.0
2021-09-27,PETR4,16.1369571685791,27.13999938964844,27.459999084472656,26.5,27.13999938964844,89178700.0
2021-09-28,PETR4,16.029930114746094,26.959999084472656,27.88999938964844,26.71999931335449,27.190000534057617,117874300.0
2021-09-29,PETR4,16.285600662231445,27.38999938964844,27.530000686645508,26.81999969482422,27.209999084472656,58731700.0
2021-09-30,PETR4,16.19046974182129,27.229999542236328,27.57999992370605,27.170000076293945,27.530000686645508,65744000.0
2021-10-01,PETR4,16.648296356201172,28.0,28.0,27.06999969482422,27.1200008392334,60983200.0
2021-10-04,PETR4,17.118017196655273,28.790000915527344,28.809999465942383,27.71999931335449,27.76000022888184,106937000.0
2021-10-05,PETR4,17.492605209350586,29.420000076293945,29.46999931335449,28.89999961853028,29.0,100469100.0
2021-10-06,PETR4,17.02882957458496,28.63999938964844,29.170000076293945,28.46999931335449,28.950000762939453,84599400.0
2021-10-07,PETR4,17.005048751831055,28.600000381469727,28.979999542236328,28.25,28.700000762939453,60551100.0
2021-10-08,PETR4,17.314228057861328,29.1200008392334,29.61000061035156,28.709999084472656,29.0,84170500.0
2021-10-11,PETR4,17.433143615722656,29.31999969482422,29.850000381469727,29.14999961853028,29.5,76466700.0
2021-10-13,PETR4,17.61746597290039,29.6299991607666,29.700000762939453,29.07999992370605,29.170000076293945,55605400.0
2021-10-14,PETR4,17.64719581604004,29.68000030517578,30.21999931335449,29.5,29.86000061035156,76172700.0
2021-10-15,PETR4,17.599628448486328,29.600000381469727,29.84000015258789,29.51000022888184,29.799999237060547,72479900.0
2021-10-18,PETR4,17.51044273376465,29.450000762939453,29.63999938964844,28.989999771118164,29.39999961853028,68971300.0
2021-10-19,PETR4,16.65424156188965,28.01000022888184,29.31999969482422,27.86000061035156,29.239999771118164,111484000.0
2021-10-20,PETR4,16.945587158203125,28.5,28.799999237060547,27.950000762939453,28.270000457763672,56063300.0
2021-10-21,PETR4,16.321277618408203,27.450000762939453,28.18000030517578,26.920000076293945,27.86000061035156,101567700.0
2021-10-22,PETR4,16.16073989868164,27.18000030517578,27.76000022888184,25.770000457763672,27.100000381469727,138384700.0
2021-10-25,PETR4,17.26666259765625,29.040000915527344,29.309999465942383,27.64999961853028,27.76000022888184,135830600.0
2021-10-26,PETR4,17.10017967224121,28.76000022888184,29.229999542236328,28.600000381469727,28.799999237060547,57865600.0
2021-10-27,PETR4,17.05855941772461,28.690000534057617,29.059999465942383,28.46999931335449,28.82999992370605,57579200.0
2021-10-28,PETR4,17.21909523010254,28.959999084472656,29.25,28.25,28.530000686645508,89578000.0
2021-10-29,PETR4,16.142902374267578,27.14999961853028,29.190000534057617,26.96999931335449,29.1299991607666,157340000.0
2021-11-01,PETR4,16.648296356201172,28.0,28.31999969482422,27.3700008392334,27.709999084472656,102157200.0
2021-11-03,PETR4,15.964527130126951,26.850000381469727,27.850000381469727,26.799999237060547,27.709999084472656,83475800.0
2021-11-04,PETR4,15.459131240844728,26.0,27.239999771118164,25.850000381469727,27.020000457763672,92603400.0
2021-11-05,PETR4,15.369945526123049,25.850000381469727,26.540000915527344,25.780000686645508,26.290000915527344,86264000.0
2021-11-08,PETR4,15.530484199523926,26.1200008392334,26.65999984741211,25.71999931335449,25.809999465942383,59704100.0
2021-11-09,PETR4,15.839665412902832,26.63999938964844,26.950000762939453,26.200000762939453,26.200000762939453,73021700.0
2021-11-10,PETR4,15.714803695678713,26.43000030517578,26.93000030517578,26.15999984741211,26.600000381469727,68176300.0
2021-11-11,PETR4,15.726696014404297,26.450000762939453,26.8799991607666,26.239999771118164,26.8799991607666,60848900.0
2021-11-12,PETR4,16.047767639160156,26.989999771118164,27.15999984741211,26.0,26.309999465942383,85962500.0
2021-11-16,PETR4,16.214252471923828,27.270000457763672,27.559999465942383,26.6299991607666,27.26000022888184,60978200.0
2021-11-17,PETR4,15.80398941040039,26.57999992370605,27.440000534057617,26.489999771118164,27.38999938964844,82106800.0
2021-11-18,PETR4,15.780208587646484,26.540000915527344,26.75,26.049999237060547,26.690000534057617,63993000.0
2021-11-19,PETR4,15.51859188079834,26.100000381469727,26.280000686645508,25.780000686645508,26.100000381469727,85893800.0
2021-11-22,PETR4,15.67318344116211,26.36000061035156,27.1299991607666,26.290000915527344,26.299999237060547,59195200.0
2021-11-23,PETR4,16.529380798339844,27.799999237060547,28.049999237060547,26.5,26.61000061035156,108382300.0
2021-11-24,PETR4,16.8682918548584,28.3700008392334,28.440000534057617,27.51000022888184,27.780000686645508,64263300.0
2021-11-25,PETR4,17.611520767211914,29.6200008392334,29.790000915527344,28.559999465942383,29.049999237060547,104052200.0
2021-11-26,PETR4,16.927749633789062,28.46999931335449,29.15999984741211,28.06999969482422,28.38999938964844,108871800.0
2021-11-29,PETR4,17.52233123779297,29.46999931335449,29.81999969482422,28.809999465942383,29.36000061035156,84672200.0
2021-11-30,PETR4,17.49854850769043,29.43000030517578,29.63999938964844,28.86000061035156,29.299999237060547,129384600.0
2021-12-01,PETR4,17.599628448486328,29.600000381469727,30.670000076293945,29.479999542236328,29.84000015258789,135078600.0
2021-12-02,PETR4,18.942493438720703,28.36000061035156,28.489999771118164,26.200000762939453,26.989999771118164,191410300.0
2021-12-03,PETR4,19.20966529846192,28.76000022888184,28.940000534057617,28.21999931335449,28.479999542236328,105133000.0
2021-12-06,PETR4,19.29649543762207,28.88999938964844,29.270000457763672,28.68000030517578,28.780000686645508,66142300.0
2021-12-07,PETR4,19.610424041748047,29.36000061035156,29.56999969482422,28.799999237060547,29.280000686645508,98989300.0
2021-12-08,PETR4,19.603744506835938,29.350000381469727,30.06999969482422,29.21999931335449,29.36000061035156,71167700.0
2021-12-09,PETR4,19.56366920471192,29.290000915527344,29.489999771118164,28.790000915527344,29.100000381469727,67668200.0
2021-12-10,PETR4,19.804122924804688,29.64999961853028,30.100000381469727,29.479999542236328,29.5,38517500.0
2021-12-13,PETR4,19.68389320373535,29.46999931335449,30.049999237060547,29.290000915527344,29.670000076293945,45448700.0
2021-12-14,PETR4,19.450119018554688,29.1200008392334,29.850000381469727,29.01000022888184,29.61000061035156,56833800.0
2021-12-15,PETR4,19.57034683227539,29.299999237060547,29.299999237060547,28.59000015258789,29.100000381469727,55085100.0
2021-12-16,PETR4,19.83083915710449,29.690000534057617,29.979999542236328,29.5,29.6200008392334,56545700.0
2021-12-17,PETR4,19.36328887939453,28.989999771118164,29.63999938964844,28.780000686645508,29.31999969482422,93593700.0
2021-12-20,PETR4,18.80890464782715,28.15999984741211,28.549999237060547,27.68000030517578,28.440000534057617,106282500.0
2021-12-21,PETR4,18.83562469482422,28.200000762939453,28.71999931335449,28.1200008392334,28.549999237060547,40454500.0
2021-12-22,PETR4,18.80890464782715,28.15999984741211,28.39999961853028,27.96999931335449,28.39999961853028,33734500.0
2021-12-23,PETR4,18.92245483398437,28.32999992370605,28.420000076293945,28.14999961853028,28.32999992370605,28713600.0
2021-12-27,PETR4,19.202985763549805,28.75,28.780000686645508,28.14999961853028,28.31999969482422,44227900.0
2021-12-28,PETR4,19.223024368286133,28.780000686645508,29.280000686645508,28.700000762939453,29.01000022888184,30688100.0
2021-12-29,PETR4,19.062719345092773,28.540000915527344,28.89999961853028,28.420000076293945,28.700000762939453,35508400.0
2021-12-30,PETR4,19.00260734558105,28.450000762939453,28.700000762939453,28.38999938964844,28.549999237060547,43229100.0
2022-01-03,PETR4,19.430082321166992,29.09000015258789,29.21999931335449,28.530000686645508,28.540000915527344,52704700.0
2022-01-04,PETR4,19.50355529785156,29.200000762939453,29.39999961853028,28.90999984741211,29.15999984741211,51739200.0
2022-01-05,PETR4,18.74879264831543,28.06999969482422,29.270000457763672,27.940000534057617,29.190000534057617,78459800.0
2022-01-06,PETR4,18.73543357849121,28.049999237060547,28.64999961853028,27.84000015258789,28.290000915527344,61163100.0
2022-01-07,PETR4,18.822265625,28.18000030517578,28.290000915527344,27.81999969482422,28.11000061035156,47507600.0
2022-01-10,PETR4,18.708715438842773,28.01000022888184,28.239999771118164,27.71999931335449,27.989999771118164,37455200.0
2022-01-11,PETR4,19.26309967041016,28.84000015258789,29.06999969482422,27.850000381469727,28.100000381469727,73623800.0
2022-01-12,PETR4,19.85087776184082,29.71999931335449,29.90999984741211,28.950000762939453,28.950000762939453,81378200.0
2022-01-13,PETR4,20.25163459777832,30.31999969482422,30.6299991607666,29.5,29.530000686645508,76717500.0
2022-01-14,PETR4,21.00639533996582,31.450000762939453,31.600000381469727,30.239999771118164,30.280000686645508,96458800.0
2022-01-17,PETR4,21.039793014526367,31.5,31.809999465942383,31.25,31.39999961853028,35675900.0
2022-01-18,PETR4,21.13330268859864,31.63999938964844,31.979999542236328,30.96999931335449,31.559999465942383,78198800.0
2022-01-19,PETR4,21.03311347961425,31.489999771118164,32.209999084472656,31.440000534057617,31.89999961853028,77480200.0
2022-01-20,PETR4,21.186737060546875,31.71999931335449,32.0,31.11000061035156,31.5,85353100.0
2022-01-21,PETR4,21.22013282775879,31.770000457763672,31.8799991607666,31.530000686645508,31.56999969482422,61345400.0
2022-01-24,PETR4,21.340362548828125,31.950000762939453,32.25,31.040000915527344,31.690000534057617,79117100.0
2022-01-25,PETR4,22.03500938415528,32.9900016784668,33.22999954223633,31.57999992370605,31.700000762939453,98358500.0
2022-01-26,PETR4,22.622785568237305,33.869998931884766,34.27000045776367,33.29999923706055,33.29999923706055,98679900.0
2022-01-27,PETR4,22.62946510314941,33.880001068115234,34.63999938964844,33.16999816894531,34.25,90631000.0
2022-01-28,PETR4,21.73443984985352,32.540000915527344,34.349998474121094,32.220001220703125,33.79999923706055,117400500.0
2022-01-31,PETR4,21.607532501220703,32.349998474121094,33.0,32.06999969482422,32.5,62450300.0
2022-02-01,PETR4,22.04168701171875,33.0,33.31999969482422,31.950000762939453,32.349998474121094,57315200.0
2022-02-02,PETR4,21.72108268737793,32.52000045776367,33.4900016784668,32.36000061035156,33.40999984741211,36271700.0
2022-02-03,PETR4,21.42051124572754,32.06999969482422,32.91999816894531,31.6200008392334,32.349998474121094,51087800.0
2022-02-04,PETR4,21.794553756713867,32.630001068115234,33.22999954223633,31.8799991607666,32.40999984741211,59346800.0
2022-02-07,PETR4,21.473949432373047,32.150001525878906,32.779998779296875,32.130001068115234,32.54999923706055,48868100.0
2022-02-08,PETR4,21.260210037231445,31.82999992370605,31.950000762939453,31.26000022888184,31.89999961853028,62590000.0
2022-02-09,PETR4,21.340362548828125,31.950000762939453,32.689998626708984,31.64999961853028,31.739999771118164,50960500.0
2022-02-10,PETR4,21.667644500732425,32.439998626708984,32.900001525878906,31.940000534057617,32.29999923706055,49534600.0
2022-02-11,PETR4,22.54931259155273,33.7599983215332,33.90999984741211,32.630001068115234,32.77000045776367,88013400.0
2022-02-14,PETR4,22.04168701171875,33.0,33.939998626708984,32.81999969482422,33.86000061035156,55687000.0
2022-02-15,PETR4,21.69436264038086,32.47999954223633,32.68000030517578,31.88999938964844,32.65999984741211,65689000.0
2022-02-16,PETR4,21.994932174682617,32.93000030517578,33.70000076293945,32.77000045776367,32.83000183105469,65811600.0
2022-02-17,PETR4,21.908100128173828,32.79999923706055,33.290000915527344,32.54999923706055,32.849998474121094,43255200.0
2022-02-18,PETR4,22.04168701171875,33.0,33.09000015258789,32.27000045776367,32.56999969482422,60304700.0
2022-02-21,PETR4,22.60942840576172,33.849998474121094,34.0,33.0,33.04999923706055,51263800.0
2022-02-22,PETR4,22.53595733642578,33.7400016784668,34.68000030517578,33.209999084472656,34.220001220703125,80206700.0
2022-02-23,PETR4,22.856563568115234,34.220001220703125,34.599998474121094,33.79999923706055,34.18000030517578,86530100.0
2022-02-24,PETR4,22.302181243896484,33.38999938964844,35.290000915527344,32.68000030517578,34.79999923706055,139674100.0
2022-02-25,PETR4,22.709617614746094,34.0,34.0,32.900001525878906,33.45000076293945,86189100.0
2022-03-02,PETR4,23.157129287719727,34.66999816894531,35.290000915527344,34.38999938964844,35.2599983215332,58071800.0
2022-03-03,PETR4,22.869922637939453,34.2400016784668,34.93000030517578,34.15999984741211,34.81999969482422,69237400.0
2022-03-04,PETR4,22.86324119567871,34.22999954223633,34.68000030517578,33.81999969482422,34.08000183105469,55418000.0
2022-03-07,PETR4,21.24017143249512,31.799999237060547,34.599998474121094,31.6299991607666,34.5,110954100.0
2022-03-08,PETR4,21.68100547790528,32.459999084472656,32.970001220703125,31.51000022888184,32.0,111633500.0
2022-03-09,PETR4,21.74779891967773,32.560001373291016,32.81999969482422,31.739999771118164,32.599998474121094,87779300.0
2022-03-10,PETR4,22.509239196777344,33.70000076293945,34.599998474121094,32.52000045776367,32.599998474121094,136437700.0
2022-03-11,PETR4,21.701045989990234,32.4900016784668,34.380001068115234,32.06999969482422,33.90999984741211,92153700.0
2022-03-14,PETR4,21.28692626953125,31.8700008392334,32.88999938964844,31.520000457763672,32.43000030517578,52274100.0
2022-03-15,PETR4,20.77262115478516,31.100000381469727,31.540000915527344,30.46999931335449,31.13999938964844,66272000.0
2022-03-16,PETR4,20.5922794342041,30.82999992370605,31.540000915527344,30.3700008392334,31.5,72034900.0
2022-03-17,PETR4,20.04457664489746,30.01000022888184,31.39999961853028,29.5,31.25,178319300.0
2022-03-18,PETR4,20.4453353881836,30.61000061035156,30.81999969482422,29.86000061035156,30.09000015258789,93097100.0
2022-03-21,PETR4,21.213455200195312,31.76000022888184,32.09000015258789,30.63999938964844,30.90999984741211,67700800.0
2022-03-22,PETR4,21.119945526123047,31.6200008392334,32.099998474121094,31.350000381469727,31.989999771118164,56128600.0
2022-03-23,PETR4,21.40715408325196,32.04999923706055,32.470001220703125,31.690000534057617,31.93000030517578,52956100.0
2022-03-24,PETR4,21.65428733825684,32.41999816894531,32.599998474121094,31.670000076293945,32.04999923706055,49402800.0
2022-03-25,PETR4,21.57413673400879,32.29999923706055,32.54999923706055,31.920000076293945,32.150001525878906,51780100.0
2022-03-28,PETR4,21.106584548950195,31.600000381469727,32.08000183105469,30.979999542236328,32.060001373291016,68610500.0
2022-03-29,PETR4,21.57413673400879,32.29999923706055,32.7599983215332,31.920000076293945,32.130001068115234,93809000.0
2022-03-30,PETR4,22.03500938415528,32.9900016784668,32.9900016784668,32.380001068115234,32.5,69648400.0
2022-03-31,PETR4,22.342256546020508,33.45000076293945,33.56999969482422,32.5,32.56999969482422,94269500.0
2022-04-01,PETR4,22.04836654663086,33.0099983215332,33.790000915527344,32.90999984741211,33.54999923706055,72545400.0
2022-04-04,PETR4,21.84130859375,32.70000076293945,32.900001525878906,32.25,32.900001525878906,56053000.0
2022-04-05,PETR4,21.634248733520508,32.38999938964844,33.060001373291016,32.38999938964844,32.65999984741211,45847200.0
2022-04-06,PETR4,21.614213943481445,32.36000061035156,32.779998779296875,32.040000915527344,32.599998474121094,56947100.0
2022-04-07,PETR4,22.73633575439453,34.040000915527344,34.060001373291016,32.5,32.63999938964844,118469400.0
2022-04-08,PETR4,22.849884033203125,34.209999084472656,34.40999984741211,33.849998474121094,34.06999969482422,60772700.0
2022-04-11,PETR4,22.67622184753418,33.95000076293945,34.099998474121094,33.779998779296875,33.900001525878906,48125400.0
2022-04-12,PETR4,22.60942840576172,33.849998474121094,34.68000030517578,33.79999923706055,34.400001525878906,68522800.0
2022-04-13,PETR4,23.090335845947266,34.56999969482422,34.79999923706055,34.099998474121094,34.369998931884766,101438800.0
2022-04-14,PETR4,22.849384307861328,31.270000457763672,32.06999969482422,31.15999984741211,31.600000381469727,119382100.0
2022-04-18,PETR4,22.447492599487305,30.71999931335449,31.38999938964844,30.46999931335449,31.15999984741211,76350600.0
2022-04-19,PETR4,23.12705612182617,31.64999961853028,32.0,31.1200008392334,31.15999984741211,88494100.0
2022-04-20,PETR4,23.236661911010746,31.799999237060547,31.950000762939453,31.32999992370605,31.64999961853028,34694700.0
2022-04-22,PETR4,22.33057975769043,30.559999465942383,31.299999237060547,30.31999969482422,31.049999237060547,74560900.0
2022-04-25,PETR4,22.001758575439453,30.11000061035156,30.440000534057617,29.540000915527344,29.96999931335449,66413900.0
2022-04-26,PETR4,21.96522331237793,30.059999465942383,30.57999992370605,29.88999938964844,30.11000061035156,48764100.0
2022-04-27,PETR4,21.96522331237793,30.059999465942383,30.559999465942383,29.950000762939453,30.3700008392334,41881300.0
2022-04-28,PETR4,22.111364364624023,30.26000022888184,30.6200008392334,30.25,30.450000762939453,43298500.0
2022-04-29,PETR4,22.125980377197266,30.280000686645508,31.59000015258789,30.280000686645508,30.75,76243900.0
2022-05-02,PETR4,21.90676498413086,29.979999542236328,30.32999992370605,29.32999992370605,30.170000076293945,72456200.0
2022-05-03,PETR4,22.10405731201172,30.25,30.38999938964844,29.81999969482422,30.1200008392334,52531000.0
2022-05-04,PETR4,23.4339542388916,32.06999969482422,32.16999816894531,30.39999961853028,30.600000381469727,109417000.0
2022-05-05,PETR4,23.390111923217773,32.0099983215332,32.5,31.020000457763672,31.809999465942383,99439900.0
2022-05-06,PETR4,24.15736198425293,33.060001373291016,33.119998931884766,31.89999961853028,32.689998626708984,129570200.0
2022-05-09,PETR4,23.499717712402344,32.15999984741211,33.040000915527344,32.060001373291016,32.70000076293945,92314500.0
2022-05-10,PETR4,23.704317092895508,32.439998626708984,32.849998474121094,32.20000076293945,32.36000061035156,60330600.0
2022-05-11,PETR4,24.5300235748291,33.56999969482422,33.90999984741211,32.689998626708984,32.779998779296875,108895400.0
2022-05-12,PETR4,24.720008850097656,33.83000183105469,34.08000183105469,33.2599983215332,33.2599983215332,114415900.0
2022-05-13,PETR4,25.041522979736328,34.27000045776367,34.439998626708984,33.900001525878906,34.099998474121094,67000100.0
2022-05-16,PETR4,25.28996467590332,34.61000061035156,34.880001068115234,34.0099983215332,34.25,92075300.0
2022-05-17,PETR4,24.961143493652344,34.15999984741211,35.13999938964844,34.13999938964844,35.0,90914700.0
2022-05-18,PETR4,24.551944732666016,33.599998474121094,34.560001373291016,33.43000030517578,34.18000030517578,80986200.0
2022-05-19,PETR4,24.96845054626465,34.16999816894531,34.290000915527344,33.33000183105469,33.52000045776367,63983100.0
2022-05-20,PETR4,25.45072364807129,34.83000183105469,34.83000183105469,34.25,34.59000015258789,79589900.0
2022-05-23,PETR4,26.451799392700195,36.20000076293945,36.310001373291016,35.150001525878906,35.18000030517578,93807400.0
2022-05-24,PETR4,25.731550216674805,31.600000381469727,32.09000015258789,30.709999084472656,31.200000762939453,154453100.0
2022-05-25,PETR4,26.09798049926757,32.04999923706055,32.279998779296875,31.26000022888184,31.700000762939453,69991900.0
2022-05-26,PETR4,26.163124084472656,32.130001068115234,32.560001373291016,31.950000762939453,32.02000045776367,78303600.0
2022-05-27,PETR4,24.917261123657227,30.600000381469727,32.150001525878906,30.56999969482422,32.150001525878906,118295600.0
2022-05-30,PETR4,24.420543670654297,29.989999771118164,30.8700008392334,29.1200008392334,30.84000015258789,98110100.0
2022-05-31,PETR4,24.4775447845459,30.059999465942383,30.6200008392334,29.809999465942383,30.40999984741211,83598000.0
2022-06-01,PETR4,24.44497299194336,30.020000457763672,30.32999992370605,29.850000381469727,29.89999961853028,46353200.0
2022-06-02,PETR4,24.23325729370117,29.76000022888184,30.049999237060547,29.549999237060547,29.96999931335449,50738300.0
2022-06-03,PETR4,24.656688690185547,30.280000686645508,30.440000534057617,29.530000686645508,29.709999084472656,60396900.0
2022-06-06,PETR4,24.6729736328125,30.299999237060547,30.530000686645508,29.90999984741211,30.5,39213900.0
2022-06-07,PETR4,24.96611785888672,30.65999984741211,31.299999237060547,30.15999984741211,30.190000534057617,80333700.0
2022-06-08,PETR4,24.843975067138672,30.51000022888184,31.14999961853028,30.32999992370605,30.420000076293945,65923900.0
2022-06-09,PETR4,24.48568725585937,30.06999969482422,30.65999984741211,29.979999542236328,30.51000022888184,53879000.0
2022-06-10,PETR4,24.143686294555664,29.64999961853028,30.01000022888184,29.059999465942383,30.01000022888184,63101700.0
2022-06-13,PETR4,23.83425521850586,29.270000457763672,29.57999992370605,28.670000076293945,29.020000457763672,64507100.0
2022-06-14,PETR4,24.10297203063965,29.600000381469727,30.25,29.239999771118164,29.65999984741211,68816900.0
2022-06-15,PETR4,23.67954063415528,29.07999992370605,30.020000457763672,28.84000015258789,30.0,72785700.0
2022-06-17,PETR4,22.23824691772461,27.309999465942383,28.450000762939453,26.1299991607666,28.170000076293945,184606500.0
2022-06-20,PETR4,22.490678787231445,27.6200008392334,28.25,25.90999984741211,26.020000457763672,92581800.0
2022-06-21,PETR4,22.042818069458008,27.06999969482422,28.15999984741211,26.690000534057617,27.799999237060547,85179500.0
2022-06-22,PETR4,21.97767448425293,26.989999771118164,27.549999237060547,26.38999938964844,26.57999992370605,57874700.0
2022-06-23,PETR4,21.57052993774414,26.489999771118164,27.3799991607666,26.1200008392334,26.979999542236328,69262300.0
2022-06-24,PETR4,21.40767288208008,26.290000915527344,27.09000015258789,26.18000030517578,26.76000022888184,53413400.0
2022-06-27,PETR4,22.78382110595703,27.979999542236328,28.06999969482422,26.65999984741211,26.81999969482422,90417700.0
2022-06-28,PETR4,23.068822860717773,28.32999992370605,28.82999992370605,28.020000457763672,28.57999992370605,51388000.0
2022-06-29,PETR4,22.86525154113769,28.07999992370605,28.81999969482422,27.84000015258789,28.479999542236328,52048800.0
2022-06-30,PETR4,22.74310874938965,27.93000030517578,28.059999465942383,27.39999961853028,27.64999961853028,49910100.0
2022-07-01,PETR4,23.23168182373047,28.530000686645508,28.850000381469727,27.520000457763672,28.07999992370605,64948200.0
2022-07-04,PETR4,23.72839736938477,29.13999938964844,29.280000686645508,28.540000915527344,28.540000915527344,37324200.0
2022-07-05,PETR4,22.82453727722168,28.030000686645508,28.950000762939453,27.549999237060547,28.89999961853028,78428500.0
2022-07-06,PETR4,22.53139305114746,27.670000076293945,28.479999542236328,26.90999984741211,28.15999984741211,57617200.0
2022-07-07,PETR4,23.19096565246582,28.479999542236328,28.920000076293945,28.0,28.0,52147300.0
2022-07-08,PETR4,23.4515380859375,28.799999237060547,28.96999931335449,28.3700008392334,28.530000686645508,43097800.0
2022-07-11,PETR4,23.33753967285156,28.65999984741211,28.790000915527344,28.25,28.31999969482422,39577600.0
2022-07-12,PETR4,22.987394332885746,28.229999542236328,28.43000030517578,27.96999931335449,28.299999237060547,46462000.0
2022-07-13,PETR4,23.003681182861328,28.25,28.479999542236328,27.979999542236328,28.1299991607666,35497200.0
2022-07-14,PETR4,22.38482093811035,27.489999771118164,28.0,27.239999771118164,28.0,47151000.0
2022-07-15,PETR4,22.76753616333008,27.959999084472656,28.049999237060547,27.489999771118164,27.700000762939453,38610800.0
2022-07-18,PETR4,23.28868293762207,28.600000381469727,28.690000534057617,28.299999237060547,28.38999938964844,46782300.0
2022-07-19,PETR4,23.760969161987305,29.18000030517578,29.239999771118164,28.39999961853028,28.549999237060547,48562300.0
2022-07-20,PETR4,23.752826690673828,29.170000076293945,29.21999931335449,28.82999992370605,29.06999969482422,43520800.0
2022-07-21,PETR4,23.63068389892578,29.020000457763672,29.1299991607666,28.200000762939453,28.979999542236328,58843200.0
2022-07-22,PETR4,23.883113861083984,29.32999992370605,29.46999931335449,28.850000381469727,29.040000915527344,55676200.0
2022-07-25,PETR4,24.99868965148925,30.700000762939453,30.75,29.61000061035156,29.61000061035156,79106600.0
2022-07-26,PETR4,25.25111961364746,31.01000022888184,31.6200008392334,30.59000015258789,31.200000762939453,78360100.0
2022-07-27,PETR4,25.527978897094727,31.350000381469727,31.46999931335449,30.6200008392334,31.299999237060547,56097200.0
2022-07-28,PETR4,26.29341125488281,32.290000915527344,32.630001068115234,31.43000030517578,31.59000015258789,114996500.0
2022-07-29,PETR4,27.8079891204834,34.150001525878906,34.65999984741211,32.83000183105469,33.599998474121094,181480600.0
2022-08-01,PETR4,27.425273895263672,33.68000030517578,34.150001525878906,33.220001220703125,34.0,81365100.0
2022-08-02,PETR4,27.54741668701172,33.83000183105469,34.5,33.47999954223633,33.77000045776367,69147100.0
2022-08-03,PETR4,27.563701629638672,33.849998474121094,34.15999984741211,33.560001373291016,34.0099983215332,65544500.0
2022-08-04,PETR4,27.85684585571289,34.209999084472656,34.400001525878906,33.58000183105469,34.08000183105469,54387500.0
2022-08-05,PETR4,28.394275665283203,34.869998931884766,35.060001373291016,34.119998931884766,34.150001525878906,77882600.0
2022-08-08,PETR4,29.82742691040039,36.630001068115234,36.77000045776367,35.130001068115234,35.13999938964844,109484600.0
2022-08-09,PETR4,30.31599998474121,37.22999954223633,37.459999084472656,36.84999847412109,37.0099983215332,79051200.0
2022-08-10,PETR4,30.218286514282227,37.11000061035156,37.650001525878906,36.61000061035156,37.650001525878906,78369600.0
2022-08-11,PETR4,29.51799774169922,36.25,37.86000061035156,36.25,37.45000076293945,128896500.0
2022-08-12,PETR4,31.709999084472656,31.709999084472656,31.82999992370605,29.07999992370605,29.100000381469727,171288300.0
2022-08-15,PETR4,31.71999931335449,31.71999931335449,32.22999954223633,30.549999237060547,30.8799991607666,96759000.0
2022-08-16,PETR4,32.0099983215332,32.0099983215332,32.06999969482422,31.5,31.71999931335449,64218800.0
2022-08-17,PETR4,32.7599983215332,32.7599983215332,32.81999969482422,31.600000381469727,31.64999961853028,72924700.0
2022-08-18,PETR4,33.41999816894531,33.41999816894531,33.65999984741211,32.869998931884766,33.099998474121094,84552500.0
2022-08-19,PETR4,31.729999542236328,31.729999542236328,33.150001525878906,31.32999992370605,32.91999816894531,125178200.0
2022-08-22,PETR4,32.40999984741211,32.40999984741211,32.58000183105469,30.479999542236328,31.739999771118164,92400300.0
2022-08-23,PETR4,33.439998626708984,33.439998626708984,33.5,32.619998931884766,32.630001068115234,73215800.0
2022-08-24,PETR4,33.63999938964844,33.63999938964844,34.119998931884766,33.25,33.540000915527344,61067900.0
2022-08-25,PETR4,33.279998779296875,33.279998779296875,34.36000061035156,32.66999816894531,34.099998474121094,99511600.0
2022-08-26,PETR4,33.63999938964844,33.63999938964844,33.66999816894531,32.56999969482422,33.279998779296875,63545400.0
2022-08-29,PETR4,34.47999954223633,34.47999954223633,35.08000183105469,33.45000076293945,33.54999923706055,73339500.0
2022-08-30,PETR4,32.43000030517578,32.43000030517578,34.220001220703125,32.27000045776367,34.0,99361100.0
2022-08-31,PETR4,33.22999954223633,33.22999954223633,33.439998626708984,31.81999969482422,32.06999969482422,114235400.0
2022-09-01,PETR4,33.849998474121094,33.849998474121094,33.95000076293945,32.7599983215332,33.36000061035156,69184700.0
2022-09-02,PETR4,33.41999816894531,33.41999816894531,34.56999969482422,33.2599983215332,34.439998626708984,81792300.0
2022-09-05,PETR4,33.34000015258789,33.34000015258789,34.11000061035156,33.150001525878906,33.849998474121094,76337600.0
2022-09-06,PETR4,32.099998474121094,32.099998474121094,32.59000015258789,31.51000022888184,32.27000045776367,111813500.0
2022-09-08,PETR4,31.799999237060547,31.799999237060547,32.779998779296875,31.39999961853028,32.310001373291016,63159800.0
2022-09-09,PETR4,31.790000915527344,31.790000915527344,32.66999816894531,31.700000762939453,32.4900016784668,49871900.0
2022-09-12,PETR4,31.479999542236328,31.479999542236328,32.72999954223633,31.459999084472656,32.150001525878906,71374500.0
2022-09-13,PETR4,30.64999961853028,30.64999961853028,31.440000534057617,30.520000457763672,30.940000534057617,88327800.0
2022-09-14,PETR4,31.1200008392334,31.1200008392334,31.43000030517578,30.6299991607666,30.75,49039700.0
2022-09-15,PETR4,31.059999465942383,31.059999465942383,31.229999542236328,30.799999237060547,30.920000076293945,45553200.0
2022-09-16,PETR4,30.780000686645508,30.780000686645508,30.950000762939453,30.34000015258789,30.86000061035156,107303600.0
2022-09-19,PETR4,31.270000457763672,31.270000457763672,31.3799991607666,29.8799991607666,30.5,65559900.0
2022-09-20,PETR4,31.09000015258789,31.09000015258789,31.600000381469727,30.84000015258789,31.420000076293945,67798200.0
2022-09-21,PETR4,31.170000076293945,31.170000076293945,31.46999931335449,30.88999938964844,31.350000381469727,58812200.0
2022-09-22,PETR4,31.940000534057617,31.940000534057617,32.08000183105469,31.030000686645508,31.479999542236328,69764300.0
2022-09-23,PETR4,29.940000534057617,29.940000534057617,31.38999938964844,29.770000457763672,31.31999969482422,138630800.0
2022-09-26,PETR4,29.290000915527344,29.290000915527344,30.07999992370605,29.270000457763672,29.71999931335449,42934600.0
2022-09-27,PETR4,29.670000076293945,29.670000076293945,29.8799991607666,29.57999992370605,29.65999984741211,71087600.0
2022-09-28,PETR4,29.270000457763672,29.270000457763672,29.81999969482422,28.57999992370605,29.670000076293945,104670700.0
2022-09-29,PETR4,29.309999465942383,29.309999465942383,29.39999961853028,28.600000381469727,28.989999771118164,87536500.0
2022-09-30,PETR4,29.799999237060547,29.799999237060547,30.489999771118164,29.0,29.21999931335449,121637100.0
2022-10-03,PETR4,32.18000030517578,32.18000030517578,32.63999938964844,31.75,31.90999984741211,177579000.0
2022-09-09 -03:00,PETR4,31.790000915527344,31.790000915527344,32.66999816894531,31.700000762939453,32.4900016784668,49871900.0
2022-09-12 -03:00,PETR4,31.479999542236328,31.479999542236328,32.72999954223633,31.459999084472656,32.150001525878906,71374500.0
2022-09-13 -03:00,PETR4,30.64999961853028,30.64999961853028,31.440000534057617,30.520000457763672,30.940000534057617,88327800.0
2022-09-14 -03:00,PETR4,31.1200008392334,31.1200008392334,31.43000030517578,30.6299991607666,30.75,49039700.0
2022-09-15 -03:00,PETR4,31.059999465942383,31.059999465942383,31.229999542236328,30.799999237060547,30.920000076293945,45553200.0
2022-09-16 -03:00,PETR4,30.780000686645508,30.780000686645508,30.950000762939453,30.34000015258789,30.86000061035156,107303600.0
2022-09-19 -03:00,PETR4,31.270000457763672,31.270000457763672,31.3799991607666,29.8799991607666,30.5,65559900.0
2022-09-20 -03:00,PETR4,31.09000015258789,31.09000015258789,31.600000381469727,30.84000015258789,31.420000076293945,67798200.0
2022-09-21 -03:00,PETR4,31.170000076293945,31.170000076293945,31.46999931335449,30.88999938964844,31.350000381469727,58812200.0
2022-09-22 -03:00,PETR4,31.940000534057617,31.940000534057617,32.08000183105469,31.030000686645508,31.479999542236328,69764300.0
2022-09-23 -03:00,PETR4,29.940000534057617,29.940000534057617,31.38999938964844,29.770000457763672,31.31999969482422,138630800.0
2022-09-26 -03:00,PETR4,29.290000915527344,29.290000915527344,30.07999992370605,29.270000457763672,29.71999931335449,42934600.0
2022-09-27 -03:00,PETR4,29.670000076293945,29.670000076293945,29.8799991607666,29.57999992370605,29.65999984741211,71087600.0
2022-09-28 -03:00,PETR4,29.270000457763672,29.270000457763672,29.81999969482422,28.57999992370605,29.670000076293945,104670700.0
2022-09-29 -03:00,PETR4,29.309999465942383,29.309999465942383,29.39999961853028,28.600000381469727,28.989999771118164,87536500.0
2022-09-30 -03:00,PETR4,29.799999237060547,29.799999237060547,30.489999771118164,29.0,29.21999931335449,121637100.0
2022-10-03 -03:00,PETR4,32.18000030517578,32.18000030517578,32.63999938964844,31.65999984741211,31.90999984741211,179694100.0
2022-10-04 -03:00,PETR4,31.3700008392334,31.3700008392334,32.97999954223633,31.06999969482422,32.900001525878906,115917200.0
2022-10-05 -03:00,PETR4,32.54999923706055,32.54999923706055,32.81999969482422,31.200000762939453,31.40999984741211,92893700.0
2022-10-06 -03:00,PETR4,33.65999984741211,33.65999984741211,33.790000915527344,32.439998626708984,33.0,82671900.0
2022-10-07 -03:00,PETR4,33.630001068115234,33.630001068115234,34.31999969482422,33.220001220703125,33.58000183105469,73500100.0
2022-10-10 -03:00,PETR4,33.25,33.25,33.88999938964844,33.0,33.650001525878906,51814400.0
2022-10-11 -03:00,PETR4,33.0,33.0,33.33000183105469,32.61000061035156,32.88999938964844,58332400.0
2022-10-13 -03:00,PETR4,33.939998626708984,33.939998626708984,34.4900016784668,32.40999984741211,32.5,90841000.0
2022-10-14 -03:00,PETR4,33.41999816894531,33.41999816894531,34.13999938964844,33.29999923706055,33.970001220703125,61926100.0
2022-10-17 -03:00,PETR4,33.45000076293945,33.45000076293945,34.150001525878906,32.84000015258789,33.2400016784668,96691100.0
2022-09-19 ,PETR4,31.270000457763672,31.270000457763672,31.3799991607666,29.8799991607666,30.5,65559900.0
2022-09-20 ,PETR4,31.09000015258789,31.09000015258789,31.600000381469727,30.84000015258789,31.420000076293945,67798200.0
2022-09-21 ,PETR4,31.170000076293945,31.170000076293945,31.46999931335449,30.88999938964844,31.350000381469727,58812200.0
2022-09-22 ,PETR4,31.940000534057617,31.940000534057617,32.08000183105469,31.030000686645508,31.479999542236328,69764300.0
2022-09-23 ,PETR4,29.940000534057617,29.940000534057617,31.38999938964844,29.770000457763672,31.31999969482422,138630800.0
2022-09-26 ,PETR4,29.290000915527344,29.290000915527344,30.07999992370605,29.270000457763672,29.71999931335449,42934600.0
2022-09-27 ,PETR4,29.670000076293945,29.670000076293945,29.8799991607666,29.57999992370605,29.65999984741211,71087600.0
2022-09-28 ,PETR4,29.270000457763672,29.270000457763672,29.81999969482422,28.57999992370605,29.670000076293945,104670700.0
2022-09-29 ,PETR4,29.309999465942383,29.309999465942383,29.39999961853028,28.600000381469727,28.989999771118164,87536500.0
2022-09-30 ,PETR4,29.799999237060547,29.799999237060547,30.489999771118164,29.0,29.21999931335449,121637100.0
2022-10-03 ,PETR4,32.18000030517578,32.18000030517578,32.63999938964844,31.65999984741211,31.90999984741211,179694100.0
2022-10-04 ,PETR4,31.3700008392334,31.3700008392334,32.97999954223633,31.06999969482422,32.900001525878906,115917200.0
2022-10-05 ,PETR4,32.54999923706055,32.54999923706055,32.81999969482422,31.200000762939453,31.40999984741211,92893700.0
2022-10-06 ,PETR4,33.65999984741211,33.65999984741211,33.790000915527344,32.439998626708984,33.0,82671900.0
2022-10-07 ,PETR4,33.630001068115234,33.630001068115234,34.31999969482422,33.220001220703125,33.58000183105469,73500100.0
2022-10-10 ,PETR4,33.25,33.25,33.88999938964844,33.0,33.650001525878906,52222600.0
2022-10-11 ,PETR4,33.0,33.0,33.33000183105469,32.61000061035156,32.88999938964844,58332400.0
2022-10-13 ,PETR4,33.939998626708984,33.939998626708984,34.4900016784668,32.40999984741211,32.5,91143900.0
2022-10-14 ,PETR4,33.41999816894531,33.41999816894531,34.13999938964844,33.29999923706055,33.970001220703125,62246100.0
2022-10-17 ,PETR4,33.38999938964844,33.38999938964844,34.150001525878906,32.84000015258789,33.2400016784668,100936400.0
2022-10-18 ,PETR4,34.209999084472656,34.209999084472656,34.22999954223633,33.15999984741211,33.900001525878906,82313200.0
2022-10-19 ,PETR4,35.36000061035156,35.36000061035156,35.36000061035156,34.02000045776367,34.130001068115234,97847300.0
2022-10-20 ,PETR4,36.29999923706055,36.29999923706055,36.34000015258789,35.77000045776367,36.09999847412109,93274500.0
2022-10-21 ,PETR4,38.09999847412109,38.09999847412109,38.22999954223633,36.38999938964844,36.45000076293945,112867500.0
2022-10-24 ,PETR4,34.400001525878906,34.400001525878906,36.81999969482422,34.29999923706055,36.5,126823100.0
2022-10-25 ,PETR4,33.79999923706055,33.79999923706055,34.4900016784668,33.209999084472656,34.040000915527344,80255300.0
2022-10-26 ,PETR4,32.709999084472656,32.709999084472656,33.529998779296875,31.89999961853028,32.599998474121094,121334800.0
2022-10-27 ,PETR4,32.86000061035156,32.86000061035156,33.540000915527344,32.66999816894531,32.810001373291016,82582200.0
2022-10-28 ,PETR4,32.25,32.25,33.119998931884766,31.86000061035156,32.70000076293945,108302100.0
2022-10-31 ,PETR4,29.799999237060547,29.799999237060547,31.600000381469727,29.36000061035156,30.61000061035156,187338300.0
2022-11-01 ,PETR4,29.86000061035156,29.86000061035156,30.670000076293945,29.559999465942383,30.56999969482422,115944200.0
2022-11-03 ,PETR4,30.01000022888184,30.01000022888184,30.38999938964844,29.440000534057617,29.799999237060547,111275900.0
2022-11-04 ,PETR4,28.479999542236328,28.479999542236328,30.89999961853028,28.200000762939453,30.799999237060547,162947400.0
2022-11-07 ,PETR4,27.3700008392334,27.3700008392334,28.299999237060547,27.309999465942383,27.959999084472656,87195600.0
2022-11-08 ,PETR4,27.209999084472656,27.209999084472656,27.530000686645508,26.75,27.059999465942383,66985900.0
2022-11-09 ,PETR4,27.11000061035156,27.11000061035156,27.950000762939453,27.059999465942383,27.14999961853028,48434200.0
2022-11-10 ,PETR4,26.100000381469727,26.100000381469727,26.88999938964844,25.61000061035156,26.07999992370605,113661400.0
2022-11-11 ,PETR4,26.989999771118164,26.989999771118164,27.36000061035156,25.700000762939453,25.799999237060547,146365800.0
2022-11-14 ,PETR4,27.770000457763672,27.770000457763672,28.18000030517578,27.09000015258789,27.26000022888184,44543100.0
2022-11-16 ,PETR4,27.46999931335449,27.46999931335449,28.11000061035156,27.299999237060547,27.809999465942383,36597100.0
2022-11-17 ,PETR4,26.959999084472656,26.959999084472656,27.299999237060547,26.549999237060547,0.0,69550800.0
2022-11-18 ,PETR4,26.309999465942383,26.309999465942383,27.600000381469727,26.21999931335449,27.39999961853028,65761700.0
2022-11-21 ,PETR4,26.65999984741211,26.65999984741211,27.56999969482422,26.049999237060547,27.1200008392334,102429300.0
2022-11-22 ,PETR4,23.32999992370605,23.32999992370605,23.43000030517578,22.299999237060547,23.0,164261300.0
2022-11-23 ,PETR4,23.299999237060547,23.299999237060547,23.64999961853028,22.799999237060547,23.0,49039600.0
2022-11-24 ,PETR4,24.25,24.25,24.6299991607666,23.25,23.520000457763672,94233800.0
2022-11-25 ,PETR4,23.920000076293945,23.920000076293945,24.32999992370605,23.68000030517578,24.26000022888184,31517500.0
2022-11-28 ,PETR4,24.36000061035156,24.36000061035156,24.549999237060547,23.540000915527344,23.64999961853028,56067400.0
2022-11-29 ,PETR4,25.64999961853028,25.64999961853028,25.739999771118164,24.479999542236328,24.600000381469727,57913500.0
2022-11-30 ,PETR4,26.170000076293945,26.170000076293945,26.489999771118164,25.5,25.600000381469727,52883800.0
2022-12-02 ,PETR4,26.13999938964844,26.13999938964844,26.450000762939453,25.309999465942383,25.690000534057617,40368200.0
2022-12-01 ,PETR4,25.59000015258789,25.59000015258789,26.790000915527344,25.559999465942383,26.57999992370605,71259400.0
2022-12-05 ,PETR4,25.959999084472656,25.959999084472656,26.57999992370605,25.89999961853028,26.0,30091000.0
2022-12-06 ,PETR4,25.63999938964844,25.63999938964844,26.38999938964844,25.420000076293945,25.81999969482422,74991200.0
2022-12-07 ,PETR4,25.350000381469727,25.350000381469727,26.06999969482422,25.270000457763672,25.34000015258789,57008400.0
2022-12-08 ,PETR4,25.09000015258789,25.09000015258789,25.790000915527344,24.96999931335449,25.549999237060547,25058300.0
2022-12-09 ,PETR4,24.93000030517578,24.93000030517578,25.049999237060547,24.489999771118164,24.989999771118164,18132200.0
2022-12-12 ,PETR4,23.34000015258789,23.34000015258789,24.65999984741211,23.1299991607666,24.57999992370605,59678400.0
2022-12-13 ,PETR4,23.63999938964844,23.63999938964844,24.200000762939453,23.5,24.100000381469727,44346000.0
2022-12-14 ,PETR4,21.780000686645508,21.780000686645508,22.600000381469727,21.479999542236328,22.5,91443800.0
2022-12-15 ,PETR4,21.76000022888184,21.76000022888184,22.3700008392334,20.82999992370605,21.0,70888100.0
2022-12-16 ,PETR4,21.68000030517578,21.68000030517578,22.11000061035156,21.51000022888184,21.959999084472656,27253600.0
2024-01-02 ,PETR4,37.77999877929688,37.77999877929688,37.88999938964844,37.400001525878906,37.43999862670898,24043800.0
2024-01-03 ,PETR4,38.959999084472656,38.959999084472656,39.119998931884766,37.66999816894531,37.79999923706055,52300200.0
2024-01-04 ,PETR4,38.630001068115234,38.630001068115234,39.34999847412109,38.5099983215332,39.119998931884766,45344900.0
2024-01-05 ,PETR4,38.720001220703125,38.720001220703125,39.13999938964844,38.40999984741211,38.869998931884766,35783700.0
2024-01-08 ,PETR4,38.43000030517578,38.43000030517578,38.43000030517578,37.61000061035156,38.380001068115234,35158100.0
2024-01-09 ,PETR4,38.09999847412109,38.09999847412109,38.75,38.02999877929688,38.66999816894531,27279000.0
2024-01-10 ,PETR4,37.75,37.75,38.27000045776367,37.5099983215332,38.09999847412109,27382000.0
2024-01-11 ,PETR4,38.06999969482422,38.06999969482422,38.150001525878906,37.70000076293945,37.97999954223633,26564400.0
2024-01-12 ,PETR4,38.16999816894531,38.16999816894531,38.72999954223633,38.16999816894531,38.5,24479500.0
2024-01-15 ,PETR4,38.58000183105469,38.58000183105469,38.619998931884766,37.86000061035156,37.9900016784668,13818300.0
2024-01-16 ,PETR4,38.09999847412109,38.09999847412109,38.790000915527344,38.08000183105469,38.61000061035156,31277700.0
2024-01-17 ,PETR4,37.880001068115234,37.880001068115234,38.150001525878906,37.81999969482422,37.970001220703125,27577300.0
2024-01-18 ,PETR4,37.72999954223633,37.72999954223633,38.13999938964844,37.560001373291016,38.13999938964844,22987200.0
2024-01-19 ,PETR4,37.52999877929688,37.52999877929688,37.900001525878906,37.22999954223633,37.810001373291016,31745200.0
2024-01-22 ,PETR4,37.70000076293945,37.70000076293945,37.810001373291016,37.22999954223633,37.5,22753700.0
2024-01-23 ,PETR4,38.16999816894531,38.16999816894531,38.369998931884766,37.43000030517578,37.84000015258789,32498500.0
2024-01-24 ,PETR4,37.880001068115234,37.880001068115234,38.540000915527344,37.77000045776367,38.290000915527344,25415300.0
2024-01-25 ,PETR4,39.27999877929688,39.27999877929688,39.27999877929688,38.130001068115234,38.2599983215332,48655300.0
2024-01-26 ,PETR4,39.959999084472656,39.959999084472656,40.09000015258789,38.90999984741211,39.09999847412109,41378200.0
2024-01-29 ,PETR4,40.56999969482422,40.56999969482422,0.0,0.0,0.0,0.0
2024-01-30 ,PETR4,40.31999969482422,40.31999969482422,40.7400016784668,40.04999923706055,40.16999816894531,34829000.0
2024-01-31 ,PETR4,40.45000076293945,40.45000076293945,41.2400016784668,40.18000030517578,40.22999954223633,58491900.0
2024-02-01 ,PETR4,41.56999969482422,41.56999969482422,41.880001068115234,40.66999816894531,40.77999877929688,61629200.0
2024-02-02 ,PETR4,41.02999877929688,41.02999877929688,41.77999877929688,41.02000045776367,41.58000183105469,36485600.0
2024-02-05 ,PETR4,41.209999084472656,41.209999084472656,41.68000030517578,40.93000030517578,41.0099983215332,27503000.0
2024-02-06 ,PETR4,41.59000015258789,41.59000015258789,42.34999847412109,41.27000045776367,41.45000076293945,35474600.0
2024-02-07 ,PETR4,42.20000076293945,42.20000076293945,42.20000076293945,41.41999816894531,41.52000045776367,30648100.0
2024-02-08 ,PETR4,41.86000061035156,41.86000061035156,42.45000076293945,41.86000061035156,42.29999923706055,25589100.0
2024-02-09 ,PETR4,41.29999923706055,41.29999923706055,42.33000183105469,41.29999923706055,42.13999938964844,30388000.0
2024-02-14 ,PETR4,40.9900016784668,40.9900016784668,41.400001525878906,40.86000061035156,41.09999847412109,18315300.0
2024-02-15 ,PETR4,42.29999923706055,42.29999923706055,42.29999923706055,40.84999847412109,41.0099983215332,33246400.0
2024-02-16 ,PETR4,42.68999862670898,42.68999862670898,42.88999938964844,42.060001373291016,42.09000015258789,37186100.0
2024-02-19 ,PETR4,42.900001525878906,42.900001525878906,42.93999862670898,42.560001373291016,42.7599983215332,12826700.0
2024-02-20 ,PETR4,42.45000076293945,42.45000076293945,42.81999969482422,42.09999847412109,42.77000045776367,42375400.0
2024-02-21 ,PETR4,42.5099983215332,42.5099983215332,42.720001220703125,42.130001068115234,42.45000076293945,20873800.0
2024-02-22 ,PETR4,42.18999862670898,42.18999862670898,42.68000030517578,41.79999923706055,42.66999816894531,32162800.0
2024-02-23 ,PETR4,41.900001525878906,41.900001525878906,42.2400016784668,41.61000061035156,42.13999938964844,43887800.0
2024-02-26 ,PETR4,42.68999862670898,42.68999862670898,42.72999954223633,41.83000183105469,41.900001525878906,25885700.0
2024-02-27 ,PETR4,42.630001068115234,42.630001068115234,42.81999969482422,42.380001068115234,42.70000076293945,27678100.0
2024-02-28 ,PETR4,40.43000030517578,40.43000030517578,42.93999862670898,39.83000183105469,42.52000045776367,112322000.0
2024-02-29 ,PETR4,40.13999938964844,40.13999938964844,41.2400016784668,39.84999847412109,40.59000015258789,61899800.0
2024-03-01 ,PETR4,40.18000030517578,40.18000030517578,40.84999847412109,40.13999938964844,40.34999847412109,31239900.0
2024-03-04 ,PETR4,40.08000183105469,40.08000183105469,40.75,40.02000045776367,40.27000045776367,21988000.0
2024-03-05 ,PETR4,39.959999084472656,39.959999084472656,40.369998931884766,39.61000061035156,40.09999847412109,30293200.0
2024-03-06 ,PETR4,40.84000015258789,40.84000015258789,40.84000015258789,40.11000061035156,40.20000076293945,45481000.0
2024-03-07 ,PETR4,40.38999938964844,40.38999938964844,40.93999862670898,40.27999877929688,40.63999938964844,50199800.0
2024-03-08 ,PETR4,36.70000076293945,36.70000076293945,37.060001373291016,35.099998474121094,35.900001525878906,230308300.0
2024-03-11 ,PETR4,35.650001525878906,35.650001525878906,37.7400016784668,35.29999923706055,35.66999816894531,127528700.0
2024-03-12 ,PETR4,36.81999969482422,36.81999969482422,37.22999954223633,36.15999984741211,36.34999847412109,76139100.0
2024-03-13 ,PETR4,36.380001068115234,36.380001068115234,37.33000183105469,36.310001373291016,36.900001525878906,45140600.0
2024-03-14 ,PETR4,36.220001220703125,36.220001220703125,36.91999816894531,36.150001525878906,36.7400016784668,39983400.0
2024-03-15 ,PETR4,36.31999969482422,36.31999969482422,36.45000076293945,35.939998626708984,36.29999923706055,59006900.0
2024-03-18 ,PETR4,36.34000015258789,36.34000015258789,36.720001220703125,35.5,36.40999984741211,35326100.0
2024-03-19 ,PETR4,36.06999969482422,36.06999969482422,36.84999847412109,35.560001373291016,36.38999938964844,48540800.0
2024-03-20 ,PETR4,36.70000076293945,36.70000076293945,36.7400016784668,35.810001373291016,36.22999954223633,39017900.0
2024-03-21 ,PETR4,35.70000076293945,35.70000076293945,37.060001373291016,35.68000030517578,36.84999847412109,47220200.0
2024-03-22 ,PETR4,36.04999923706055,36.04999923706055,36.220001220703125,35.43000030517578,35.900001525878906,34403800.0
2024-03-25 ,PETR4,36.59999847412109,36.59999847412109,36.83000183105469,36.15999984741211,36.18000030517578,26951500.0
2024-03-26 ,PETR4,36.2599983215332,36.2599983215332,36.66999816894531,36.16999816894531,36.66999816894531,24837800.0
2024-03-27 ,PETR4,36.54999923706055,36.54999923706055,36.65999984741211,36.119998931884766,36.27999877929688,19995700.0
2024-03-28 ,PETR4,37.36000061035156,37.36000061035156,37.52000045776367,36.470001220703125,36.5,31880800.0
2024-04-01 ,PETR4,37.650001525878906,37.650001525878906,37.709999084472656,37.209999084472656,37.5,23697800.0
2024-04-02 ,PETR4,38.619998931884766,38.619998931884766,38.650001525878906,37.77000045776367,37.81999969482422,45930700.0
2024-04-03 ,PETR4,38.41999816894531,38.41999816894531,39.0099983215332,38.220001220703125,38.70000076293945,31437200.0
2024-04-04 ,PETR4,37.880001068115234,37.880001068115234,39.47999954223633,37.43000030517578,38.470001220703125,165241800.0
2024-04-05 ,PETR4,38.09999847412109,38.09999847412109,38.56999969482422,37.16999816894531,37.900001525878906,65432400.0
2024-04-08 ,PETR4,38.630001068115234,38.630001068115234,39.060001373291016,37.72999954223633,38.02999877929688,36384400.0
2024-04-09 ,PETR4,38.72999954223633,38.72999954223633,39.13999938964844,38.060001373291016,38.900001525878906,36989300.0
2024-04-10 ,PETR4,39.59000015258789,39.59000015258789,39.72999954223633,38.65999984741211,38.72999954223633,55821500.0
2024-04-11 ,PETR4,39.29999923706055,39.29999923706055,39.7599983215332,39.20000076293945,39.59999847412109,33195300.0
2024-04-12 ,PETR4,38.93999862670898,38.93999862670898,40.04999923706055,38.70000076293945,39.720001220703125,39594200.0
2024-04-15 ,PETR4,39.310001373291016,39.310001373291016,39.45000076293945,38.630001068115234,38.93999862670898,28692000.0
2024-04-16 ,PETR4,39.4900016784668,39.4900016784668,39.709999084472656,38.95000076293945,39.0099983215332,37303000.0
2024-04-17 ,PETR4,39.77999877929688,39.77999877929688,39.95000076293945,39.34000015258789,39.4900016784668,39221700.0
2024-04-18 ,PETR4,39.84999847412109,39.84999847412109,40.59000015258789,39.650001525878906,40.0,45078800.0
2024-04-19 ,PETR4,40.52999877929688,40.52999877929688,41.06999969482422,39.84000015258789,40.04999923706055,80440300.0
2024-04-22 ,PETR4,41.5,41.5,41.59000015258789,40.52000045776367,40.7599983215332,51775500.0
2024-04-23 ,PETR4,41.41999816894531,41.41999816894531,41.630001068115234,40.959999084472656,41.400001525878906,35456900.0
2024-04-24 ,PETR4,41.22999954223633,41.22999954223633,41.9900016784668,41.209999084472656,41.54999923706055,45388300.0
2024-04-25 ,PETR4,41.12105178833008,42.220001220703125,42.47999954223633,41.08000183105469,41.400001525878906,66372400.0
2024-04-26 ,PETR4,41.650001525878906,41.650001525878906,41.77999877929688,41.06999969482422,41.290000915527344,31843800.0
2024-04-29 ,PETR4,42.150001525878906,42.150001525878906,42.150001525878906,41.31999969482422,41.47999954223633,27886000.0
2024-04-30 ,PETR4,42.02000045776367,42.02000045776367,42.209999084472656,41.619998931884766,42.0,36635400.0
2024-05-02 ,PETR4,40.422847747802734,42.18000030517578,42.380001068115234,41.84000015258789,42.25,33244700.0
2024-05-03 ,PETR4,39.88999938964844,39.88999938964844,40.68999862670898,39.45000076293945,40.68999862670898,45068700.0
2024-05-06 ,PETR4,40.15999984741211,40.15999984741211,40.36000061035156,39.720001220703125,39.869998931884766,22977200.0
2024-05-07 ,PETR4,40.650001525878906,40.650001525878906,40.650001525878906,40.0,40.150001525878906,23808600.0
2024-05-08 ,PETR4,41.27000045776367,41.27000045776367,41.33000183105469,40.310001373291016,40.34999847412109,25352000.0
2024-05-09 ,PETR4,41.66999816894531,41.66999816894531,41.84000015258789,40.93999862670898,41.060001373291016,27206400.0
2024-05-10 ,PETR4,41.58000183105469,41.58000183105469,42.09000015258789,41.5,41.84000015258789,27923800.0
2024-05-13 ,PETR4,41.619998931884766,41.619998931884766,41.970001220703125,41.5099983215332,41.7400016784668,18394300.0
2024-05-14 ,PETR4,40.869998931884766,40.869998931884766,41.29999923706055,40.15999984741211,40.7599983215332,53613200.0
2024-05-15 ,PETR4,38.400001525878906,38.400001525878906,38.810001373291016,37.5,37.59999847412109,131281100.0
2024-05-16 ,PETR4,37.310001373291016,37.310001373291016,38.650001525878906,37.2400016784668,38.29999923706055,83176900.0
2024-05-17 ,PETR4,36.68999862670898,36.68999862670898,37.41999816894531,36.5099983215332,37.34999847412109,67145100.0
2024-05-20 ,PETR4,36.75,36.75,37.2400016784668,36.630001068115234,36.72999954223633,40400400.0
2024-05-21 ,PETR4,36.68000030517578,36.68000030517578,37.09000015258789,36.56999969482422,36.790000915527344,27967400.0
2024-05-22 ,PETR4,37.18000030517578,37.18000030517578,37.459999084472656,36.40999984741211,36.5,36528800.0
2024-05-23 ,PETR4,36.810001373291016,36.810001373291016,37.709999084472656,36.56999969482422,37.43999862670898,47987800.0
2024-05-24 ,PETR4,36.61000061035156,36.61000061035156,37.18999862670898,36.56999969482422,37.06999969482422,23593400.0
2024-05-27 ,PETR4,37.0099983215332,37.0099983215332,37.08000183105469,36.68999862670898,36.720001220703125,13623300.0
2024-05-28 ,PETR4,37.79999923706055,37.79999923706055,38.290000915527344,37.40999984741211,37.43999862670898,46437700.0
2024-05-29 ,PETR4,37.75,37.75,37.91999816894531,37.43999862670898,37.709999084472656,29246800.0
2024-05-31 ,PETR4,38.790000915527344,38.790000915527344,38.88999938964844,37.900001525878906,37.93000030517578,53898000.0
2024-06-03 ,PETR4,38.58000183105469,38.58000183105469,38.93000030517578,38.43999862670898,38.83000183105469,43454500.0
2024-06-04 ,PETR4,38.150001525878906,38.150001525878906,38.43000030517578,37.70000076293945,38.400001525878906,34090200.0
2024-06-05 ,PETR4,38.20000076293945,38.20000076293945,38.43000030517578,38.06999969482422,38.2599983215332,18627100.0
2024-06-06 ,PETR4,38.380001068115234,38.380001068115234,38.720001220703125,38.27000045776367,38.27999877929688,25944100.0
2024-06-07 ,PETR4,36.93999862670898,36.93999862670898,38.470001220703125,36.86000061035156,38.220001220703125,45909400.0
2024-06-10 ,PETR4,37.5,37.5,38.060001373291016,37.119998931884766,37.18999862670898,32560900.0
2024-06-11 ,PETR4,37.65999984741211,37.65999984741211,0.0,0.0,0.0,0.0
2024-06-12 ,PETR4,35.81999969482422,35.81999969482422,37.04999923706055,35.61000061035156,36.95000076293945,52182400.0
2024-06-13 ,PETR4,35.459999084472656,35.459999084472656,36.18999862670898,34.849998474121094,35.900001525878906,46233500.0
2024-06-14 ,PETR4,34.68000030517578,34.68000030517578,35.5,34.150001525878906,35.4900016784668,53499500.0
2024-06-17 ,PETR4,34.810001373291016,34.810001373291016,35.130001068115234,34.27000045776367,34.40999984741211,40941800.0
2024-06-18 ,PETR4,35.900001525878906,35.900001525878906,36.13999938964844,34.81999969482422,34.88999938964844,36180700.0
2024-06-19 ,PETR4,35.93000030517578,35.93000030517578,36.119998931884766,35.56999969482422,35.900001525878906,20776200.0
2024-06-20 ,PETR4,36.5,36.5,36.88999938964844,36.20000076293945,36.220001220703125,39442900.0
2024-06-21 ,PETR4,36.68999862670898,36.68999862670898,36.959999084472656,36.380001068115234,36.54999923706055,43241400.0
2024-06-24 ,PETR4,37.060001373291016,37.060001373291016,0.0,0.0,0.0,0.0
2024-06-25 ,PETR4,37.02999877929688,37.02999877929688,37.119998931884766,36.7599983215332,37.04999923706055,18572600.0
2024-06-26 ,PETR4,37.09000015258789,37.09000015258789,37.119998931884766,36.709999084472656,36.79999923706055,25553200.0
2024-06-27 ,PETR4,37.709999084472656,37.709999084472656,37.959999084472656,37.31999969482422,37.5099983215332,37731000.0
2024-06-28 ,PETR4,38.04999923706055,38.04999923706055,38.16999816894531,37.709999084472656,37.79999923706055,22003300.0
2024-07-01 ,PETR4,38.630001068115234,38.630001068115234,0.0,0.0,0.0,0.0
2024-07-02 ,PETR4,38.5099983215332,38.5099983215332,39.09999847412109,38.43999862670898,38.83000183105469,33346200.0
2024-07-03 ,PETR4,37.84000015258789,37.84000015258789,38.790000915527344,37.7599983215332,38.70000076293945,38509400.0
2024-07-04 ,PETR4,37.31999969482422,37.31999969482422,37.959999084472656,37.119998931884766,37.900001525878906,32698800.0
2024-07-05 ,PETR4,37.52000045776367,37.52000045776367,37.650001525878906,37.11000061035156,37.45000076293945,32724100.0
2024-07-08 ,PETR4,38.43999862670898,38.43999862670898,38.52000045776367,37.290000915527344,37.47999954223633,48845900.0
2024-07-09 ,PETR4,38.43000030517578,38.43000030517578,38.70000076293945,38.27000045776367,38.45000076293945,34832500.0
2024-07-10 ,PETR4,38.06999969482422,38.06999969482422,38.560001373291016,37.97999954223633,38.4900016784668,32899700.0
2024-07-11 ,PETR4,38.33000183105469,38.33000183105469,38.45000076293945,38.11000061035156,38.15999984741211,17229400.0
2024-07-12 ,PETR4,38.150001525878906,38.150001525878906,38.5099983215332,38.13999938964844,38.43000030517578,15768900.0
2024-07-15 ,PETR4,38.5,38.5,0.0,0.0,0.0,0.0
2024-07-16 ,PETR4,38.400001525878906,38.400001525878906,38.5,38.11000061035156,38.34999847412109,19637000.0
2024-07-17 ,PETR4,38.59999847412109,38.59999847412109,38.68999862670898,38.34000015258789,38.43000030517578,24606100.0
2024-07-18 ,PETR4,38.52999877929688,38.52999877929688,38.65999984741211,38.34999847412109,38.5,21315500.0
2024-07-19 ,PETR4,38.68999862670898,38.68999862670898,38.77000045776367,38.38999938964844,38.5,30259000.0
2024-07-22 ,PETR4,37.91999816894531,37.91999816894531,38.59000015258789,37.880001068115234,38.59000015258789,25807800.0
2024-07-23 ,PETR4,37.43000030517578,37.43000030517578,38.0,37.43000030517578,37.91999816894531,25284700.0
2024-07-24 ,PETR4,37.72999954223633,37.72999954223633,38.0,37.5,37.65999984741211,23863800.0
2024-07-25 ,PETR4,37.68000030517578,37.68000030517578,37.75,37.27000045776367,37.560001373291016,19562600.0
2024-07-26 ,PETR4,37.63999938964844,37.63999938964844,38.130001068115234,37.41999816894531,37.66999816894531,31943800.0
2024-07-29 ,PETR4,36.880001068115234,36.880001068115234,37.720001220703125,36.41999816894531,37.5099983215332,39790000.0
2024-07-30 ,PETR4,36.650001525878906,36.650001525878906,36.77000045776367,36.38999938964844,36.5099983215332,16040700.0
2024-07-31 ,PETR4,37.40999984741211,37.40999984741211,37.40999984741211,36.959999084472656,37.04999923706055,28561100.0
2024-08-01 ,PETR4,36.84000015258789,36.84000015258789,37.83000183105469,36.790000915527344,37.75,29756300.0
2024-08-02 ,PETR4,35.72999954223633,35.72999954223633,36.79999923706055,35.72999954223633,36.720001220703125,36443000.0
2024-08-05 ,PETR4,35.70000076293945,35.70000076293945,35.70000076293945,34.599998474121094,34.79999923706055,44765900.0
2024-08-06 ,PETR4,36.31999969482422,36.31999969482422,36.65999984741211,35.34000015258789,35.599998474121094,36009000.0
2024-08-07 ,PETR4,36.27000045776367,36.27000045776367,36.75,36.0,36.70000076293945,25020500.0
2024-08-08 ,PETR4,36.84999847412109,36.84999847412109,36.95000076293945,36.15999984741211,36.34999847412109,29870300.0
2024-08-09 ,PETR4,36.5099983215332,36.5099983215332,36.95000076293945,35.58000183105469,36.130001068115234,66062000.0
2024-08-12 ,PETR4,37.34000015258789,37.34000015258789,37.810001373291016,36.79999923706055,36.79999923706055,39655100.0
2024-08-13 ,PETR4,37.11000061035156,37.11000061035156,37.630001068115234,36.970001220703125,37.52999877929688,28557200.0
2024-08-14 ,PETR4,37.7599983215332,37.7599983215332,38.0,37.15999984741211,37.18999862670898,37955500.0
2024-08-15 ,PETR4,38.34000015258789,38.34000015258789,0.0,0.0,0.0,0.0
2024-08-16 ,PETR4,38.5,38.5,38.77000045776367,38.02999877929688,38.16999816894531,35336300.0
2024-08-19 ,PETR4,38.43999862670898,38.43999862670898,38.790000915527344,38.400001525878906,38.59999847412109,28138200.0
2024-08-20 ,PETR4,38.290000915527344,38.290000915527344,38.68000030517578,37.88999938964844,38.5,27322600.0
2024-08-21 ,PETR4,37.00680160522461,38.060001373291016,38.790000915527344,37.93999862670898,38.68000030517578,38491900.0
2024-08-22 ,PETR4,37.119998931884766,37.119998931884766,37.29999923706055,36.86000061035156,37.27999877929688,26334300.0
2024-08-23 ,PETR4,36.88999938964844,36.88999938964844,37.52999877929688,36.88999938964844,37.369998931884766,28936800.0
2024-08-26 ,PETR4,39.56999969482422,39.56999969482422,39.61000061035156,37.709999084472656,37.86000061035156,102270300.0
2024-08-27 ,PETR4,39.040000915527344,39.040000915527344,39.369998931884766,38.95000076293945,39.25,34871100.0
2024-08-28 ,PETR4,39.59999847412109,39.59999847412109,39.86000061035156,38.77999877929688,38.93999862670898,43284500.0
2024-08-29 ,PETR4,39.33000183105469,39.33000183105469,39.83000183105469,39.27999877929688,39.650001525878906,25356600.0
2024-08-30 ,PETR4,39.369998931884766,39.369998931884766,39.650001525878906,38.880001068115234,39.220001220703125,84433900.0
2024-09-02 ,PETR4,39.0,39.0,39.400001525878906,38.88999938964844,39.33000183105469,15288400.0
2024-09-03 ,PETR4,38.52999877929688,38.52999877929688,38.81999969482422,38.380001068115234,38.790000915527344,35866300.0
2024-09-04 ,PETR4,38.540000915527344,38.540000915527344,0.0,0.0,0.0,0.0
2024-09-05 ,PETR4,38.29999923706055,38.29999923706055,38.88999938964844,38.29999923706055,38.650001525878906,26206600.0
2024-09-06 ,PETR4,37.54999923706055,37.54999923706055,38.45000076293945,37.470001220703125,38.369998931884766,32945200.0
2024-09-09 ,PETR4,37.959999084472656,37.959999084472656,38.25,37.61000061035156,37.84000015258789,30521800.0
2024-09-10 ,PETR4,37.33000183105469,37.33000183105469,37.91999816894531,37.0,37.91999816894531,37263500.0
2024-09-11 ,PETR4,37.290000915527344,37.290000915527344,37.83000183105469,36.869998931884766,37.7599983215332,32907000.0
2024-09-12 ,PETR4,36.869998931884766,36.869998931884766,37.31999969482422,36.75,37.290000915527344,22103300.0
2024-09-13 ,PETR4,36.70000076293945,36.70000076293945,37.54999923706055,36.59000015258789,37.11000061035156,34709200.0
2024-09-16 ,PETR4,37.209999084472656,37.209999084472656,37.720001220703125,37.15999984741211,37.2400016784668,22614800.0
2024-09-17 ,PETR4,37.040000915527344,37.040000915527344,0.0,0.0,0.0,0.0
2024-09-18 ,PETR4,36.150001525878906,36.150001525878906,36.93000030517578,36.150001525878906,36.90999984741211,38777000.0
2024-09-19 ,PETR4,36.27000045776367,36.27000045776367,36.77999877929688,36.18999862670898,36.56999969482422,25059700.0
2024-09-20 ,PETR4,36.2599983215332,36.2599983215332,36.400001525878906,36.06999969482422,36.27000045776367,48136000.0
2024-09-23 ,PETR4,36.630001068115234,36.630001068115234,0.0,0.0,0.0,0.0
2024-09-24 ,PETR4,36.77999877929688,36.77999877929688,0.0,0.0,0.0,0.0
2024-09-25 ,PETR4,37.04999923706055,37.04999923706055,0.0,0.0,0.0,0.0
2024-09-26 ,PETR4,36.25,36.25,0.0,0.0,0.0,0.0
2024-09-27 ,PETR4,36.11000061035156,36.11000061035156,36.380001068115234,35.93000030517578,36.380001068115234,34443500.0
2024-09-30 ,PETR4,36.0099983215332,36.0099983215332,0.0,0.0,0.0,0.0
2024-10-01 ,PETR4,36.970001220703125,36.970001220703125,0.0,0.0,0.0,0.0
2024-10-02 ,PETR4,37.47999954223633,37.47999954223633,0.0,0.0,0.0,0.0
2024-10-03 ,PETR4,37.93999862670898,37.93999862670898,0.0,0.0,0.0,0.0
2024-10-04 ,PETR4,37.84000015258789,37.84000015258789,38.20000076293945,37.66999816894531,38.150001525878906,22472900.0
2024-10-07 ,PETR4,38.369998931884766,38.369998931884766,0.0,0.0,0.0,0.0
2024-10-08 ,PETR4,37.59999847412109,37.59999847412109,0.0,0.0,0.0,0.0
2024-10-09 ,PETR4,37.220001220703125,37.220001220703125,0.0,0.0,0.0,0.0
2024-10-10 ,PETR4,37.650001525878906,37.650001525878906,0.0,0.0,0.0,0.0
2024-10-11 ,PETR4,37.619998931884766,37.619998931884766,37.650001525878906,37.31999969482422,37.59999847412109,16314300.0
2024-10-14 ,PETR4,37.709999084472656,37.709999084472656,0.0,0.0,0.0,0.0
2024-10-15 ,PETR4,37.400001525878906,37.400001525878906,0.0,0.0,0.0,0.0
2024-10-16 ,PETR4,37.209999084472656,37.209999084472656,0.0,0.0,0.0,0.0
2024-10-17 ,PETR4,36.93000030517578,36.93000030517578,0.0,0.0,0.0,0.0
2024-10-18 ,PETR4,36.83000183105469,36.83000183105469,37.06999969482422,36.40999984741211,36.97999954223633,31813000.0
2024-10-21 ,PETR4,36.25,36.25,0.0,0.0,0.0,0.0
2024-10-22 ,PETR4,36.11000061035156,36.11000061035156,0.0,0.0,0.0,0.0
2024-10-23 ,PETR4,35.65999984741211,35.65999984741211,0.0,0.0,0.0,0.0
2024-10-24 ,PETR4,35.900001525878906,35.900001525878906,0.0,0.0,0.0,0.0
2024-10-25 ,PETR4,36.150001525878906,36.150001525878906,36.4900016784668,35.849998474121094,35.959999084472656,32206900.0
2024-10-28 ,PETR4,36.09000015258789,36.09000015258789,0.0,0.0,0.0,0.0
2024-10-29 ,PETR4,36.0099983215332,36.0099983215332,0.0,0.0,0.0,0.0
2024-10-30 ,PETR4,35.849998474121094,35.849998474121094,0.0,0.0,0.0,0.0
2024-10-31 ,PETR4,35.90999984741211,35.90999984741211,0.0,0.0,0.0,0.0
2024-11-01 ,PETR4,35.41999816894531,35.41999816894531,36.369998931884766,35.29999923706055,36.20000076293945,30416500.0
2024-11-04 ,PETR4,35.5,35.5,0.0,0.0,0.0,0.0
2024-11-05 ,PETR4,35.38999938964844,35.38999938964844,0.0,0.0,0.0,0.0
2024-11-06 ,PETR4,35.400001525878906,35.400001525878906,0.0,0.0,0.0,0.0
2024-11-07 ,PETR4,35.5099983215332,35.5099983215332,0.0,0.0,0.0,0.0
2024-11-08 ,PETR4,36.18000030517578,36.18000030517578,36.31999969482422,35.540000915527344,35.849998474121094,49792700.0
2024-11-11 ,PETR4,36.25,36.25,0.0,0.0,0.0,0.0
2024-11-12 ,PETR4,36.93000030517578,36.93000030517578,0.0,0.0,0.0,0.0
2024-11-13 ,PETR4,36.880001068115234,36.880001068115234,0.0,0.0,0.0,0.0
2024-11-14 ,PETR4,37.27000045776367,37.27000045776367,37.33000183105469,36.86000061035156,36.91999816894531,30060900.0
2024-11-18 ,PETR4,38.20000076293945,38.20000076293945,0.0,0.0,0.0,0.0
2024-11-19 ,PETR4,37.79999923706055,37.79999923706055,38.29999923706055,37.650001525878906,38.09999847412109,26002700.0
2024-11-21 ,PETR4,37.90999984741211,37.90999984741211,38.130001068115234,37.54999923706055,37.970001220703125,36048400.0
2024-11-22 ,PETR4,39.41999816894531,39.41999816894531,39.83000183105469,38.470001220703125,38.709999084472656,85203800.0
2024-11-25 ,PETR4,39.18000030517578,39.18000030517578,0.0,0.0,0.0,0.0
2024-11-26 ,PETR4,39.130001068115234,39.130001068115234,0.0,0.0,0.0,0.0
2024-11-27 ,PETR4,38.9900016784668,38.9900016784668,0.0,0.0,0.0,0.0
2024-11-28 ,PETR4,38.59000015258789,38.59000015258789,0.0,0.0,0.0,0.0
2024-11-29 ,PETR4,38.900001525878906,38.900001525878906,39.220001220703125,38.40999984741211,38.5,43990100.0
2024-12-02 ,PETR4,39.150001525878906,39.150001525878906,0.0,0.0,0.0,0.0
2024-12-03 ,PETR4,39.5,39.5,39.5,39.08000183105469,39.400001525878906,22536200.0
2024-12-04 ,PETR4,39.25,39.25,39.86000061035156,38.97999954223633,39.5,31584400.0
2024-12-05 ,PETR4,39.63999938964844,39.63999938964844,0.0,0.0,0.0,0.0
2024-12-06 ,PETR4,39.02999877929688,39.02999877929688,39.70000076293945,38.959999084472656,39.63999938964844,31118500.0
2024-12-09 ,PETR4,40.040000915527344,40.040000915527344,0.0,0.0,0.0,0.0
2024-12-10 ,PETR4,40.18999862670898,40.18999862670898,0.0,0.0,0.0,0.0
2024-12-11 ,PETR4,40.59000015258789,40.59000015258789,0.0,0.0,0.0,0.0
2024-12-12 ,PETR4,38.34000015258789,38.34000015258789,0.0,0.0,0.0,0.0
2024-12-13 ,PETR4,38.09999847412109,38.09999847412109,38.72999954223633,37.91999816894531,38.59999847412109,23151200.0
2024-12-16 ,PETR4,37.93999862670898,37.93999862670898,0.0,0.0,0.0,0.0
2024-12-17 ,PETR4,38.29999923706055,38.29999923706055,0.0,0.0,0.0,0.0
2024-12-18 ,PETR4,37.310001373291016,37.310001373291016,0.0,0.0,0.0,0.0
2024-12-19 ,PETR4,37.15999984741211,37.15999984741211,0.0,0.0,0.0,0.0
2024-12-20 ,PETR4,36.84999847412109,36.84999847412109,37.34999847412109,36.709999084472656,37.15999984741211,59155000.0
2024-12-23 ,PETR4,36.86000061035156,36.86000061035156,37.04999923706055,36.720001220703125,37.0,43785600.0
2024-12-26 ,PETR4,35.77000045776367,35.77000045776367,0.0,0.0,0.0,0.0
2024-12-27 ,PETR4,35.65999984741211,35.65999984741211,36.0,35.61000061035156,36.0,24155900.0
2024-12-30 ,PETR4,36.18999862670898,36.18999862670898,36.369998931884766,35.77000045776367,35.779998779296875,22355600.0
2025-01-02 ,PETR4,36.77000045776367,36.77000045776367,0.0,0.0,0.0,0.0
2025-01-03 ,PETR4,36.380001068115234,36.380001068115234,37.040000915527344,36.31999969482422,36.880001068115234,23274100.0
2025-01-06 ,PETR4,36.209999084472656,36.209999084472656,0.0,0.0,0.0,0.0
2025-01-07 ,PETR4,36.97999954223633,36.97999954223633,0.0,0.0,0.0,0.0
2025-01-08 ,PETR4,36.68000030517578,36.68000030517578,0.0,0.0,0.0,0.0
2025-01-09 ,PETR4,36.84000015258789,36.84000015258789,0.0,0.0,0.0,0.0
2025-01-10 ,PETR4,36.93999862670898,36.93999862670898,37.52000045776367,36.900001525878906,37.25,40311200.0
2025-01-13 ,PETR4,37.06999969482422,37.06999969482422,0.0,0.0,0.0,0.0
2025-01-14 ,PETR4,36.81999969482422,36.81999969482422,0.0,0.0,0.0,0.0
2025-01-15 ,PETR4,37.290000915527344,37.290000915527344,0.0,0.0,0.0,0.0
2025-01-16 ,PETR4,37.04999923706055,37.04999923706055,0.0,0.0,0.0,0.0
2025-01-17 ,PETR4,37.20000076293945,37.20000076293945,37.400001525878906,36.84999847412109,37.0099983215332,39781800.0
2025-01-20 ,PETR4,37.290000915527344,37.290000915527344,0.0,0.0,0.0,0.0
2025-01-21 ,PETR4,37.29999923706055,37.29999923706055,0.0,0.0,0.0,0.0
2025-01-22 ,PETR4,37.09000015258789,37.09000015258789,0.0,0.0,0.0,0.0
2025-01-23 ,PETR4,36.83000183105469,36.83000183105469,0.0,0.0,0.0,0.0
2025-01-24 ,PETR4,36.63999938964844,36.63999938964844,36.900001525878906,36.400001525878906,36.880001068115234,16203700.0
2025-01-27 ,PETR4,37.18000030517578,37.18000030517578,0.0,0.0,0.0,0.0
2025-01-28 ,PETR4,37.130001068115234,37.130001068115234,0.0,0.0,0.0,0.0
2025-01-29 ,PETR4,36.900001525878906,36.900001525878906,0.0,0.0,0.0,0.0
2025-01-30 ,PETR4,37.38999938964844,37.38999938964844,0.0,0.0,0.0,0.0
2025-01-31 ,PETR4,37.68999862670898,37.68999862670898,38.369998931884766,37.25,37.38999938964844,37023300.0
2025-02-03 ,PETR4,37.5,37.5,0.0,0.0,0.0,0.0
2025-02-04 ,PETR4,37.130001068115234,37.130001068115234,0.0,0.0,0.0,0.0
2025-02-05 ,PETR4,36.86000061035156,36.86000061035156,0.0,0.0,0.0,0.0
2025-02-06 ,PETR4,36.790000915527344,36.790000915527344,0.0,0.0,0.0,0.0
2025-02-07 ,PETR4,36.58000183105469,36.58000183105469,37.02999877929688,36.369998931884766,36.86000061035156,21429000.0
2025-02-10 ,PETR4,36.83000183105469,36.83000183105469,0.0,0.0,0.0,0.0
2025-02-11 ,PETR4,36.83000183105469,36.83000183105469,0.0,0.0,0.0,0.0
2025-02-12 ,PETR4,36.27999877929688,36.27999877929688,0.0,0.0,0.0,0.0
2025-02-13 ,PETR4,36.31999969482422,36.31999969482422,0.0,0.0,0.0,0.0
2025-02-14 ,PETR4,37.43999862670898,37.43999862670898,37.58000183105469,36.400001525878906,36.43999862670898,40203500.0
2025-02-17 ,PETR4,37.66999816894531,37.66999816894531,0.0,0.0,0.0,0.0
